id,type,source,text,entity_id,entity_name,date,report_year,report_type,title,file_name,file_path,news_source,url,publish_time,chunk_index,total_chunks,section,page,page_start,page_end,table_name
UNKNOWN_SH_news_https_news_google_com_rss_articles_CBMij_f6f8eb79_chunk_0,news,news,"华为乾崑的棋盘上,界与境狭路相逢 &nbsp;&nbsp; 21财经",UNKNOWN.SH,UNKNOWN,2026-07-24,,,华为乾崑的棋盘上，界与境狭路相逢 - 21财经,,,google_news,https://news.google.com/rss/articles/CBMijAFBVV95cUxPbFF0UGhDZkFPSGM5bElUZm5Na1ZSdnluVjY0aEtOZWJBc0VPdktJTl9wcFg1VnpfOFFkblJsY2JEb2Jfd1E4VUhSdHlXd2pQM0ZIVG5uNkpxMkV2VVBUN2h5aFpQeG1Nem9Oek4ycVhvV2liQ0JqcFNPRHpzdzR5QkxHMkxDek1rSTVJbg?oc=5,2026-07-24 06:44:00,0,1,,0,0,0,
UNKNOWN_SH_news_https_news_google_com_rss_articles_CBMij_827d454c_chunk_0,news,news,"利空突袭!全球资本市场震荡,机会在哪里? &nbsp;&nbsp; 21财经",UNKNOWN.SH,UNKNOWN,2026-07-24,,,利空突袭！全球资本市场震荡，机会在哪里？ - 21财经,,,google_news,https://news.google.com/rss/articles/CBMijAFBVV95cUxNZHVCb3dHOHoydjM5NEVsRElvZ0tEYUtnMW5sUWZiQkxpS0JJRXVNZ01JNnZVVGgyeWdIenhVclY3WmRWaFY3c0dMbzF1SzF6aDdyUkcyTkQ2al84bFhlejNKUVIzNE5jSFBIVGlueG5EaVo4cldVYWJDbTE1M0thMVI0TG9IeTVrTnNsdw?oc=5,2026-07-24 06:28:00,0,1,,0,0,0,
688825_SH_news_https_news_google_com_rss_articles_CBMiV_10ad741d_chunk_0,news,news,"财经对话:长鑫科技27日上市,股价将如何演绎?(朱琦) &nbsp;&nbsp; 第一财经",688825.SH,长鑫科技,2026-07-24,,,财经对话：长鑫科技27日上市，股价将如何演绎？（朱琦） - 第一财经,,,google_news,https://news.google.com/rss/articles/CBMiVEFVX3lxTE8tVHBBMlVKN3ZtMndsYTNFOFgwX1VQNVp3VjdvVnd2SkE2aDBPandadUY1M2tTNnp2WGg5TnZWSHYzcWdKUThjRHBjNVdxNjdNYmxuTg?oc=5,2026-07-24 06:27:46,0,1,,0,0,0,
UNKNOWN_SH_news_https_news_google_com_rss_articles_CBMif_bcc2f909_chunk_0,news,news,从“出劳力”到“出技术”——东营职业学院财经商贸类专业实践育人探索 &nbsp;&nbsp; 中国日报网,UNKNOWN.SH,UNKNOWN,2026-07-24,,,从“出劳力”到“出技术”——东营职业学院财经商贸类专业实践育人探索 - 中国日报网,,,google_news,https://news.google.com/rss/articles/CBMifEFVX3lxTE9OcDI5eFdUYmZOZ2tzVVNadVM5UE1keTY0OHNEYkFOLXY1T3RjNjFHYmxIa0xFWVRBRXZnUmZ2anhWNmxfbHl6bURsSi1kTDBwNXhfczhsWVR1SGJQWHRBdkVHaS1vYndzMW1HOThuYXJuUkhrcFU2dDllU28?oc=5,2026-07-24 06:26:35,0,1,,0,0,0,
UNKNOWN_SH_news_https_news_google_com_rss_articles_CBMij_dd559617_chunk_0,news,news,TVB宣布正式更名 &nbsp;&nbsp; 21财经,UNKNOWN.SH,UNKNOWN,2026-07-24,,,TVB宣布正式更名 - 21财经,,,google_news,https://news.google.com/rss/articles/CBMijAFBVV95cUxNeEVKc2Rwa0FsMHV4N1dSb2RNZlI2dTRvQU42bFNWWVVBVzdYa2R6dTVzNlJoTmlkRERCdElyZEZCcU9ONzEyaHEzMzZkTTFTOWg4NFlNZjdLZFd5X1JHTVU1Tm4tS1JERjJxVlYxRGhQaGw4TjFhVnZqcjg5YUk1QkcxWnZPX0FLaXNqYw?oc=5,2026-07-24 06:26:00,0,1,,0,0,0,
UNKNOWN_SH_news_https_news_google_com_rss_articles_CBMij_83582fbb_chunk_0,news,news,【财经分析】“停不下来的”美国关税 &nbsp;&nbsp; 搜狐网,UNKNOWN.SH,UNKNOWN,2026-07-24,,,【财经分析】“停不下来的”美国关税 - 搜狐网,,,google_news,https://news.google.com/rss/articles/CBMijAFBVV95cUxONzF5NEQ2Umt6TGNsakFpWUQ4dTFybktza0lEYWs5bWFOcmo5LWRzN0Y5U2k5ZF92dFk2VzhOREE1YU1rTlF3Wm9FXzRjQ0h6T2p5SEZtTTFYNV9qdVN5MUUtYnZxQXhtVVg5eGJscFBWNVJzTDRrQVU1VkJ0cWc5eUtkdEVtUTVrNHdUTg?oc=5,2026-07-24 06:22:40,0,1,,0,0,0,
UNKNOWN_SH_news_https_news_google_com_rss_articles_CBMij_6179e686_chunk_0,news,news,时代财经 &nbsp;&nbsp; 时代财经,UNKNOWN.SH,UNKNOWN,2026-07-24,,,时代财经 - 时代财经,,,google_news,https://news.google.com/rss/articles/CBMijgFBVV95cUxPMUN1RDAzUi1QazN1am91cGVub2piREVjWG5YWUZFX09hRUQ5eTgtZDg3SlRjcW1EN3lxRUpQR0dCR0s5cG9Hci1MQVYzNmZfWUpERnM4cXZucXNtOVFVZE5LVGM2T1dTNEplQ3VZUnJWUmp1WndQTlBpLU9yQWdjQTh5TGFBV2dzcUpKNk1R?oc=5,2026-07-24 06:11:00,0,1,,0,0,0,
UNKNOWN_SH_news_https_news_google_com_rss_articles_CBMij_142e7be2_chunk_0,news,news,"人气龙头,7连板! &nbsp;&nbsp; 21财经",UNKNOWN.SH,UNKNOWN,2026-07-24,,,人气龙头，7连板！ - 21财经,,,google_news,https://news.google.com/rss/articles/CBMijAFBVV95cUxNbnpPWi1TalpjaEVJR083c2lsMzlDYnJsVk1UNjBPTFJGaG9zaDhGcWpKMGNEdGJheF9NMDQ1YW9tRjN6WUR0VjEwbUlqYU8tVDZlbXJGbjVTTjhuQ3cwNFZ5Rm80WUJUcWVWcTdCME5qcUNXbTZWWUl4VVRvcGF0RzFPRmZKTERhalNkeQ?oc=5,2026-07-24 04:49:00,0,1,,0,0,0,
UNKNOWN_SH_news_https_news_google_com_rss_articles_CBMiZ_9a0b1545_chunk_0,news,news,南方财经全媒体集团 &nbsp;&nbsp; 南方财经,UNKNOWN.SH,UNKNOWN,2026-07-24,,,南方财经全媒体集团 - 南方财经,,,google_news,https://news.google.com/rss/articles/CBMiZkFVX3lxTE5BUTUxSDZJYUJkbU1nLTUxQWJ3SVhxOW1OWDRyaFdiVGhwVklOaHRZd2dCUTc2SldxdXJfVkgycU1rZHFIV0hXZ3g0V18tMjR4cFZoV2Iwdm1ZRnMyai15NUhObjVRdw?oc=5,2026-07-24 04:32:22,0,1,,0,0,0,
UNKNOWN_SH_news_https_news_google_com_rss_articles_CBMij_2de37044_chunk_0,news,news,"WAIC观察|Token工厂涌现,下个风口“卖Token”? &nbsp;&nbsp; 21财经",UNKNOWN.SH,UNKNOWN,2026-07-24,,,WAIC观察｜Token工厂涌现，下个风口“卖Token”？ - 21财经,,,google_news,https://news.google.com/rss/articles/CBMijAFBVV95cUxOc0o4eXpJN1dRVUEtd05WeVN1ZzgtNEQwR05sZHBueDdyS2Vhc1JVQzhUemNETFlHa1NLTGZJTUFNek91YnI4M2hUaUdYZEJjQi1tWXdISGwtMmVKZWlXenhZN0xnamZGQnlzVHBfOG9KZWZzSV9BYk45U3ZwTTg0WFBFRFdpOGx4WXBLWg?oc=5,2026-07-24 04:32:00,0,1,,0,0,0,
UNKNOWN_SH_news_https_news_google_com_rss_articles_CBMig_d7dd392d_chunk_0,news,news,科创板“试验田”进阶之路 | 《财经》社评 &nbsp;&nbsp; 新浪网,UNKNOWN.SH,UNKNOWN,2026-07-24,,,科创板“试验田”进阶之路 | 《财经》社评 - 新浪网,,,google_news,https://news.google.com/rss/articles/CBMiggFBVV95cUxPUjVBQ3RSVk13MVdYNU90MFNFR0J1UWFsQklDTGhWdy1GaEdtMmdsb0Q3U2lLcUU4a3BmX1VNUDFCdGhyaENTVkQ4aWpxdzBGbVpwYWJoQnRQRFZPeV81V2VZVm51SHpNeXhBVXZIRmgzSFpOeGE2WXZUYmNOeEYzVUZR?oc=5,2026-07-24 04:27:38,0,1,,0,0,0,
UNKNOWN_SH_news_https_news_google_com_rss_articles_CBMij_e9071770_chunk_0,news,news,张小龙卸任北京粉笔初心科技公司法定代表人 &nbsp;&nbsp; 21财经,UNKNOWN.SH,UNKNOWN,2026-07-24,,,张小龙卸任北京粉笔初心科技公司法定代表人 - 21财经,,,google_news,https://news.google.com/rss/articles/CBMijAFBVV95cUxNUElva1V5QzFOLUVqX0RidXBWUzdJTUN1TFVpSXEtVXRvN1Z0bFJrTXc4S1FLS3BOTmRLbVp4aS1jZUh1NldJNlNtWGNxZFlHYnVGQnliSWpaMHlUY1lpb21QV09meUR0aXVCZ2k3SC1nZ0NmaG1vUGZCcko0d2tOZ2huc2tqM3JxN3dhNQ?oc=5,2026-07-24 04:24:00,0,1,,0,0,0,
UNKNOWN_SH_news_https_news_google_com_rss_articles_CBMil_5b37d162_chunk_0,news,news,港股午评:恒指跌1.27% 科指跌1.69% 科网股、黄金股普跌 PCB概念股下挫 阿里巴巴跌超5% &nbsp;&nbsp; 新浪财经,UNKNOWN.SH,UNKNOWN,2026-07-24,,,港股午评：恒指跌1.27% 科指跌1.69% 科网股、黄金股普跌 PCB概念股下挫 阿里巴巴跌超5% - 新浪财经,,,google_news,https://news.google.com/rss/articles/CBMilgFBVV95cUxNSkRmclBybHpWVzdlQW04Z1VGUW9ISFNhU0VHRE9tZGk4Zk1abUpDOG9Tdmw1eDJ5T2lRdk8waWZCSW1MckdPd0E1STktVzAtQ3kzaHpWemFWbDlad0NjLUhoOEVtWHotck9DLUc4U3RxTGkyMVhnRm9neHNaQU1xTVBVcUZJd1ZCQ0t1ZHY0UmlwTUF3bWc?oc=5,2026-07-24 04:00:00,0,1,,0,0,0,
300059_SZ_news_https_news_google_com_rss_articles_CBMiZ_67b79185_chunk_0,news,news,高新兴中标信阳电动车“一车一码”登记管理平台项目 &nbsp;&nbsp; 东方财富,300059.SZ,东方财富,2026-07-24,,,高新兴中标信阳电动车“一车一码”登记管理平台项目 - 东方财富,,,google_news,https://news.google.com/rss/articles/CBMiZkFVX3lxTE1OeklVUExpYlNaNGpWdGdQcmRvYUQzSzFzbUxCUDJNQktKb1lISVdxS19ZamdoMWRLb0FOWWxxV3pQTnRNSnA0WWFYbmNwVFpzWEtEbWc1WDZjdXE2SmhkcFdVZ3BqZw?oc=5,2026-07-24 03:43:03,0,1,,0,0,0,
UNKNOWN_SH_news_https_news_google_com_rss_articles_CBMiZ_cc897a43_chunk_0,news,news,南方财经全媒体集团 李益文 2026-07-24 10:59:56 &nbsp;&nbsp; 南方财经,UNKNOWN.SH,UNKNOWN,2026-07-24,2026,,南方财经全媒体集团 李益文 2026-07-24 10:59:56 - 南方财经,,,google_news,https://news.google.com/rss/articles/CBMiZkFVX3lxTE9KaTNILURZbVdCUmJIS1J4OTRBcVFmQ3VpSzA5TmNIRHdxV004YzR6Q0lNY0tITm9KT2xxRFJFQk5zR2JlOVI4WjZQU0Z5bzRlMGZaNTN3U1praHdKTUk5WFNKbXpyQQ?oc=5,2026-07-24 02:59:56,0,1,,0,0,0,
UNKNOWN_SH_news_https_news_google_com_rss_articles_CBMij_914815ea_chunk_0,news,news,"人民币中间价贬值33个基点,报6.7939 &nbsp;&nbsp; 21财经",UNKNOWN.SH,UNKNOWN,2026-07-24,,,人民币中间价贬值33个基点，报6.7939 - 21财经,,,google_news,https://news.google.com/rss/articles/CBMijAFBVV95cUxNQUNGSFFJaGJJQ3huT2dqdmhRTzQ0cVYyRVlBVGlpRjJKVllNMjczT0h6QUZRVDdQbENzYkxwZHYyYmhQakptSW9zSzF2b2FORmozWGVsaVRWWUlKUTBDa0RUejlSdVNvajdvOGNSU2Y3WndMVFk2X0JwVGl3bjg1ZDEzQVVzU2VoQVlRZg?oc=5,2026-07-24 02:45:00,0,1,,0,0,0,
UNKNOWN_SH_news_https_news_google_com_rss_articles_CBMij_5b3599c9_chunk_0,news,news,美国无视规则对贸易伙伴征收新关税 &nbsp;&nbsp; 21财经,UNKNOWN.SH,UNKNOWN,2026-07-24,,,美国无视规则对贸易伙伴征收新关税 - 21财经,,,google_news,https://news.google.com/rss/articles/CBMijAFBVV95cUxPMUNmVjhFWlUzSlFyUHZ0SlgtRUtzUjRSbFJ3QTBCMmQxNEU5dUJRWXVaOUhpWFh6V0VvRDFsaU9qSVJhVUxHVjdZcWc4OGt0cnZlY0VnRkh5NGFjdEJEVnNtRWFzR29LSV8tek5FN0ljZlBvX2wzbEdfV0ZhWldmQUxkOHJTUGJqbkVZdQ?oc=5,2026-07-24 02:39:00,0,1,,0,0,0,
UNKNOWN_SH_news_https_news_google_com_rss_articles_CBMij_5681f788_chunk_0,news,news,"财经大V知识付费,缘何极易碰撞合规暗礁 &nbsp;&nbsp; 21财经",UNKNOWN.SH,UNKNOWN,2026-07-24,,,财经大V知识付费，缘何极易碰撞合规暗礁 - 21财经,,,google_news,https://news.google.com/rss/articles/CBMijAFBVV95cUxPekgzLXBXRUd5U3B1TkhtSEZEMjJOaVgtUEJ4OTNEdzJZc3Q2TEtDUjBjYXhQOWZYWjVob0RWOHBrOEVvNUFKd1FHa185SndiaU84akxqbkN0VFRaUTE5R3Ytb2JBby1WNnJBQXNJQmpJeUwzTUY3dnpoV1FObi1hTy1MZms2dmdKLWhWQg?oc=5,2026-07-24 02:20:00,0,1,,0,0,0,
UNKNOWN_SH_news_https_news_google_com_rss_articles_CBMim_497a8d73_chunk_0,news,news,更加积极的财政政策促进经济平稳运行(锐财经·年中经济观察8) &nbsp;&nbsp; 新浪财经,UNKNOWN.SH,UNKNOWN,2026-07-24,,,更加积极的财政政策促进经济平稳运行（锐财经·年中经济观察⑧） - 新浪财经,,,google_news,https://news.google.com/rss/articles/CBMimAFBVV95cUxPZ1dYVDRYdHFmNnpTeWpzR1JNRExhdDlVenNYTGI1MGloN3BRdEtuYkQ2eWxRSlRwTmhFdzVyQW5JeXdyM1ZhS19pNEhZaXREUVJaZnBuTWV4Q1dmaHRvVXNpV2lBZ2hDRm55eFlkU09VclJDMFpqN1dMcjJ6YTlUYzh1b1RybzhvWE91UTBRaUNvSUEwZ1lZWQ?oc=5,2026-07-24 02:10:13,0,1,,0,0,0,
688825_SH_news_https_news_google_com_rss_articles_CBMij_33468cde_chunk_0,news,news,"上市时间确定!长鑫科技,发出提醒 &nbsp;&nbsp; 21财经",688825.SH,长鑫科技,2026-07-24,,,上市时间确定！长鑫科技，发出提醒 - 21财经,,,google_news,https://news.google.com/rss/articles/CBMijAFBVV95cUxQOUlsd1ltNFVhYkk5ZnVuTnN1dVhadjlVbkVNMW9zZl9aYVVBSHRaUEJuRUhxSHcxSWxUemZKWnlLTExxZnJXUkN2cFZKRlI5aE5Jbi1ENG5nVWV3Q3hyb0Rhcm9wc1F1cU1nMzktdTJmMU96RUxEWThGYTNCSzNWemVBal92Rl9nVjgxbQ?oc=5,2026-07-24 01:58:00,0,1,,0,0,0,
UNKNOWN_SH_news_https_news_google_com_rss_articles_CBMig_a5611087_chunk_0,news,news,拆解“中国冲击2.0”这套虚假叙事- 中国日报网 &nbsp;&nbsp; China Daily,UNKNOWN.SH,UNKNOWN,2026-07-24,,,拆解“中国冲击2.0”这套虚假叙事- 中国日报网 - China Daily,,,google_news,https://news.google.com/rss/articles/CBMiggFBVV95cUxOYThKb29uOVZnQlltVnJBNzVZZUZEaDF6NTk0RUFHbHFWdGx5Tm90c3BsUEljMm1yYmcyemtPMGVRc1VCSEtWblVhek11VUcxS3VMc3FOVEV4TjdCaU9kWFBMUU9FV3FiVDF2UjJ1R09QYmpZRjBILU8wejVVclVTN2xB?oc=5,2026-07-24 01:54:40,0,1,,0,0,0,
UNKNOWN_SH_news_https_news_google_com_rss_articles_CBMij_b8d1af8a_chunk_0,news,news,日本核心CPI连续58个月上涨 &nbsp;&nbsp; 21财经,UNKNOWN.SH,UNKNOWN,2026-07-24,,,日本核心CPI连续58个月上涨 - 21财经,,,google_news,https://news.google.com/rss/articles/CBMijAFBVV95cUxQc25Xb3JocUVfdkNIU2Jua0FxV0wtd1FVZWZyRjNzTEt2cWJqM3I5X0U0MjJ2ekRqam5jSXVVdGh1eWJQbTEzeG9KMXpLNXRKbktsYzRZd25SX3lsbnp4elhES2JwcEl2WXd2d1RMbnRUME1rNW0xZVRNNlVaTzNrc1pxeDVTdHFzT3RZbA?oc=5,2026-07-24 01:36:00,0,1,,0,0,0,
UNKNOWN_SH_news_https_news_google_com_rss_articles_CBMij_a0a239d9_chunk_0,news,news,【环球财经】沙特油轮遭袭加剧担忧 国际油价突破100美元 &nbsp;&nbsp; 21财经,UNKNOWN.SH,UNKNOWN,2026-07-24,,,【环球财经】沙特油轮遭袭加剧担忧 国际油价突破100美元 - 21财经,,,google_news,https://news.google.com/rss/articles/CBMijAFBVV95cUxNWTZscjZIaEpsYjhLdzlzRmN5VlZRa3l5MTlZVXN3djlTdTJhRHVEMlAxTkZ6dzEtZ1dqNUhmeFpBYXNPYjcxWncybXFBWjNXODh5WmZVR29sWjBkVXUxMW9wRWpmZncySzZZd2ViYnE0eHlFMHhiZ3FtWFA1WS0zMDVueDZKdENTRWZDOQ?oc=5,2026-07-24 00:03:00,0,1,,0,0,0,
UNKNOWN_SH_news_https_news_google_com_rss_articles_CBMia_cd2bed0b_chunk_0,news,news,【环球财经】美国公布新关税措施 24日生效 &nbsp;&nbsp; 中国金融信息网,UNKNOWN.SH,UNKNOWN,2026-07-23,,,【环球财经】美国公布新关税措施 24日生效 - 中国金融信息网,,,google_news,https://news.google.com/rss/articles/CBMiakFVX3lxTE5GaUZsWjNmU3pid3JCY0lqSklta19BWTlIbE8yS293cDdHVW93V0t4QkI5N3Nzc1Nxb19GbWxTR1V0bmtWa2h4alpnVnBLS1JCYkdMTFUzMm1XcTV5R2JndlJYczhMN25HeXc?oc=5,2026-07-23 23:20:00,0,1,,0,0,0,
UNKNOWN_SH_news_https_news_google_com_rss_articles_CBMiY_fbed243a_chunk_0,news,news,财经早知道|美国公布新关税措施 24日生效 &nbsp;&nbsp; 财新,UNKNOWN.SH,UNKNOWN,2026-07-23,,,财经早知道｜美国公布新关税措施 24日生效 - 财新,,,google_news,https://news.google.com/rss/articles/CBMiYkFVX3lxTE13RWFoQlhEdGJIMzFId0xZVERRaElSR054T1MzbkNiNUtnRlBxM25maDY2LUJrUDRSa1FIcWRwa2xmY0YtdkxuYjAzeVFXNEZtR05yQWZKdmhRRnBDVW5WcnJn?oc=5,2026-07-23 22:47:00,0,1,,0,0,0,
UNKNOWN_SH_news_https_news_google_com_rss_articles_CBMih_4cb83da6_chunk_0,news,news,英特尔Q2营收同比增长25% GAAP转亏为盈与非GAAP表现超预期 资本开支增加 &nbsp;&nbsp; 新浪财经,UNKNOWN.SH,UNKNOWN,2026-07-23,,Q2,英特尔Q2营收同比增长25% GAAP转亏为盈与非GAAP表现超预期 资本开支增加 - 新浪财经,,,google_news,https://news.google.com/rss/articles/CBMihwFBVV95cUxPR1h4bG1lbW1KaEMzQld0RGM4MmxxQ0piVmRFb0xSTUNTMkFVbUxMVWZMLWFlWk5fVC1oN3lMSWwxbWdNWDRqMm9BT3prZS0zZE4xX01LcTI5djJtSmhJZ2hQdGF0d3ExU2hrcWpMTHpxUzlhbzRBVmFfbUpqMm1heE1oM1pXUVk?oc=5,2026-07-23 20:24:00,0,1,,0,0,0,
UNKNOWN_SH_news_https_news_google_com_rss_articles_CBMia_2c5409c6_chunk_0,news,news,【环球财经】道达尔能源上半年业绩明显增长 &nbsp;&nbsp; 中国金融信息网,UNKNOWN.SH,UNKNOWN,2026-07-23,,,【环球财经】道达尔能源上半年业绩明显增长 - 中国金融信息网,,,google_news,https://news.google.com/rss/articles/CBMiakFVX3lxTE9aNFhvTnFPd0thVlp6MjNaM2p5RW9rQTlFNE1PRG05STVFRlowbDc1TVlVQjJSTWRsMlBTRGFSeEdtbzB0RlpTRFo1czhZUVZsWmM5YzBSRUQ4eGtqZ05nRnA0M2hpMDM5VUE?oc=5,2026-07-23 12:06:00,0,1,,0,0,0,
300059_SZ_news_https_news_google_com_rss_articles_CBMiY_9668dc3d_chunk_0,news,news,东方财富财经早餐 7月24日周五 &nbsp;&nbsp; 东方财富,300059.SZ,东方财富,2026-07-23,,,东方财富财经早餐 7月24日周五 - 东方财富,,,google_news,https://news.google.com/rss/articles/CBMiYEFVX3lxTE1oYjBuZHlFSDdXYWlQTFM3b0kyaThFaW9CV0RrQjZMZURtbGJvS2Q3d0NQVGQ0WkxyRXpydGZyMnhJbmtKNmkwbEhSUDNPMGZVcHRXX3M1akZFajBKbXJWMA?oc=5,2026-07-23 04:56:48,0,1,,0,0,0,
UNKNOWN_SH_news_https_news_google_com_rss_articles_CBMiZ_01c38d79_chunk_0,news,news,【环球财经】世行官员:美伊战事可能让今年全球经济增速降至1.3% &nbsp;&nbsp; 中国金融信息网,UNKNOWN.SH,UNKNOWN,2026-07-22,,,【环球财经】世行官员：美伊战事可能让今年全球经济增速降至1.3% - 中国金融信息网,,,google_news,https://news.google.com/rss/articles/CBMiZ0FVX3lxTE1MYXV6ellZaFBMSVVCQTY1NmNoci1DY0ZkNlRrUTBpM0pWLTZXaU5FQzJoQ2lZVFZ0b0diM0ZuSUtzdFd3OFpfbVhURzNnemNtODFnVHUxUkNtalZ6VEZnT0FrREdSSWs?oc=5,2026-07-22 12:44:00,0,1,,0,0,0,
UNKNOWN_SH_news_https_news_google_com_rss_articles_CBMiY_685ac680_chunk_0,news,news,财经早知道|证监会主席吴清与投资者代表座谈 促进市场稳定健康发展 &nbsp;&nbsp; 财新,UNKNOWN.SH,UNKNOWN,2026-07-20,,,财经早知道｜证监会主席吴清与投资者代表座谈 促进市场稳定健康发展 - 财新,,,google_news,https://news.google.com/rss/articles/CBMiYkFVX3lxTE1xYUppd0txTUlFY1Rac2FJU09sQWxtNFZCYnZjaVgxc2otVXc5M280RFhfV2QwWFVtaUFVMU44TzczUW8yRUVHYUVXcHdBT2twLW9pU2NmN3pYd0dMaU82UjhB?oc=5,2026-07-20 22:54:00,0,1,,0,0,0,
600036_SH_pdf_招商银行2025半年报_pdf_e6770b40_chunk_0,pdf,pdf,"2025年半年度報告
A 股股票代碼:600036
招商銀行股份有限公司
招商银行股份有限公司
2025年半年度报告(A股)
1
目录
目录
2
释义
2",600036.SH,招商银行,2025-06-30,2025,半年报,招商银行2025半年报,招商银行2025半年报.pdf,C:\Users\Administrator\Desktop\financial-poc\data\raw\pdf\招商银行2025半年报.pdf,,,,0,679,其他,1,1,2,
600036_SH_pdf_招商银行2025半年报_pdf_e6770b40_chunk_1,pdf,pdf,"重大风险提示
2
备查文件目录
3
重要提示
4
第一章 公司基本情况
6
第二章 会计数据和财务指标摘要
10",600036.SH,招商银行,2025-06-30,2025,半年报,招商银行2025半年报,招商银行2025半年报.pdf,C:\Users\Administrator\Desktop\financial-poc\data\raw\pdf\招商银行2025半年报.pdf,,,,1,679,风险提示,2,2,2,
600036_SH_pdf_招商银行2025半年报_pdf_e6770b40_chunk_2,pdf,pdf,"第三章 管理层讨论与分析
10
3.1 总体经营情况分析
11",600036.SH,招商银行,2025-06-30,2025,半年报,招商银行2025半年报,招商银行2025半年报.pdf,C:\Users\Administrator\Desktop\financial-poc\data\raw\pdf\招商银行2025半年报.pdf,,,,2,679,管理层讨论,2,2,2,
600036_SH_pdf_招商银行2025半年报_pdf_e6770b40_chunk_3,pdf,pdf,"3.2 利润表分析
17",600036.SH,招商银行,2025-06-30,2025,半年报,招商银行2025半年报,招商银行2025半年报.pdf,C:\Users\Administrator\Desktop\financial-poc\data\raw\pdf\招商银行2025半年报.pdf,,,,3,679,利润表,2,2,2,利润表
600036_SH_pdf_招商银行2025半年报_pdf_e6770b40_chunk_4,pdf,pdf,"3.3 资产负债表分析
22
3.4 贷款质量分析
28
3.5 资本充足情况分析
32
3.6 分部经营业绩
32
3.7 根据监管要求披露的其他财务信息
33
3.8 发展战略实施情况
37
3.9 经营中关注的重点问题
43
3.10 业务运作
55
3.11 风险管理
60
3.12 前景展望与应对措施
61
第四章 环境、社会与治理(ESG)
71
第五章 公司治理
77
第六章 重要事项
80
第七章 股份变动及股东情况
85
第八章 财务报告
招商银行股份有限公司
2025年半年度报告(A股)
2
释义",600036.SH,招商银行,2025-06-30,2025,半年报,招商银行2025半年报,招商银行2025半年报.pdf,C:\Users\Administrator\Desktop\financial-poc\data\raw\pdf\招商银行2025半年报.pdf,,,,4,679,资产负债表,2,2,3,资产负债表
600036_SH_pdf_招商银行2025半年报_pdf_e6770b40_chunk_5,pdf,pdf,"释义 / 重大风险提示 / 备查文件目录
重大风险提示
本公司、本行、招行、招商银行:
招商银行股份有限公司
本集团:
招商银行及其子公司
中国证监会:
中国证券监督管理委员会
香港联交所:
香港联合交易所有限公司
香港上市规则:
香港联交所证券上市规则
招商永隆银行:
招商永隆银行有限公司
招商永隆集团:
招商永隆银行及其子公司
招银金租:
招银金融租赁有限公司
招银国际:
招银国际金融控股有限公司
招银理财:
招银理财有限责任公司
招商基金:
招商基金管理有限公司
招商信诺资管:
招商信诺资产管理有限公司
招银欧洲:
招商银行(欧洲)有限公司
招银投资:
招银金融资产投资有限公司(筹)
招商信诺:
招商信诺人寿保险有限公司
招联消金:
招联消费金融股份有限公司
招银云创:
招银云创信息技术有限公司
本公司间接持有其100%股权
招银网络科技:
招银网络科技(深圳)有限公司
本公司间接持有其100%股权
安永华明会计师事务所:
安永华明会计师事务所(特殊普通合伙)
公司章程:
招商银行股份有限公司章程
本公司已在本报告中详细描述存在的主要风险及采取的应对措施,详情请参阅第三章有关风险",600036.SH,招商银行,2025-06-30,2025,半年报,招商银行2025半年报,招商银行2025半年报.pdf,C:\Users\Administrator\Desktop\financial-poc\data\raw\pdf\招商银行2025半年报.pdf,,,,5,679,风险提示,3,3,7,
600036_SH_pdf_招商银行2025半年报_pdf_e6770b40_chunk_6,pdf,pdf,"有其100%股权
安永华明会计师事务所:
安永华明会计师事务所(特殊普通合伙)
公司章程:
招商银行股份有限公司章程
本公司已在本报告中详细描述存在的主要风险及采取的应对措施,详情请参阅第三章有关风险管理的内容。
载有法定代表人、行长、财务负责人、会计机构负责人签名并盖章的财务报表。
报告期内公开披露过的所有本公司文件的正本及公告的原稿。
在香港交易及结算所有限公司网站披露的定期报告。
备查文件目录
招商银行股份有限公司
2025年半年度报告(A股)
3
重要提示
重要提示
1.
本公司董事会、监事会及董事、监事和高级管理人员保证本报告内容的真实、准确、完整,不存在虚假记载、误
导性陈述或重大遗漏,并承担个别和连带的法律责任。
2.
本公司于2025年8月29日召开董事会会议,审议通过了本报告。本公司全体董事出席了会议。
3.
本公司2025年度中期利润分配计划已经本公司2024年度股东大会批准,后续将由董事会根据股东大会批准的各
项内容具体实施本次中期利润分配。2025年度中期利润分配现金分红时间为2026年1月至2月之间,具体现金分
红日期及股权登记日本公司将另行公告。
4.
本报",600036.SH,招商银行,2025-06-30,2025,半年报,招商银行2025半年报,招商银行2025半年报.pdf,C:\Users\Administrator\Desktop\financial-poc\data\raw\pdf\招商银行2025半年报.pdf,,,,6,679,风险提示,3,3,7,
600036_SH_pdf_招商银行2025半年报_pdf_e6770b40_chunk_7,pdf,pdf,"会批准,后续将由董事会根据股东大会批准的各
项内容具体实施本次中期利润分配。2025年度中期利润分配现金分红时间为2026年1月至2月之间,具体现金分
红日期及股权登记日本公司将另行公告。
4.
本报告中财务报告未经审计。本公司按照中国会计准则编制的2025年中期财务报告已经安永华明会计师事务所
审阅,按照国际财务报告会计准则编制的2025年中期财务报告已经安永会计师事务所审阅。
5.
本报告除特别说明外,货币币种为人民币。
6.
本公司董事长缪建民,行长兼首席执行官王良,副行长、财务负责人和董事会秘书彭家文及会计机构负责人孙智
华保证本报告中财务报告的真实、准确、完整。
7.
本报告包含若干对本集团财务状况、经营业绩及业务发展的展望性陈述。报告中使用诸如“将”“可能”“有
望”“力争”“努力”“计划”“预计”“目标”及类似字眼以表达展望性陈述。这些陈述是基于现行计划、估计及预
测而作出,虽然本集团相信这些展望性陈述中所反映的期望是合理的,但本集团不能保证这些期望被实现或将会
证实为正确,故不构成本集团的实质承诺,投资者不应对其过分依赖并应注意投资风险。务请注意,这些展望性
陈述与日后",600036.SH,招商银行,2025-06-30,2025,半年报,招商银行2025半年报,招商银行2025半年报.pdf,C:\Users\Administrator\Desktop\financial-poc\data\raw\pdf\招商银行2025半年报.pdf,,,,7,679,风险提示,3,3,7,
600036_SH_pdf_招商银行2025半年报_pdf_e6770b40_chunk_8,pdf,pdf,"虽然本集团相信这些展望性陈述中所反映的期望是合理的,但本集团不能保证这些期望被实现或将会
证实为正确,故不构成本集团的实质承诺,投资者不应对其过分依赖并应注意投资风险。务请注意,这些展望性
陈述与日后事件或本集团日后财务、业务或其他表现有关,并受若干可能会导致实际结果出现重大差异的不确定
因素的影响。
招商银行股份有限公司
2025年半年度报告(A股)
4
公司基本情况
第一章 公司基本情况
1.1 公司基本情况
1.1.1 法定中文名称:招商银行股份有限公司(简称:招商银行)
法定英文名称:China Merchants Bank Co., Ltd.
1.1.2 法定代表人:缪建民
授权代表:王良、彭家文
董事会秘书:彭家文
联席公司秘书:彭家文、何咏紫
证券事务代表:夏样芳
1.1.3 注册及办公地址:中国广东省深圳市福田区深南大道7088号
1.1.4 联系方式:
地址:中国广东省深圳市福田区深南大道7088号
邮政编码:518040
联系电话:+86 755 8319 8888
传真:+86 755 8319 5555
电子信箱:cmb@cmbchina.com
互联网网址:w",600036.SH,招商银行,2025-06-30,2025,半年报,招商银行2025半年报,招商银行2025半年报.pdf,C:\Users\Administrator\Desktop\financial-poc\data\raw\pdf\招商银行2025半年报.pdf,,,,8,679,风险提示,3,3,7,
600036_SH_pdf_招商银行2025半年报_pdf_e6770b40_chunk_9,pdf,pdf,"圳市福田区深南大道7088号
邮政编码:518040
联系电话:+86 755 8319 8888
传真:+86 755 8319 5555
电子信箱:cmb@cmbchina.com
互联网网址:www.cmbchina.com
客户投诉电话:95555-7
信用卡投诉电话:+86 400 820 5555-7
1.1.5 香港主要营业地址:中国香港中环康乐广场8号交易广场三期31楼
1.1.6 股票上市证券交易所:
A股:上海证券交易所;股票简称:招商银行;股票代码:600036
H股:香港联交所;股票简称:招商银行;股票代码:03968
境内优先股:上海证券交易所;股票简称:招银优1 ;股票代码:360028
1.1.7 国内会计师事务所:安永华明会计师事务所
办公地址:中国北京市东城区东长安街1号东方广场安永大楼17层01-12室
签字注册会计师:冯所腾、范勋
国际会计师事务所:安永会计师事务所
办公地址:中国香港鲗鱼涌英皇道979号太古坊一座27楼
1.1.8 中国内地法律顾问:北京市君合(深圳)律师事务所
香港法律顾问:史密夫斐尔律师事务所
招商银行股份有限公司
2025年",600036.SH,招商银行,2025-06-30,2025,半年报,招商银行2025半年报,招商银行2025半年报.pdf,C:\Users\Administrator\Desktop\financial-poc\data\raw\pdf\招商银行2025半年报.pdf,,,,9,679,风险提示,3,3,7,
600036_SH_pdf_招商银行2025半年报_pdf_e6770b40_chunk_10,pdf,pdf,"永会计师事务所
办公地址:中国香港鲗鱼涌英皇道979号太古坊一座27楼
1.1.8 中国内地法律顾问:北京市君合(深圳)律师事务所
香港法律顾问:史密夫斐尔律师事务所
招商银行股份有限公司
2025年半年度报告(A股)
5
第一章 公司基本情况
1.1.9 A股股票登记处:
中国证券登记结算有限责任公司上海分公司
地址:中国上海市浦东新区杨高南路188号
电话:+86 4008 058 058
H股股票登记及过户处:
香港中央证券登记有限公司
地址:中国香港湾仔皇后大道东183号合和中心17楼1712-1716号铺
电话:+852 2862 8555
境内优先股股票登记处:中国证券登记结算有限责任公司上海分公司
1.1.10 指定的信息披露媒体和网站:
内地:《中国证券报》( www.cs.com.cn )、《证券时报》( www.stcn.com )、《上海证券报》( www.cnstock.com )
上海证券交易所网站( www.sse.com.cn )、本公司网站( www.cmbchina.com )
香港:香港交易及结算所有限公司网站( www.hkex.com.hk )",600036.SH,招商银行,2025-06-30,2025,半年报,招商银行2025半年报,招商银行2025半年报.pdf,C:\Users\Administrator\Desktop\financial-poc\data\raw\pdf\招商银行2025半年报.pdf,,,,10,679,风险提示,3,3,7,
600036_SH_pdf_招商银行2025半年报_pdf_e6770b40_chunk_11,pdf,pdf,"ck.com )
上海证券交易所网站( www.sse.com.cn )、本公司网站( www.cmbchina.com )
香港:香港交易及结算所有限公司网站( www.hkex.com.hk )
本公司网站( www.cmbchina.com )
定期报告备置地点:本公司董事会办公室及本公司主要营业场所
1.2 公司业务概要
本公司成立于1987年,总部位于中国深圳。本公司分支机构主要分布于中国境内中心城市,以及中国香港、纽
约、伦敦、新加坡、卢森堡、悉尼等国际金融中心。2002年4月,本公司在上海证券交易所上市。2006年9月,
本公司在香港联交所上市。
本公司向客户提供批发及零售银行产品和服务,以及自营及代客开展资金业务。本公司推出的许多创新产品和
服务广为市场接受,零售银行服务包括:基于“一卡通” 多功能借记卡、信用卡的账户及支付结算服务,“金
葵花理财”、私人银行等分层分类的财富管理服务,零售信贷服务,以及招商银行App和掌上生活App、“一网
通” 综合网上银行等线上服务;批发银行服务包括:支付结算、财富管理、投融资和数字化服务,现金管理、
科技金融、绿色金融、普惠金融、",600036.SH,招商银行,2025-06-30,2025,半年报,招商银行2025半年报,招商银行2025半年报.pdf,C:\Users\Administrator\Desktop\financial-poc\data\raw\pdf\招商银行2025半年报.pdf,,,,11,679,风险提示,3,3,7,
600036_SH_pdf_招商银行2025半年报_pdf_e6770b40_chunk_12,pdf,pdf,"富管理服务,零售信贷服务,以及招商银行App和掌上生活App、“一网
通” 综合网上银行等线上服务;批发银行服务包括:支付结算、财富管理、投融资和数字化服务,现金管理、
科技金融、绿色金融、普惠金融、养老金融、数字金融、供应链金融和跨境金融服务,资产管理、资产托管和投
资银行等服务。本公司持续深耕客户生活圈和经营圈,为客户供应链、投资链提供定制化、智能化、综合化的解
决方案。
本公司基于内外部形势和自身发展状况,提出成为“创新驱动、模式领先、特色鲜明的最佳价值创造银行” 的
战略愿景。本公司顺应中国式现代化、经济全球化、新一轮科技革命和产业升级的趋势,不断提升服务实体经济
和社会民生的质效,加快“国际化、综合化、差异化、数智化” 转型,努力为客户、员工、股东、合作伙伴、
社会创造更大价值,为中国式现代化建设作出更大贡献。
招商银行股份有限公司
2025年半年度报告(A股)
6
会计数据和财务指标摘要
第二章 会计数据和财务指标摘要",600036.SH,招商银行,2025-06-30,2025,半年报,招商银行2025半年报,招商银行2025半年报.pdf,C:\Users\Administrator\Desktop\financial-poc\data\raw\pdf\招商银行2025半年报.pdf,,,,12,679,风险提示,3,3,7,
600036_SH_pdf_招商银行2025半年报_pdf_e6770b40_chunk_13,pdf,pdf,"2.1 本集团主要会计数据和财务指标
(人民币百万元,特别注明除外)
2025年
1-6月
2024年
1-6月
本期比上年同期
增减(%)
2023年
1-6月
经营业绩
营业收入
169,969
172,945
-1.72
178,460
营业利润
88,952
89,664
-0.79
90,879
利润总额
88,906
89,641
-0.82
90,884
净利润
75,405
75,379
0.03
76,437
归属于本行股东的净利润
74,930
74,743
0.25
75,752
扣除非经常性损益后归属于本行股东的净利润
74,819
74,624
0.26
75,488
经营活动产生的现金流量净额
134,461
108,180
24.29
94,352
每股计(人民币元)
归属于本行普通股股东的基本每股收益(1)
2.89
2.89
–
2.93
归属于本行普通股股东的稀释每股收益
2.89
2.89
–
2.93
扣除非经常性损益后归属于本行普通股股东的
基本每股收益
2.89
2.88
0.35
2.91
每股经营活动产生的现金流量净额
5.33
4.29",600036.SH,招商银行,2025-06-30,2025,半年报,招商银行2025半年报,招商银行2025半年报.pdf,C:\Users\Administrator\Desktop\financial-poc\data\raw\pdf\招商银行2025半年报.pdf,,,,13,679,主要会计数据,7,7,11,
600036_SH_pdf_招商银行2025半年报_pdf_e6770b40_chunk_14,pdf,pdf,"股东的稀释每股收益
2.89
2.89
–
2.93
扣除非经常性损益后归属于本行普通股股东的
基本每股收益
2.89
2.88
0.35
2.91
每股经营活动产生的现金流量净额
5.33
4.29
24.24
3.74
财务比率(%)(年化)
归属于本行股东的平均总资产收益率
1.21
1.32
下降0.11个百分点
1.45
归属于本行普通股股东的平均净资产收益率(1)
13.85
15.44
下降1.59个百分点
17.55
归属于本行普通股股东的加权平均净资产收益率
13.85
15.44
下降1.59个百分点
17.55
扣除非经常性损益后归属于本行普通股股东的
加权平均净资产收益率
13.83
15.41
下降1.58个百分点
17.49
招商银行股份有限公司
2025年半年度报告(A股)
7
第二章 会计数据和财务指标摘要
(人民币百万元,特别注明除外)
2025年
6月30日
2024年
12月31日
本期末比
上年末
增减(%)
2023年
12月31日
规模指标
总资产
12,657,151
12,152,036
4.16
11,028,483
贷款和垫款总额(2",600036.SH,招商银行,2025-06-30,2025,半年报,招商银行2025半年报,招商银行2025半年报.pdf,C:\Users\Administrator\Desktop\financial-poc\data\raw\pdf\招商银行2025半年报.pdf,,,,14,679,主要会计数据,7,7,11,
600036_SH_pdf_招商银行2025半年报_pdf_e6770b40_chunk_15,pdf,pdf,"0日
2024年
12月31日
本期末比
上年末
增减(%)
2023年
12月31日
规模指标
总资产
12,657,151
12,152,036
4.16
11,028,483
贷款和垫款总额(2)
7,116,616
6,888,315
3.31
6,508,865
正常贷款
7,050,246
6,822,705
3.34
6,447,286
不良贷款
66,370
65,610
1.16
61,579
贷款损失准备(3)
272,733
270,301
0.90
269,534
总负债
11,360,291
10,918,561
4.05
9,942,754
客户存款总额(2)
9,422,379
9,096,587
3.58
8,155,438
公司活期存款
2,747,953
2,772,365
-0.88
2,644,685
公司定期存款
2,422,201
2,291,188
5.72
2,015,837
零售活期存款
2,060,485
1,980,251
4.05
1,829,612
零售定期存款
2,191,740
2,052,783
6.77
1,665,30",600036.SH,招商银行,2025-06-30,2025,半年报,招商银行2025半年报,招商银行2025半年报.pdf,C:\Users\Administrator\Desktop\financial-poc\data\raw\pdf\招商银行2025半年报.pdf,,,,15,679,主要会计数据,7,7,11,
600036_SH_pdf_招商银行2025半年报_pdf_e6770b40_chunk_16,pdf,pdf,"88
5.72
2,015,837
零售活期存款
2,060,485
1,980,251
4.05
1,829,612
零售定期存款
2,191,740
2,052,783
6.77
1,665,304
归属于本行股东权益
1,289,233
1,226,014
5.16
1,076,370
归属于本行普通股股东的每股净资产
(人民币元)(1)
42.10
41.46
1.54
36.71
资本净额(高级法)
1,374,534
1,311,742
4.79
1,181,487
其中:一级资本净额
1,264,037
1,203,494
5.03
1,057,754
核心一级资本净额
1,036,591
1,023,048
1.32
907,308
二级资本净额
110,497
108,248
2.08
123,733
风险加权资产(高级法下考虑资本底线要求)
7,404,703
6,885,783
7.54
6,608,021
资本净额(权重法)
1,357,875
1,293,801
4.95
1,144,901
其中:一级资本净额
1,264,037
1,203,494
5.03",600036.SH,招商银行,2025-06-30,2025,半年报,招商银行2025半年报,招商银行2025半年报.pdf,C:\Users\Administrator\Desktop\financial-poc\data\raw\pdf\招商银行2025半年报.pdf,,,,16,679,主要会计数据,7,7,11,
600036_SH_pdf_招商银行2025半年报_pdf_e6770b40_chunk_17,pdf,pdf,"5,783
7.54
6,608,021
资本净额(权重法)
1,357,875
1,293,801
4.95
1,144,901
其中:一级资本净额
1,264,037
1,203,494
5.03
1,057,754
核心一级资本净额
1,036,591
1,023,048
1.32
907,308
二级资本净额
93,838
90,307
3.91
87,147
风险加权资产(权重法)
8,697,376
8,227,390
5.71
7,652,723
注:
(1)
有关指标根据《公开发行证券的公司信息披露编报规则第9号-净资产收益率和每股收益的计算及披露》规定计算。计算归属于普通股
股东的基本每股收益、平均净资产收益率、每股净资产等指标时,“归属于本行股东的净利润” 已扣除优先股股息和永续债利息,“平
均净资产” 和“净资产” 扣除优先股和永续债。
(2)
除特别说明,此处及下文相关金融工具项目的余额未包含应计利息。
(3)
此处的贷款损失准备包含以摊余成本计量的贷款和垫款及以公允价值计量且其变动计入其他综合收益的贷款和垫款的损失准备。
(4)
根据《公开发行证券的公司信息披",600036.SH,招商银行,2025-06-30,2025,半年报,招商银行2025半年报,招商银行2025半年报.pdf,C:\Users\Administrator\Desktop\financial-poc\data\raw\pdf\招商银行2025半年报.pdf,,,,17,679,主要会计数据,7,7,11,
600036_SH_pdf_招商银行2025半年报_pdf_e6770b40_chunk_18,pdf,pdf,"相关金融工具项目的余额未包含应计利息。
(3)
此处的贷款损失准备包含以摊余成本计量的贷款和垫款及以公允价值计量且其变动计入其他综合收益的贷款和垫款的损失准备。
(4)
根据《公开发行证券的公司信息披露解释性公告第1号—— 非经常性损益》的规定,报告期内本集团非经常性损益列示如下:
(人民币百万元)
2025年1-6月
2024年1-6月
非经常性损益项目
处置固定资产净损益
9
45
其他净损益
139
110
所得税影响
(35)
(36)
合计
113
119
其中:影响本行股东净利润的非经常性损益
111
119
影响少数股东净利润的非经常性损益
2
–
招商银行股份有限公司
2025年半年度报告(A股)
8
第二章 会计数据和财务指标摘要
2.2 本集团补充财务比率
财务比率(%)
2025年
1-6月
2024年
1-6月
本期比上年同期
增减
2023年
1-6月
盈利能力指标(年化)
净利差(1)
1.79
1.88
下降0.09个百分点
2.12
净利息收益率(2)
1.88
2.00
下降0.12个百分点
2.23
占营业收入百分比
-净利息收入
62.41
60.",600036.SH,招商银行,2025-06-30,2025,半年报,招商银行2025半年报,招商银行2025半年报.pdf,C:\Users\Administrator\Desktop\financial-poc\data\raw\pdf\招商银行2025半年报.pdf,,,,18,679,主要会计数据,7,7,11,
600036_SH_pdf_招商银行2025半年报_pdf_e6770b40_chunk_19,pdf,pdf,"标(年化)
净利差(1)
1.79
1.88
下降0.09个百分点
2.12
净利息收益率(2)
1.88
2.00
下降0.12个百分点
2.23
占营业收入百分比
-净利息收入
62.41
60.39
上升2.02个百分点
61.08
-非利息净收入
37.59
39.61
下降2.02个百分点
38.92
成本收入比(3)
30.11
29.74
上升0.37个百分点
29.07
注:
(1)
净利差=总生息资产平均收益率-总计息负债平均成本率。
(2)
净利息收益率=净利息收入/总生息资产平均余额。
(3)
成本收入比=业务及管理费/营业收入。
资产质量指标(%)
2025年
6月30日
2024年
12月31日
本期末比上年末
增减
2023年
12月31日
不良贷款率
0.93
0.95
下降0.02个百分点
0.95
拨备覆盖率(1)
410.93
411.98
下降1.05个百分点
437.70
贷款拨备率(2)
3.83
3.92
下降0.09个百分点
4.14
2025年
1-6月
2024年
1-6月
本期比上年同期
增减
2023年
1-6月
信用成本(年化)(",600036.SH,招商银行,2025-06-30,2025,半年报,招商银行2025半年报,招商银行2025半年报.pdf,C:\Users\Administrator\Desktop\financial-poc\data\raw\pdf\招商银行2025半年报.pdf,,,,19,679,主要会计数据,7,7,11,
600036_SH_pdf_招商银行2025半年报_pdf_e6770b40_chunk_20,pdf,pdf,"个百分点
437.70
贷款拨备率(2)
3.83
3.92
下降0.09个百分点
4.14
2025年
1-6月
2024年
1-6月
本期比上年同期
增减
2023年
1-6月
信用成本(年化)(3)
0.67
0.77
下降0.10个百分点
0.88
注:
(1)
拨备覆盖率=贷款损失准备/不良贷款余额。
(2)
贷款拨备率=贷款损失准备/贷款和垫款总额。
(3)
信用成本=贷款和垫款信用减值损失/贷款和垫款总额平均值,贷款和垫款总额平均值=(期初贷款和垫款总额+期末贷款和垫款总额)/2。
资本充足率指标(%)(高级法)
2025年
6月30日
2024年
12月31日
本期末比上年末
增减
2023年
12月31日
核心一级资本充足率
14.00
14.86
下降0.86个百分点
13.73
一级资本充足率
17.07
17.48
下降0.41个百分点
16.01
资本充足率
18.56
19.05
下降0.49个百分点
17.88
注:
截至报告期末,本集团权重法下核心一级资本充足率、一级资本充足率和资本充足率分别为11.92%、14.53%和15.61%。
招商银行股份有限",600036.SH,招商银行,2025-06-30,2025,半年报,招商银行2025半年报,招商银行2025半年报.pdf,C:\Users\Administrator\Desktop\financial-poc\data\raw\pdf\招商银行2025半年报.pdf,,,,20,679,主要会计数据,7,7,11,
600036_SH_pdf_招商银行2025半年报_pdf_e6770b40_chunk_21,pdf,pdf,".56
19.05
下降0.49个百分点
17.88
注:
截至报告期末,本集团权重法下核心一级资本充足率、一级资本充足率和资本充足率分别为11.92%、14.53%和15.61%。
招商银行股份有限公司
2025年半年度报告(A股)
9
第二章 会计数据和财务指标摘要
2.3 补充财务指标
主要指标(%)
标准值
2025年
6月30日
2024年
12月31日
2023年
12月31日
流动性比例
人民币
≥25
59.25
59.66
56.24
外币
≥25
133.91
124.47
95.90
流动性覆盖率
≥100
209.22
227.29
198.01
单一最大客户贷款和垫款比例
≤10
2.02
2.06
2.10
前十大客户贷款和垫款比例
/
12.85
12.16
12.33
注:
(1)
以上数据均为本公司口径,根据金融监督管理机构监管口径计算。
(2)
单一最大客户贷款和垫款比例=单一最大客户贷款和垫款/高级法下资本净额。
(3)
前十大客户贷款和垫款比例=前十大客户贷款和垫款/高级法下资本净额。
迁徙率指标(%)
2025年1-6月
(年化)
2024年",600036.SH,招商银行,2025-06-30,2025,半年报,招商银行2025半年报,招商银行2025半年报.pdf,C:\Users\Administrator\Desktop\financial-poc\data\raw\pdf\招商银行2025半年报.pdf,,,,21,679,主要会计数据,7,7,11,
600036_SH_pdf_招商银行2025半年报_pdf_e6770b40_chunk_22,pdf,pdf,"客户贷款和垫款比例=单一最大客户贷款和垫款/高级法下资本净额。
(3)
前十大客户贷款和垫款比例=前十大客户贷款和垫款/高级法下资本净额。
迁徙率指标(%)
2025年1-6月
(年化)
2024年
2024年1-6月
(年化)
2023年
正常类贷款迁徙率
1.63
1.39
1.67
1.21
关注类贷款迁徙率
40.06
35.06
52.97
34.95
次级类贷款迁徙率
122.71
79.04
130.91
74.09
可疑类贷款迁徙率
104.50
60.93
80.70
55.33
注:
以上数据均为本公司口径,根据金融监督管理机构监管口径计算,其中半年度数据经过年化处理。
2.4 境内外会计准则差异
本集团分别根据境内外会计准则计算的2025年1-6月归属于本行股东的净利润和截至2025年6月30日归属于本
行股东的净资产无差异。
招商银行股份有限公司
2025年半年度报告(A股)
10",600036.SH,招商银行,2025-06-30,2025,半年报,招商银行2025半年报,招商银行2025半年报.pdf,C:\Users\Administrator\Desktop\financial-poc\data\raw\pdf\招商银行2025半年报.pdf,,,,22,679,主要会计数据,7,7,11,
600036_SH_pdf_招商银行2025半年报_pdf_e6770b40_chunk_23,pdf,pdf,"管理层讨论与分析
第三章 管理层讨论与分析
3.1 总体经营情况分析
3.1.1 外部经济形势与行业发展情况
2025年上半年,中国经济直面复杂形势和多重挑战,实现平稳增长。外需保持韧性,内需积极接棒,新旧动能
加速转换,以高质量增长的确定性积极应对关税变局的不确定性。
在政策托举、内需持续修复、增长动能改善的背景下,中国银行业总体稳健运行,规模持续稳步增长;但是在
LPR(贷款市场报价利率)下调、有效信贷需求不足等因素的影响下,银行净利息收益率进一步收窄,营业收入压
力仍然较大。尽管面临诸多挑战,银行业坚持高质量发展,积极落实各项宏观政策,不断提升服务实体经济质
效。
3.1.2 经营概要
报告期内,本集团始终坚持“质量、效益、规模” 动态均衡发展理念,以打造价值银行为战略目标,各项业务
稳健开展,资产负债规模稳步增长,经营效益趋势向好,资产质量总体稳定。
报告期内,本集团实现营业收入1,699.69亿元,同比下降1.72% ;实现归属于本行股东的净利润749.30亿元,
同比增长0.25% ;实现净利息收入1,060.85亿元,同比增长1.57% ;实现非利息净收入638.84亿元",600036.SH,招商银行,2025-06-30,2025,半年报,招商银行2025半年报,招商银行2025半年报.pdf,C:\Users\Administrator\Desktop\financial-poc\data\raw\pdf\招商银行2025半年报.pdf,,,,23,679,管理层讨论,11,11,12,
600036_SH_pdf_招商银行2025半年报_pdf_e6770b40_chunk_24,pdf,pdf,",699.69亿元,同比下降1.72% ;实现归属于本行股东的净利润749.30亿元,
同比增长0.25% ;实现净利息收入1,060.85亿元,同比增长1.57% ;实现非利息净收入638.84亿元,同比下降
6.73% ;年化后归属于本行股东的平均总资产收益率(ROAA)和年化后归属于本行普通股股东的平均净资产收益
率(ROAE)分别为1.21%和13.85%,同比分别下降0.11和1.59个百分点。
截至报告期末,本集团资产总额126,571.51亿元,较上年末增长4.16% ;贷款和垫款总额71,166.16亿元,较上
年末增长3.31% ;负债总额113,602.91亿元,较上年末增长4.05% ;客户存款总额94,223.79亿元,较上年末增
长3.58%。
截至报告期末,本集团不良贷款余额663.70亿元,较上年末增加7.60亿元;不良贷款率0.93%,较上年末下降
0.02个百分点;拨备覆盖率410.93%,较上年末下降1.05个百分点;贷款拨备率3.83%,较上年末下降0.09个
百分点。
招商银行股份有限公司
2025年半年度报告(A股)
11
第三章 管理层讨论与",600036.SH,招商银行,2025-06-30,2025,半年报,招商银行2025半年报,招商银行2025半年报.pdf,C:\Users\Administrator\Desktop\financial-poc\data\raw\pdf\招商银行2025半年报.pdf,,,,24,679,管理层讨论,11,11,12,
600036_SH_pdf_招商银行2025半年报_pdf_e6770b40_chunk_25,pdf,pdf,"个百分点;拨备覆盖率410.93%,较上年末下降1.05个百分点;贷款拨备率3.83%,较上年末下降0.09个
百分点。
招商银行股份有限公司
2025年半年度报告(A股)
11
第三章 管理层讨论与分析",600036.SH,招商银行,2025-06-30,2025,半年报,招商银行2025半年报,招商银行2025半年报.pdf,C:\Users\Administrator\Desktop\financial-poc\data\raw\pdf\招商银行2025半年报.pdf,,,,25,679,管理层讨论,11,11,12,
600036_SH_pdf_招商银行2025半年报_pdf_e6770b40_chunk_26,pdf,pdf,"3.2 利润表分析
3.2.1 财务业绩摘要
报告期内,本集团实现利润总额889.06亿元,同比下降0.82%,实际所得税税率15.19%,同比下降0.72个百分
点。下表列出报告期内本集团主要损益项目。
(人民币百万元)
2025年1-6月
2024年1-6月
净利息收入
106,085
104,449
净手续费及佣金收入
37,602
38,328
其他净收入
26,282
30,168
业务及管理费
(51,171)
(51,438)
税金及附加
(1,491)
(1,507)
信用减值损失
(24,623)
(26,928)
其他资产减值损失
(11)
(8)
其他业务成本
(3,721)
(3,400)
营业外收支净额
(46)
(23)
利润总额
88,906
89,641
所得税费用
(13,501)
(14,262)
净利润
75,405
75,379
归属于本行股东的净利润
74,930
74,743
3.2.2 营业收入
报告期内,本集团实现营业收入1,699.69亿元,同比下降1.72%,其中净利息收入占比62.41%,非利息净收入
占比37.59%,同比下降2.",600036.SH,招商银行,2025-06-30,2025,半年报,招商银行2025半年报,招商银行2025半年报.pdf,C:\Users\Administrator\Desktop\financial-poc\data\raw\pdf\招商银行2025半年报.pdf,,,,26,679,利润表,12,12,13,利润表
600036_SH_pdf_招商银行2025半年报_pdf_e6770b40_chunk_27,pdf,pdf,"润
74,930
74,743
3.2.2 营业收入
报告期内,本集团实现营业收入1,699.69亿元,同比下降1.72%,其中净利息收入占比62.41%,非利息净收入
占比37.59%,同比下降2.02个百分点。
招商银行股份有限公司
2025年半年度报告(A股)
12",600036.SH,招商银行,2025-06-30,2025,半年报,招商银行2025半年报,招商银行2025半年报.pdf,C:\Users\Administrator\Desktop\financial-poc\data\raw\pdf\招商银行2025半年报.pdf,,,,27,679,利润表,12,12,13,利润表
600036_SH_pdf_招商银行2025半年报_pdf_e6770b40_chunk_28,pdf,pdf,"第三章 管理层讨论与分析
3.2.3 利息收入
报告期内,本集团实现利息收入1,770.14亿元,同比下降5.84%,主要是因为生息资产收益率下降。贷款和垫
款利息收入仍然是本集团利息收入的最大组成部分。
贷款和垫款利息收入
报告期内,本集团贷款和垫款利息收入1,190.80亿元,同比下降9.93%,主要是受存量房贷利率下调及LPR(贷
款市场报价利率)下降影响。
下表列出所示期间本集团贷款和垫款各组成部分的平均余额(日均余额,下同)、利息收入及平均收益率情况。
2025年1-6月
2024年
2024年1-6月
(人民币百万元,百分比除外)
平均余额
利息收入
年化平均
收益率%
平均余额
利息收入
平均
收益率%
平均余额
利息收入
年化平均
收益率%
公司贷款
2,983,898
43,421
2.93
2,746,039
93,282
3.40
2,728,631
47,396
3.49
零售贷款
3,634,069
73,526
4.08
3,533,131
161,740
4.58
3,489,495
81,771
4.71
票据贴现
337,400
2,133
1.27",600036.SH,招商银行,2025-06-30,2025,半年报,招商银行2025半年报,招商银行2025半年报.pdf,C:\Users\Administrator\Desktop\financial-poc\data\raw\pdf\招商银行2025半年报.pdf,,,,28,679,管理层讨论,13,13,18,
600036_SH_pdf_招商银行2025半年报_pdf_e6770b40_chunk_29,pdf,pdf,".49
零售贷款
3,634,069
73,526
4.08
3,533,131
161,740
4.58
3,489,495
81,771
4.71
票据贴现
337,400
2,133
1.27
387,017
5,551
1.43
401,467
3,047
1.53
贷款和垫款
6,955,367
119,080
3.45
6,666,187
260,573
3.91
6,619,593
132,214
4.02
报告期内,本集团贷款和垫款从期限结构来看,短期贷款平均余额26,974.96亿元,利息收入527.50亿元,年化
平均收益率3.94% ;中长期贷款平均余额42,578.71亿元,利息收入663.30亿元,年化平均收益率3.14%。短期
贷款平均收益率高于中长期贷款平均收益率主要是因为短期贷款中的信用卡贷款和消费贷款收益率及占比相对较
高。
投资利息收入
报告期内,本集团投资利息收入449.33亿元,同比增长8.05%,主要是因为债券投资规模增长;投资年化平均
收益率2.89%,同比下降25个基点,主要是受市场利率下行影响。
存拆放同业和其他金融机构款项利息收入
报告",600036.SH,招商银行,2025-06-30,2025,半年报,招商银行2025半年报,招商银行2025半年报.pdf,C:\Users\Administrator\Desktop\financial-poc\data\raw\pdf\招商银行2025半年报.pdf,,,,29,679,管理层讨论,13,13,18,
600036_SH_pdf_招商银行2025半年报_pdf_e6770b40_chunk_30,pdf,pdf,"投资利息收入449.33亿元,同比增长8.05%,主要是因为债券投资规模增长;投资年化平均
收益率2.89%,同比下降25个基点,主要是受市场利率下行影响。
存拆放同业和其他金融机构款项利息收入
报告期内,本集团存拆放同业和其他金融机构款项利息收入84.14亿元,同比下降9.19%,主要是因为存拆放同
业和其他金融机构款项收益率同比下降。
3.2.4 利息支出
报告期内,本集团利息支出709.29亿元,同比下降15.10%,主要是因为付息负债成本率下降。
客户存款利息支出
报告期内,本集团客户存款利息支出565.19亿元,同比下降15.04%,主要受存款利率下调影响。
招商银行股份有限公司
2025年半年度报告(A股)
13
第三章 管理层讨论与分析
下表列出所示期间本集团公司客户存款及零售客户存款的平均余额、利息支出和平均成本率。
2025年1-6月
2024年
2024年1-6月
(人民币百万元,百分比除外)
平均余额
利息支出
年化平均
成本率%
平均余额
利息支出
平均
成本率%
平均余额
利息支出
年化平均
成本率%
公司客户存款
活期
2,543,886
7,848
0.6",600036.SH,招商银行,2025-06-30,2025,半年报,招商银行2025半年报,招商银行2025半年报.pdf,C:\Users\Administrator\Desktop\financial-poc\data\raw\pdf\招商银行2025半年报.pdf,,,,30,679,管理层讨论,13,13,18,
600036_SH_pdf_招商银行2025半年报_pdf_e6770b40_chunk_31,pdf,pdf,"民币百万元,百分比除外)
平均余额
利息支出
年化平均
成本率%
平均余额
利息支出
平均
成本率%
平均余额
利息支出
年化平均
成本率%
公司客户存款
活期
2,543,886
7,848
0.62
2,488,102
20,762
0.83
2,477,895
11,100
0.90
定期
2,412,901
24,830
2.08
2,305,745
56,547
2.45
2,230,190
28,240
2.55
小计
4,956,787
32,678
1.33
4,793,847
77,309
1.61
4,708,085
39,340
1.68
零售客户存款
活期
1,950,792
791
0.08
1,798,328
3,903
0.22
1,813,666
2,671
0.30
定期
2,132,669
23,050
2.18
1,923,491
49,612
2.58
1,816,056
24,517
2.71
小计
4,083,461
23,841
1.18
3,721,819
53,515
1.44
3,629,722
27,188
1.51
合计
9,04",600036.SH,招商银行,2025-06-30,2025,半年报,招商银行2025半年报,招商银行2025半年报.pdf,C:\Users\Administrator\Desktop\financial-poc\data\raw\pdf\招商银行2025半年报.pdf,,,,31,679,管理层讨论,13,13,18,
600036_SH_pdf_招商银行2025半年报_pdf_e6770b40_chunk_32,pdf,pdf,"8
1,816,056
24,517
2.71
小计
4,083,461
23,841
1.18
3,721,819
53,515
1.44
3,629,722
27,188
1.51
合计
9,040,248
56,519
1.26
8,515,666
130,824
1.54
8,337,807
66,528
1.60
同业和其他金融机构存拆放款项利息支出
报告期内,本集团同业和其他金融机构存拆放款项利息支出95.65亿元,同比下降8.06%,主要是因为同业和其
他金融机构存拆放款项成本率同比下降。
应付债券利息支出
报告期内,本集团应付债券利息支出29.23亿元,同比下降24.66%,主要是因为发行同业存单和金融债规模同
比下降。
3.2.5 净利息收入
报告期内,本集团净利息收入1,060.85亿元,同比增长1.57%。
下表列出所示期间本集团资产负债项目平均余额、利息收入/利息支出及平均收益/成本率情况。
2025年1-6月
2024年
2024年1-6月
(人民币百万元,百分比除外)
平均余额
利息收入
年化平均
收益率%
平均余额
利息收入
平均
收益率%
平均余额
利息",600036.SH,招商银行,2025-06-30,2025,半年报,招商银行2025半年报,招商银行2025半年报.pdf,C:\Users\Administrator\Desktop\financial-poc\data\raw\pdf\招商银行2025半年报.pdf,,,,32,679,管理层讨论,13,13,18,
600036_SH_pdf_招商银行2025半年报_pdf_e6770b40_chunk_33,pdf,pdf,"出及平均收益/成本率情况。
2025年1-6月
2024年
2024年1-6月
(人民币百万元,百分比除外)
平均余额
利息收入
年化平均
收益率%
平均余额
利息收入
平均
收益率%
平均余额
利息收入
年化平均
收益率%
生息资产
贷款和垫款
6,955,367
119,080
3.45
6,666,187
260,573
3.91
6,619,593
132,214
4.02
投资
3,134,608
44,933
2.89
2,757,151
84,924
3.08
2,659,309
41,585
3.14
存放中央银行款项
554,452
4,587
1.67
580,940
9,698
1.67
588,947
4,933
1.68
存拆放同业和其他金融机构款项
714,185
8,414
2.38
681,863
19,076
2.80
622,174
9,265
2.99
合计
11,358,612
177,014
3.14
10,686,141
374,271
3.50
10,490,023
187,997
3.60
招商银行股份有限公司
2025年半年度报告(A股",600036.SH,招商银行,2025-06-30,2025,半年报,招商银行2025半年报,招商银行2025半年报.pdf,C:\Users\Administrator\Desktop\financial-poc\data\raw\pdf\招商银行2025半年报.pdf,,,,33,679,管理层讨论,13,13,18,
600036_SH_pdf_招商银行2025半年报_pdf_e6770b40_chunk_34,pdf,pdf,"合计
11,358,612
177,014
3.14
10,686,141
374,271
3.50
10,490,023
187,997
3.60
招商银行股份有限公司
2025年半年度报告(A股)
14
第三章 管理层讨论与分析
2025年1-6月
2024年
2024年1-6月
(人民币百万元,百分比除外)
平均余额
利息支出
年化平均
成本率%
平均余额
利息支出
平均
成本率%
平均余额
利息支出
年化平均
成本率%
计息负债
客户存款
9,040,248
56,519
1.26
8,515,666
130,824
1.54
8,337,807
66,528
1.60
同业和其他金融机构存拆放款项
1,157,083
9,565
1.67
946,264
19,629
2.07
948,680
10,404
2.21
应付债券
187,954
2,923
3.14
252,448
7,656
3.03
258,043
3,880
3.02
向中央银行借款
190,440
1,708
1.81
207,453
4,428
2.13
230,549
2,495
2.18
租赁负",600036.SH,招商银行,2025-06-30,2025,半年报,招商银行2025半年报,招商银行2025半年报.pdf,C:\Users\Administrator\Desktop\financial-poc\data\raw\pdf\招商银行2025半年报.pdf,,,,34,679,管理层讨论,13,13,18,
600036_SH_pdf_招商银行2025半年报_pdf_e6770b40_chunk_35,pdf,pdf,"8
7,656
3.03
258,043
3,880
3.02
向中央银行借款
190,440
1,708
1.81
207,453
4,428
2.13
230,549
2,495
2.18
租赁负债
12,404
214
3.48
12,847
457
3.56
12,876
241
3.76
合计
10,588,129
70,929
1.35
9,934,678
162,994
1.64
9,787,955
83,548
1.72
净利息收入
/
106,085
/
/
211,277
/
/
104,449
/
净利差
/
/
1.79
/
/
1.86
/
/
1.88
净利息收益率
/
/
1.88
/
/
1.98
/
/
2.00
报告期内,本集团生息资产年化平均收益率3.14%,同比下降46个基点;计息负债年化平均成本率1.35%,同
比下降37个基点;净利差1.79%,同比下降9个基点;净利息收益率1.88%,同比下降12个基点。
下表列出所示期间本集团由于规模变化和利率变化导致利息收入和利息支出变化的分布情况。规模变化以平均余
额变化来衡量,利率变化以平均利率变化",600036.SH,招商银行,2025-06-30,2025,半年报,招商银行2025半年报,招商银行2025半年报.pdf,C:\Users\Administrator\Desktop\financial-poc\data\raw\pdf\招商银行2025半年报.pdf,,,,35,679,管理层讨论,13,13,18,
600036_SH_pdf_招商银行2025半年报_pdf_e6770b40_chunk_36,pdf,pdf,"同比下降9个基点;净利息收益率1.88%,同比下降12个基点。
下表列出所示期间本集团由于规模变化和利率变化导致利息收入和利息支出变化的分布情况。规模变化以平均余
额变化来衡量,利率变化以平均利率变化来衡量,由规模变化和利率变化共同引起的利息收支变化,计入规模变
化对利息收支变化的影响金额。
2025年1-6月对比2024年1-6月
增(减)因素
(人民币百万元)
规模
利率
增(减)净值
生息资产
贷款和垫款
5,943
(19,077)
(13,134)
投资
6,760
(3,412)
3,348
存放中央银行款项
(303)
(43)
(346)
存拆放同业和其他金融机构款项
1,057
(1,908)
(851)
利息收入变动
13,457
(24,440)
(10,983)
计息负债
客户存款
4,233
(14,242)
(10,009)
同业和其他金融机构存拆放款项
1,730
(2,569)
(839)
应付债券
(1,100)
143
(957)
向中央银行借款
(357)
(430)
(787)
租赁负债
(8)
(19)
(27)
利息支出变动
4,498
(1",600036.SH,招商银行,2025-06-30,2025,半年报,招商银行2025半年报,招商银行2025半年报.pdf,C:\Users\Administrator\Desktop\financial-poc\data\raw\pdf\招商银行2025半年报.pdf,,,,36,679,管理层讨论,13,13,18,
600036_SH_pdf_招商银行2025半年报_pdf_e6770b40_chunk_37,pdf,pdf,"30
(2,569)
(839)
应付债券
(1,100)
143
(957)
向中央银行借款
(357)
(430)
(787)
租赁负债
(8)
(19)
(27)
利息支出变动
4,498
(17,117)
(12,619)
净利息收入变动
8,959
(7,323)
1,636
招商银行股份有限公司
2025年半年度报告(A股)
15
第三章 管理层讨论与分析
下表列出所示期间本集团资产负债项目平均余额、利息收入/利息支出及年化平均收益/成本率情况。
2025年4-6月
2025年1-3月
(人民币百万元,百分比除外)
平均余额
利息收入
年化平均
收益率%
平均余额
利息收入
年化平均
收益率%
生息资产
贷款和垫款
6,995,664
58,928
3.38
6,914,622
60,152
3.53
投资
3,227,381
22,959
2.85
3,040,804
21,974
2.93
存放中央银行款项
536,209
2,240
1.68
572,898
2,347
1.66
存拆放同业和其他金融机构款项
692,734
3,817
2.21
735,874
4,",600036.SH,招商银行,2025-06-30,2025,半年报,招商银行2025半年报,招商银行2025半年报.pdf,C:\Users\Administrator\Desktop\financial-poc\data\raw\pdf\招商银行2025半年报.pdf,,,,37,679,管理层讨论,13,13,18,
600036_SH_pdf_招商银行2025半年报_pdf_e6770b40_chunk_38,pdf,pdf,"974
2.93
存放中央银行款项
536,209
2,240
1.68
572,898
2,347
1.66
存拆放同业和其他金融机构款项
692,734
3,817
2.21
735,874
4,597
2.53
合计
11,451,988
87,944
3.08
11,264,198
89,070
3.21
(人民币百万元,百分比除外)
平均余额
利息支出
年化平均
成本率%
平均余额
利息支出
年化平均
成本率%
计息负债
客户存款
9,085,053
27,835
1.23
8,994,945
28,684
1.29
同业和其他金融机构存拆放款项
1,208,419
4,762
1.58
1,105,177
4,803
1.76
应付债券
165,473
1,322
3.20
210,685
1,601
3.08
向中央银行借款
186,186
835
1.80
194,741
873
1.82
租赁负债
12,248
101
3.31
12,562
113
3.65
合计
10,657,379
34,855
1.31
10,518,110
36,074
1.39
净利息收入",600036.SH,招商银行,2025-06-30,2025,半年报,招商银行2025半年报,招商银行2025半年报.pdf,C:\Users\Administrator\Desktop\financial-poc\data\raw\pdf\招商银行2025半年报.pdf,,,,38,679,管理层讨论,13,13,18,
600036_SH_pdf_招商银行2025半年报_pdf_e6770b40_chunk_39,pdf,pdf,"873
1.82
租赁负债
12,248
101
3.31
12,562
113
3.65
合计
10,657,379
34,855
1.31
10,518,110
36,074
1.39
净利息收入
/
53,089
/
/
52,996
/
净利差
/
/
1.77
/
/
1.82
净利息收益率
/
/
1.86
/
/
1.91
2025年第二季度本集团净利息收益率1.86%,净利差1.77%,环比均下降5个基点。有关净利息收益率下降的原
因分析,请参阅本章3.9.1 “关于净利息收益率”。
3.2.6 非利息净收入
报告期,本集团实现非利息净收入638.84亿元,同比下降6.73%。构成如下:
净手续费及佣金收入376.02亿元,同比下降1.89%。手续费及佣金收入中,财富管理手续费及佣金收入127.97
亿元,同比增长11.89% ;资产管理手续费及佣金收入54.53亿元,同比下降6.91% ;银行卡手续费收入72.21
亿元,同比下降16.37% ;结算与清算手续费收入76.02亿元,同比下降3.27% ;信贷承诺及贷款业务佣金收入
22.89亿元,同比下降6.95% ;",600036.SH,招商银行,2025-06-30,2025,半年报,招商银行2025半年报,招商银行2025半年报.pdf,C:\Users\Administrator\Desktop\financial-poc\data\raw\pdf\招商银行2025半年报.pdf,,,,39,679,管理层讨论,13,13,18,
600036_SH_pdf_招商银行2025半年报_pdf_e6770b40_chunk_40,pdf,pdf,"下降6.91% ;银行卡手续费收入72.21
亿元,同比下降16.37% ;结算与清算手续费收入76.02亿元,同比下降3.27% ;信贷承诺及贷款业务佣金收入
22.89亿元,同比下降6.95% ;托管业务佣金收入26.07亿元,同比增长4.95% ;其他收入38.98亿元,同比增长
2.04%。有关手续费及佣金收入变动的原因分析,请参阅本章3.9.2 “关于非利息净收入”。
其他净收入262.82亿元,同比下降12.88%,其中,投资收益218.94亿元,同比增长12.28%,主要是债券投资
收益及非货币基金投资分红增加;公允价值变动损益-48.19亿元,主要是债券投资公允价值变动减少和非货币
基金投资分红增加导致公允价值减少;汇兑净收益14.51亿元,同比下降25.55%,主要是外币兑人民币汇率下
降,外币货币性项目汇兑损益同比减少;其他业务收入77.56亿元,同比增长20.55%,主要是招银金租经营租
赁业务相关收入增长。
招商银行股份有限公司
2025年半年度报告(A股)
16
第三章 管理层讨论与分析
从业务分部看,零售金融业务非利息净收入254.56亿元,同比下降0.62",600036.SH,招商银行,2025-06-30,2025,半年报,招商银行2025半年报,招商银行2025半年报.pdf,C:\Users\Administrator\Desktop\financial-poc\data\raw\pdf\招商银行2025半年报.pdf,,,,40,679,管理层讨论,13,13,18,
600036_SH_pdf_招商银行2025半年报_pdf_e6770b40_chunk_41,pdf,pdf,"主要是招银金租经营租
赁业务相关收入增长。
招商银行股份有限公司
2025年半年度报告(A股)
16
第三章 管理层讨论与分析
从业务分部看,零售金融业务非利息净收入254.56亿元,同比下降0.62%,占本集团非利息净收入的39.85% ;
批发金融业务非利息净收入306.98亿元,同比下降9.80%,占本集团非利息净收入的48.05% ;其他业务1非利
息净收入77.30亿元,同比下降12.62%,占本集团非利息净收入的12.10%。
(人民币百万元,百分比除外)
2025年1-6月
2024年1-6月
本期比上年
同期增减(%)
手续费及佣金收入(注)
41,867
42,552
-1.61
财富管理手续费及佣金
12,797
11,437
11.89
资产管理手续费及佣金
5,453
5,858
-6.91
银行卡手续费
7,221
8,634
-16.37
结算与清算手续费
7,602
7,859
-3.27
信贷承诺及贷款业务佣金
2,289
2,460
-6.95
托管业务佣金
2,607
2,484
4.95
其他
3,898
3,820
2.04
手续费及佣金支出
(",600036.SH,招商银行,2025-06-30,2025,半年报,招商银行2025半年报,招商银行2025半年报.pdf,C:\Users\Administrator\Desktop\financial-poc\data\raw\pdf\招商银行2025半年报.pdf,,,,41,679,管理层讨论,13,13,18,
600036_SH_pdf_招商银行2025半年报_pdf_e6770b40_chunk_42,pdf,pdf,"602
7,859
-3.27
信贷承诺及贷款业务佣金
2,289
2,460
-6.95
托管业务佣金
2,607
2,484
4.95
其他
3,898
3,820
2.04
手续费及佣金支出
(4,265)
(4,224)
0.97
净手续费及佣金收入
37,602
38,328
-1.89
其他净收入
26,282
30,168
-12.88
投资收益
21,894
19,499
12.28
公允价值变动损益
(4,819)
2,286
不适用
汇兑净收益
1,451
1,949
-25.55
其他业务收入
7,756
6,434
20.55
非利息净收入总额
63,884
68,496
-6.73
注:
财富管理手续费及佣金包括代理基金收入、代理保险收入、代理信托计划收入、代销理财收入、代理证券交易收入和代理贵金属收入
等;资产管理手续费及佣金主要包括子公司招商基金、招银国际、招银理财和招商信诺资管发行和管理基金、理财、资管计划等各类资
管产品所获取的收入;托管业务佣金包括提供托管资产基本服务与增值服务所获得的收入;其他主要包括债券及股权承销收入、信贷资
产证券化服务费收入、",600036.SH,招商银行,2025-06-30,2025,半年报,招商银行2025半年报,招商银行2025半年报.pdf,C:\Users\Administrator\Desktop\financial-poc\data\raw\pdf\招商银行2025半年报.pdf,,,,42,679,管理层讨论,13,13,18,
600036_SH_pdf_招商银行2025半年报_pdf_e6770b40_chunk_43,pdf,pdf,"银理财和招商信诺资管发行和管理基金、理财、资管计划等各类资
管产品所获取的收入;托管业务佣金包括提供托管资产基本服务与增值服务所获得的收入;其他主要包括债券及股权承销收入、信贷资
产证券化服务费收入、咨询顾问收入和其他中间业务收入。
3.2.7 业务及管理费
报告期,本集团业务及管理费511.71亿元,同比下降0.52%,其中,员工费用354.84亿元,同比下降0.80%,
业务费用156.87亿元,同比增长0.11%。报告期本集团成本收入比30.11%,同比上升0.37个百分点。本集团坚
持精益管理,保障重点战略领域投入,同时加强重点项目成本管控和投入产出评价,提升成本效能。
下表列出所示期间本集团业务及管理费的主要构成。
(人民币百万元)
2025年1-6月
2024年1-6月
员工费用
35,484
35,769
业务费用
15,687
15,669
其中:折旧、摊销和租赁费用
4,264
4,473
其他一般及行政费用
11,423
11,196
业务及管理费合计
51,171
51,438
1
包括投资性房地产及除招商永隆银行和招银金租外的子公司、联营及合营企业的相关业务。",600036.SH,招商银行,2025-06-30,2025,半年报,招商银行2025半年报,招商银行2025半年报.pdf,C:\Users\Administrator\Desktop\financial-poc\data\raw\pdf\招商银行2025半年报.pdf,,,,43,679,管理层讨论,13,13,18,
600036_SH_pdf_招商银行2025半年报_pdf_e6770b40_chunk_44,pdf,pdf,"264
4,473
其他一般及行政费用
11,423
11,196
业务及管理费合计
51,171
51,438
1
包括投资性房地产及除招商永隆银行和招银金租外的子公司、联营及合营企业的相关业务。
招商银行股份有限公司
2025年半年度报告(A股)
17
第三章 管理层讨论与分析
3.2.8 信用减值损失
报告期,本集团信用减值损失246.23亿元,同比下降8.56%。
下表列出所示期间本集团信用减值损失的主要构成。
(人民币百万元)
2025年1-6月
2024年1-6月
贷款和垫款
23,341
25,433
金融投资
(415)
(1,058)
应收同业和其他金融机构款项
182
509
表外预期信用减值损失
1,446
2,370
其他
69
(326)
信用减值损失合计
24,623
26,928
本集团按照金融工具准则,以预期信用损失模型为基础,基于客户违约概率、违约损失率等风险量化参数,结合
最新前瞻性信息指标,审慎评估计量信用风险损失准备。报告期内,本集团贷款和垫款信用减值损失233.41亿
元,同比减少20.92亿元,表外预期信用减值损失14.46亿元,同比减少9.",600036.SH,招商银行,2025-06-30,2025,半年报,招商银行2025半年报,招商银行2025半年报.pdf,C:\Users\Administrator\Desktop\financial-poc\data\raw\pdf\招商银行2025半年报.pdf,,,,44,679,管理层讨论,13,13,18,
600036_SH_pdf_招商银行2025半年报_pdf_e6770b40_chunk_45,pdf,pdf,"风险量化参数,结合
最新前瞻性信息指标,审慎评估计量信用风险损失准备。报告期内,本集团贷款和垫款信用减值损失233.41亿
元,同比减少20.92亿元,表外预期信用减值损失14.46亿元,同比减少9.24亿元,主要是本集团持续优化资产
结构和客户结构,贷款及担保承诺类业务资产质量保持稳定。",600036.SH,招商银行,2025-06-30,2025,半年报,招商银行2025半年报,招商银行2025半年报.pdf,C:\Users\Administrator\Desktop\financial-poc\data\raw\pdf\招商银行2025半年报.pdf,,,,45,679,管理层讨论,13,13,18,
600036_SH_pdf_招商银行2025半年报_pdf_e6770b40_chunk_46,pdf,pdf,"3.3 资产负债表分析
3.3.1 资产
截至报告期末,本集团资产总额126,571.51亿元,较上年末增长4.16%,主要是由于本集团贷款和垫款及金融
投资增长。
下表列出截至所示日期本集团资产总额的构成情况。
2025年6月30日
2024年12月31日
(人民币百万元,百分比除外)
金额
占总额
百分比%
金额
占总额
百分比%
贷款和垫款总额
7,116,616
56.23
6,888,315
56.68
贷款损失准备(1)
(270,752)
(2.14)
(265,365)
(2.18)
贷款和垫款净额
6,845,864
54.09
6,622,950
54.50
投资证券及其他金融资产
3,973,551
31.39
3,705,919
30.50
现金、贵金属及存放中央银行款项
568,565
4.49
583,202
4.80
同业往来
934,457
7.38
896,707
7.38
商誉
9,954
0.08
9,954
0.08
其他(2)
324,760
2.57
333,304
2.74
资产总额
12,657,151
100.00
12,152,036",600036.SH,招商银行,2025-06-30,2025,半年报,招商银行2025半年报,招商银行2025半年报.pdf,C:\Users\Administrator\Desktop\financial-poc\data\raw\pdf\招商银行2025半年报.pdf,,,,46,679,资产负债表,18,18,19,资产负债表
600036_SH_pdf_招商银行2025半年报_pdf_e6770b40_chunk_47,pdf,pdf,",707
7.38
商誉
9,954
0.08
9,954
0.08
其他(2)
324,760
2.57
333,304
2.74
资产总额
12,657,151
100.00
12,152,036
100.00
注:
(1)
此处的贷款损失准备是以摊余成本计量的贷款和垫款的损失准备。
(2)
“其他” 包括固定资产、在建工程、使用权资产、无形资产、投资性房地产、递延所得税资产、应计利息和其他资产。
招商银行股份有限公司
2025年半年度报告(A股)
18",600036.SH,招商银行,2025-06-30,2025,半年报,招商银行2025半年报,招商银行2025半年报.pdf,C:\Users\Administrator\Desktop\financial-poc\data\raw\pdf\招商银行2025半年报.pdf,,,,47,679,资产负债表,18,18,19,资产负债表
600036_SH_pdf_招商银行2025半年报_pdf_e6770b40_chunk_48,pdf,pdf,"第三章 管理层讨论与分析
3.3.1.1 贷款和垫款
截至报告期末,本集团贷款和垫款总额71,166.16亿元,较上年末增长3.31% ;贷款和垫款总额占资产总额的比
例为56.23%,较上年末下降0.45个百分点。有关本集团贷款和垫款的详情,请参阅本章3.4 “贷款质量分析”
一节。
3.3.1.2 投资证券及其他金融资产
本集团投资证券及其他金融资产包括以人民币和外币计价的上市和非上市金融工具。
下表按报表项目列出截至所示日期本集团投资证券及其他金融资产的构成情况。
2025年6月30日
2024年12月31日
(人民币百万元,百分比除外)
金额
占总额
百分比%
金额
占总额
百分比%
衍生金融资产
21,397
0.54
32,533
0.88
以公允价值计量且其变动计入当期损益的金融投资
660,819
16.63
617,018
16.65
-债券投资
364,541
9.17
265,717
7.17
-非标资产投资
8,408
0.21
596
0.02
-其他(注)
287,870
7.25
350,705
9.46
以摊余成本计量的债务工具投资
1,986,403",600036.SH,招商银行,2025-06-30,2025,半年报,招商银行2025半年报,招商银行2025半年报.pdf,C:\Users\Administrator\Desktop\financial-poc\data\raw\pdf\招商银行2025半年报.pdf,,,,48,679,管理层讨论,19,19,19,
600036_SH_pdf_招商银行2025半年报_pdf_e6770b40_chunk_49,pdf,pdf,"265,717
7.17
-非标资产投资
8,408
0.21
596
0.02
-其他(注)
287,870
7.25
350,705
9.46
以摊余成本计量的债务工具投资
1,986,403
49.99
1,920,461
51.82
-债券投资
1,939,117
48.80
1,848,162
49.87
-非标资产投资
81,592
2.05
107,105
2.89
-其他
667
0.02
653
0.02
-减:损失准备
(34,973)
(0.88)
(35,459)
(0.96)
以公允价值计量且其变动计入
其他综合收益的债务工具投资
1,248,050
31.41
1,082,577
29.21
指定为以公允价值计量且其变动计入
其他综合收益的权益工具投资
23,834
0.60
22,315
0.60
长期股权投资
33,048
0.83
31,015
0.84
投资证券及其他金融资产总额
3,973,551
100.00
3,705,919
100.00
注:
包括股权投资、基金投资、理财产品、贵金属合同(多头)等。
衍生金融工具
截至报告期末,本集团所持",600036.SH,招商银行,2025-06-30,2025,半年报,招商银行2025半年报,招商银行2025半年报.pdf,C:\Users\Administrator\Desktop\financial-poc\data\raw\pdf\招商银行2025半年报.pdf,,,,49,679,管理层讨论,19,19,19,
600036_SH_pdf_招商银行2025半年报_pdf_e6770b40_chunk_50,pdf,pdf,"投资证券及其他金融资产总额
3,973,551
100.00
3,705,919
100.00
注:
包括股权投资、基金投资、理财产品、贵金属合同(多头)等。
衍生金融工具
截至报告期末,本集团所持衍生金融工具主要类别和金额情况如下表所示。有关详情请参阅财务报告附注49(f)。
2025年6月30日
2024年12月31日
公允价值
公允价值
(人民币百万元)
名义金额
资产
负债
名义金额
资产
负债
利率衍生金融工具
2,837,929
8,888
(9,127)
2,099,152
11,269
(11,526)
货币衍生金融工具
2,357,723
11,987
(13,222)
1,987,795
21,002
(19,934)
其他衍生金融工具
16,587
522
(475)
11,124
262
(123)
合计
5,212,239
21,397
(22,824)
4,098,071
32,533
(31,583)",600036.SH,招商银行,2025-06-30,2025,半年报,招商银行2025半年报,招商银行2025半年报.pdf,C:\Users\Administrator\Desktop\financial-poc\data\raw\pdf\招商银行2025半年报.pdf,,,,50,679,管理层讨论,19,19,19,
600036_SH_pdf_招商银行2025半年报_pdf_e6770b40_chunk_51,pdf,pdf,"上述列示的是在各资产负债表日,本集团衍生工具按剩余到期日分析的名义金额及公允价值,名义金额仅指在资
产负债表日尚未到期交割的交易量,并不代表风险数额。
报告期内,作为银行间人民币外汇市场综合做市商及本币市场衍生品报价机构,本集团积极参与金融市场做市交
易,助力市场稳健发展;同时继续发挥金融市场衍生交易专业优势,积极宣导“汇率风险中性” 理念,帮助客
户开展套期保值交易,提升汇率和利率风险管理能力,降低财务成本,支持实体经济高质量发展。
招商银行股份有限公司
2025年半年度报告(A股)
19",600036.SH,招商银行,2025-06-30,2025,半年报,招商银行2025半年报,招商银行2025半年报.pdf,C:\Users\Administrator\Desktop\financial-poc\data\raw\pdf\招商银行2025半年报.pdf,,,,51,679,资产负债表,19,19,20,资产负债表
600036_SH_pdf_招商银行2025半年报_pdf_e6770b40_chunk_52,pdf,pdf,"第三章 管理层讨论与分析
以公允价值计量且其变动计入当期损益的金融投资
截至报告期末,本集团以公允价值计量且其变动计入当期损益的金融投资余额为6,608.19亿元,主要类别为债
券和基金投资等。该类投资主要是本集团结合宏观经济、货币和财政政策、产业政策及市场供求状况等因素,通
过把握市场交易机会获取投资收益而持有。报告期内,本集团综合运用多种方式挖掘结构性交易机会,同时加大
对冲策略执行力度,较好地平抑市场波动影响。有关详情请参阅财务报告附注10。
以摊余成本计量的债务工具投资
截至报告期末,本集团以摊余成本计量的债务工具投资余额为19,864.03亿元,其中,债券投资以政府债券和政
策性银行债券为主。该类投资是基于银行账簿利率风险管理及流动性管理的需要,兼顾收益与风险,作为本集团
资产负债的战略性配置而长期持有。有关详情请参阅财务报告附注11。
以公允价值计量且其变动计入其他综合收益的债务工具投资
截至报告期末,本集团以公允价值计量且其变动计入其他综合收益的债务工具投资余额为12,480.50亿元,主要
类别为政府债券、政策性银行债券等利率债和中高等级优质信用债。该类投资主要是本集团",600036.SH,招商银行,2025-06-30,2025,半年报,招商银行2025半年报,招商银行2025半年报.pdf,C:\Users\Administrator\Desktop\financial-poc\data\raw\pdf\招商银行2025半年报.pdf,,,,52,679,管理层讨论,20,20,33,
600036_SH_pdf_招商银行2025半年报_pdf_e6770b40_chunk_53,pdf,pdf,"务工具投资
截至报告期末,本集团以公允价值计量且其变动计入其他综合收益的债务工具投资余额为12,480.50亿元,主要
类别为政府债券、政策性银行债券等利率债和中高等级优质信用债。该类投资主要是本集团通过对债券市场的研
究分析,抓住市场投资配置机会,持续优化资产配置结构,获取投资收益而持有。有关详情请参阅财务报告附注
12。
指定为以公允价值计量且其变动计入其他综合收益的权益工具投资
截至报告期末,本集团指定为以公允价值计量且其变动计入其他综合收益的权益工具投资余额为238.34亿元。
该类投资主要是本集团持有的对被投资方无控制、无共同控制、无重大影响的非交易性权益工具投资。有关详情
请参阅财务报告附注13。
按发行主体分类列示的本集团债券投资总额构成
(人民币百万元)
2025年
6月30日
2024年
12月31日
官方机构
2,343,726
2,026,230
政策性银行
600,602
572,863
商业银行及其他金融机构
421,503
394,704
其他
185,877
202,659
债券投资合计
3,551,708
3,196,456
注:
“官方机构” 包括中国",600036.SH,招商银行,2025-06-30,2025,半年报,招商银行2025半年报,招商银行2025半年报.pdf,C:\Users\Administrator\Desktop\financial-poc\data\raw\pdf\招商银行2025半年报.pdf,,,,53,679,管理层讨论,20,20,33,
600036_SH_pdf_招商银行2025半年报_pdf_e6770b40_chunk_54,pdf,pdf,"602
572,863
商业银行及其他金融机构
421,503
394,704
其他
185,877
202,659
债券投资合计
3,551,708
3,196,456
注:
“官方机构” 包括中国财政部、地方政府、央行等;“其他” 主要是企业。
招商银行股份有限公司
2025年半年度报告(A股)
20
第三章 管理层讨论与分析
报告期末本公司所持前十大面值金融债券
债券名称
面值
(人民币百万元)
票面利率
(%)
到期日
损失准备(注)
(人民币百万元)
2022年政策性银行债券
20,890
2.50
2027/8/24
–
2019年政策性银行债券
15,850
3.65
2029/5/21
–
2019年政策性银行债券
14,790
3.74
2029/7/12
–
2019年政策性银行债券
14,280
3.45
2029/9/20
–
2024年政策性银行债券
12,960
2.00
2027/4/12
–
2022年政策性银行债券
12,710
2.90
2032/8/19
–
2023年政策性银行债券
11,470
2.87
2028/2/6
–
2016年政策性银",600036.SH,招商银行,2025-06-30,2025,半年报,招商银行2025半年报,招商银行2025半年报.pdf,C:\Users\Administrator\Desktop\financial-poc\data\raw\pdf\招商银行2025半年报.pdf,,,,54,679,管理层讨论,20,20,33,
600036_SH_pdf_招商银行2025半年报_pdf_e6770b40_chunk_55,pdf,pdf,"2.00
2027/4/12
–
2022年政策性银行债券
12,710
2.90
2032/8/19
–
2023年政策性银行债券
11,470
2.87
2028/2/6
–
2016年政策性银行债券
10,954
3.05
2026/8/25
–
2022年政策性银行债券
10,930
2.82
2027/6/17
–
2024年政策性银行债券
9,890
2.64
2031/1/8
–
注:
未包含按预期信用损失模型要求计提的第一阶段损失准备。
长期股权投资
截至报告期末,本集团长期股权投资净额330.48亿元,较上年末增长6.55%。有关详情请参阅财务报告附注14。
3.3.1.3 商誉
截至报告期末,本集团商誉减值准备余额5.79亿元,商誉账面价值99.54亿元。
3.3.2 负债
截至报告期末,本集团负债总额113,602.91亿元,较上年末增长4.05%,主要是由于客户存款规模较上年末稳
步增长。
下表列出截至所示日期本集团负债总额的构成情况。
2025年6月30日
2024年12月31日
(人民币百万元,百分比除外)
金额
占总额
百分比%
金额
占总额
百分比%",600036.SH,招商银行,2025-06-30,2025,半年报,招商银行2025半年报,招商银行2025半年报.pdf,C:\Users\Administrator\Desktop\financial-poc\data\raw\pdf\招商银行2025半年报.pdf,,,,55,679,管理层讨论,20,20,33,
600036_SH_pdf_招商银行2025半年报_pdf_e6770b40_chunk_56,pdf,pdf,"款规模较上年末稳
步增长。
下表列出截至所示日期本集团负债总额的构成情况。
2025年6月30日
2024年12月31日
(人民币百万元,百分比除外)
金额
占总额
百分比%
金额
占总额
百分比%
客户存款
9,422,379
82.94
9,096,587
83.31
同业往来
1,118,033
9.84
1,017,506
9.32
向中央银行借款
171,752
1.51
189,511
1.74
以公允价值计量且其变动计入当期损益的
金融负债及衍生金融负债
122,103
1.07
99,044
0.91
应付债券
162,020
1.43
221,583
2.03
其他(注)
364,004
3.21
294,330
2.69
负债总额
11,360,291
100.00
10,918,561
100.00
注:
“其他” 包括应付职工薪酬、应交税费、合同负债、租赁负债、预计负债、递延所得税负债、应计利息和其他负债。
招商银行股份有限公司
2025年半年度报告(A股)
21
第三章 管理层讨论与分析
客户存款
截至报告期末,本集团客户存款总额94,223.79亿元,较上年",600036.SH,招商银行,2025-06-30,2025,半年报,招商银行2025半年报,招商银行2025半年报.pdf,C:\Users\Administrator\Desktop\financial-poc\data\raw\pdf\招商银行2025半年报.pdf,,,,56,679,管理层讨论,20,20,33,
600036_SH_pdf_招商银行2025半年报_pdf_e6770b40_chunk_57,pdf,pdf,"负债、递延所得税负债、应计利息和其他负债。
招商银行股份有限公司
2025年半年度报告(A股)
21
第三章 管理层讨论与分析
客户存款
截至报告期末,本集团客户存款总额94,223.79亿元,较上年末增长3.58%,占本集团负债总额的82.94%。
下表列出截至所示日期,本集团按产品类型和客户类型划分的客户存款情况。
2025年6月30日
2024年12月31日
(人民币百万元,百分比除外)
金额
占总额
百分比%
金额
占总额
百分比%
公司客户存款
活期存款
2,747,953
29.16
2,772,365
30.47
定期存款
2,422,201
25.71
2,291,188
25.19
小计
5,170,154
54.87
5,063,553
55.66
零售客户存款
活期存款
2,060,485
21.87
1,980,251
21.77
定期存款
2,191,740
23.26
2,052,783
22.57
小计
4,252,225
45.13
4,033,034
44.34
客户存款总额
9,422,379
100.00
9,096,587
100.00
报告期,",600036.SH,招商银行,2025-06-30,2025,半年报,招商银行2025半年报,招商银行2025半年报.pdf,C:\Users\Administrator\Desktop\financial-poc\data\raw\pdf\招商银行2025半年报.pdf,,,,57,679,管理层讨论,20,20,33,
600036_SH_pdf_招商银行2025半年报_pdf_e6770b40_chunk_58,pdf,pdf,".26
2,052,783
22.57
小计
4,252,225
45.13
4,033,034
44.34
客户存款总额
9,422,379
100.00
9,096,587
100.00
报告期,本集团活期存款日均余额占客户存款日均余额的比例为49.72%,较上年全年下降0.62个百分点。其
中,公司客户活期存款日均余额占公司客户存款日均余额的比例为51.32%,较上年全年下降0.58个百分点;零
售客户活期存款日均余额占零售客户存款日均余额的比例为47.77%,较上年全年下降0.55个百分点。活期占比
下降主要是由于报告期内企业资金活化程度尚未有明显改善,居民储蓄需求保持刚性,全市场呈现存款定期化趋
势。
3.3.3 股东权益
截至报告期末,本集团归属于本行股东权益12,892.33亿元,较上年末增长5.16%。其中,未分配利润6,562.67
亿元,较上年末增长3.50% ;其他综合收益369.70亿元,较上年末下降14.53%,主要是分类为以公允价值计量
且其变动计入其他综合收益投资的公允价值下降。
招商银行股份有限公司
2025年半年度报告(A股)
22
第三章 管理层讨论",600036.SH,招商银行,2025-06-30,2025,半年报,招商银行2025半年报,招商银行2025半年报.pdf,C:\Users\Administrator\Desktop\financial-poc\data\raw\pdf\招商银行2025半年报.pdf,,,,58,679,管理层讨论,20,20,33,
600036_SH_pdf_招商银行2025半年报_pdf_e6770b40_chunk_59,pdf,pdf,"合收益369.70亿元,较上年末下降14.53%,主要是分类为以公允价值计量
且其变动计入其他综合收益投资的公允价值下降。
招商银行股份有限公司
2025年半年度报告(A股)
22
第三章 管理层讨论与分析
3.4 贷款质量分析
3.4.1 按五级分类划分的贷款分布情况
下表列出截至所示日期,本集团贷款五级分类情况。
本集团
2025年6月30日
2024年12月31日
(人民币百万元,百分比除外)
金额
占总额
百分比%
金额
占总额
百分比%
正常类贷款
6,948,779
97.64
6,733,625
97.76
关注类贷款
101,467
1.43
89,080
1.29
次级类贷款
17,486
0.25
16,872
0.25
可疑类贷款
20,068
0.28
23,054
0.33
损失类贷款
28,816
0.40
25,684
0.37
贷款和垫款总额
7,116,616
100.00
6,888,315
100.00
不良贷款
66,370
0.93
65,610
0.95
注:
在贷款监管五级分类制度下,本集团的不良贷款包括分类为次级、可疑和损失类的贷款。
报",600036.SH,招商银行,2025-06-30,2025,半年报,招商银行2025半年报,招商银行2025半年报.pdf,C:\Users\Administrator\Desktop\financial-poc\data\raw\pdf\招商银行2025半年报.pdf,,,,59,679,管理层讨论,20,20,33,
600036_SH_pdf_招商银行2025半年报_pdf_e6770b40_chunk_60,pdf,pdf,"16
100.00
6,888,315
100.00
不良贷款
66,370
0.93
65,610
0.95
注:
在贷款监管五级分类制度下,本集团的不良贷款包括分类为次级、可疑和损失类的贷款。
报告期内,本集团坚持从严认定资产风险分类,真实反映资产质量。截至报告期末,本集团不良贷款余额
663.70亿元,较上年末增加7.60亿元;不良贷款率0.93%,较上年末下降0.02个百分点。
招商银行股份有限公司
2025年半年度报告(A股)
23
第三章 管理层讨论与分析
3.4.2 按产品类型划分的贷款及不良贷款分布情况
本集团
2025年6月30日
2024年12月31日
(人民币百万元,百分比除外)
贷款和
垫款金额
占总额
百分比%
不良
贷款金额
不良
贷款率%(1)
贷款和
垫款金额
占总额
百分比%
不良
贷款金额
不良
贷款率%(1)
公司贷款
3,089,691
43.42
28,648
0.93
2,863,740
41.57
30,475
1.06
流动资金贷款
1,328,632
18.67
7,773
0.59
1,178,412
17.11
9,900
0.84",600036.SH,招商银行,2025-06-30,2025,半年报,招商银行2025半年报,招商银行2025半年报.pdf,C:\Users\Administrator\Desktop\financial-poc\data\raw\pdf\招商银行2025半年报.pdf,,,,60,679,管理层讨论,20,20,33,
600036_SH_pdf_招商银行2025半年报_pdf_e6770b40_chunk_61,pdf,pdf,"28,648
0.93
2,863,740
41.57
30,475
1.06
流动资金贷款
1,328,632
18.67
7,773
0.59
1,178,412
17.11
9,900
0.84
固定资产贷款
867,039
12.19
13,713
1.58
852,115
12.37
13,820
1.62
贸易融资
464,261
6.52
166
0.04
430,268
6.25
167
0.04
其他(2)
429,759
6.04
6,996
1.63
402,945
5.84
6,588
1.63
票据贴现(3)
348,737
4.90
9
0.00
379,950
5.52
–
–
零售贷款
3,678,188
51.68
37,713
1.03
3,644,625
52.91
35,135
0.96
小微贷款
843,644
11.85
8,050
0.95
825,443
11.98
6,538
0.79
个人住房贷款
1,438,379
20.21
6,611
0.46
1,417,450
20.58
6,840
0.48
信用卡贷款
924,489
1",600036.SH,招商银行,2025-06-30,2025,半年报,招商银行2025半年报,招商银行2025半年报.pdf,C:\Users\Administrator\Desktop\financial-poc\data\raw\pdf\招商银行2025半年报.pdf,,,,61,679,管理层讨论,20,20,33,
600036_SH_pdf_招商银行2025半年报_pdf_e6770b40_chunk_62,pdf,pdf,"25,443
11.98
6,538
0.79
个人住房贷款
1,438,379
20.21
6,611
0.46
1,417,450
20.58
6,840
0.48
信用卡贷款
924,489
12.99
16,155
1.75
947,843
13.76
16,560
1.75
消费贷款
416,288
5.85
5,865
1.41
396,161
5.75
4,116
1.04
其他(4)
55,388
0.78
1,032
1.86
57,728
0.84
1,081
1.87
贷款和垫款总额
7,116,616
100.00
66,370
0.93
6,888,315
100.00
65,610
0.95
注:
(1)
代表某一类不良贷款占该类贷款总额的比例。
(2)
主要包括融资租赁、并购贷款及对公按揭等其他公司贷款。
(3)
票据贴现逾期后转入公司贷款核算。
(4)
主要包括商用房贷款、汽车贷款、住房装修贷款、教育贷款及以货币资产质押的其他个人贷款。
公司贷款方面,本集团积极响应国家政策导向,赋能实体经济,推进资产业务结构调整,资产质量稳健运行。截
至报告期末,本集团",600036.SH,招商银行,2025-06-30,2025,半年报,招商银行2025半年报,招商银行2025半年报.pdf,C:\Users\Administrator\Desktop\financial-poc\data\raw\pdf\招商银行2025半年报.pdf,,,,62,679,管理层讨论,20,20,33,
600036_SH_pdf_招商银行2025半年报_pdf_e6770b40_chunk_63,pdf,pdf,"包括商用房贷款、汽车贷款、住房装修贷款、教育贷款及以货币资产质押的其他个人贷款。
公司贷款方面,本集团积极响应国家政策导向,赋能实体经济,推进资产业务结构调整,资产质量稳健运行。截
至报告期末,本集团公司贷款余额30,896.91亿元,较上年末增长7.89%,公司贷款占比43.42%。截至报告期
末,本集团公司贷款不良额286.48亿元,较上年末减少18.27亿元;公司贷款不良率0.93%,较上年末下降0.13
个百分点。
零售贷款方面,本集团积极落实各项政策和监管要求,继续聚焦于满足居民刚性住房需求和多样化改善性住房需
求,加快二手房业务推进,实现个人住房贷款业务的稳健发展;在做好风险管理的前提下,加大对小微和消费贷
款的投放力度;同时坚持“平稳、低波动” 的经营策略,持续调优客群及资产结构,稳健发展信用卡业务。截
至报告期末,本集团零售贷款余额36,781.88亿元,较上年末增长0.92%,零售贷款占比51.68%。截至报告期
末,本集团零售不良贷款余额377.13亿元,较上年末增加25.78亿元;不良贷款率1.03%,较上年末上升0.07个
百分点。
招商银行股份有限公司
202",600036.SH,招商银行,2025-06-30,2025,半年报,招商银行2025半年报,招商银行2025半年报.pdf,C:\Users\Administrator\Desktop\financial-poc\data\raw\pdf\招商银行2025半年报.pdf,,,,63,679,管理层讨论,20,20,33,
600036_SH_pdf_招商银行2025半年报_pdf_e6770b40_chunk_64,pdf,pdf,"2%,零售贷款占比51.68%。截至报告期
末,本集团零售不良贷款余额377.13亿元,较上年末增加25.78亿元;不良贷款率1.03%,较上年末上升0.07个
百分点。
招商银行股份有限公司
2025年半年度报告(A股)
24
第三章 管理层讨论与分析
3.4.3 按行业划分的贷款及不良贷款分布情况
本集团
2025年6月30日
2024年12月31日
(人民币百万元,百分比除外)
贷款和
垫款金额
占总额
百分比%
不良
贷款金额
不良
贷款率%(1)
贷款和
垫款金额
占总额
百分比%
不良
贷款金额
不良
贷款率%(1)
公司贷款
3,089,691
43.42
28,648
0.93
2,863,740
41.57
30,475
1.06
制造业
722,023
10.15
3,188
0.44
669,630
9.72
3,250
0.49
交通运输、仓储和邮政业
563,391
7.92
1,140
0.20
542,095
7.87
1,191
0.22
电力、热力、燃气及
水生产和供应业
388,201
5.45
563
0.15
343,256
4.98
405
0",600036.SH,招商银行,2025-06-30,2025,半年报,招商银行2025半年报,招商银行2025半年报.pdf,C:\Users\Administrator\Desktop\financial-poc\data\raw\pdf\招商银行2025半年报.pdf,,,,64,679,管理层讨论,20,20,33,
600036_SH_pdf_招商银行2025半年报_pdf_e6770b40_chunk_65,pdf,pdf,"1
7.92
1,140
0.20
542,095
7.87
1,191
0.22
电力、热力、燃气及
水生产和供应业
388,201
5.45
563
0.15
343,256
4.98
405
0.12
房地产业
311,554
4.38
14,774
4.74
318,551
4.62
15,728
4.94
批发和零售业
250,248
3.52
2,500
1.00
227,711
3.31
2,436
1.07
租赁和商务服务业
227,661
3.20
214
0.09
194,492
2.82
788
0.41
信息传输、软件和
信息技术服务业
161,196
2.26
598
0.37
135,017
1.96
542
0.40
金融业
139,860
1.96
349
0.25
140,264
2.04
369
0.26
建筑业
127,144
1.79
1,399
1.10
107,966
1.57
1,371
1.27
采矿业
59,628
0.84
95
0.16
51,967
0.75
550
1.06
水利、环境和
公共设施管理业
37,939
0.53",600036.SH,招商银行,2025-06-30,2025,半年报,招商银行2025半年报,招商银行2025半年报.pdf,C:\Users\Administrator\Desktop\financial-poc\data\raw\pdf\招商银行2025半年报.pdf,,,,65,679,管理层讨论,20,20,33,
600036_SH_pdf_招商银行2025半年报_pdf_e6770b40_chunk_66,pdf,pdf,".10
107,966
1.57
1,371
1.27
采矿业
59,628
0.84
95
0.16
51,967
0.75
550
1.06
水利、环境和
公共设施管理业
37,939
0.53
197
0.52
37,779
0.55
152
0.40
其他(2)
100,846
1.42
3,631
3.60
95,012
1.38
3,693
3.89
票据贴现
348,737
4.90
9
0.00
379,950
5.52
–
–
零售贷款
3,678,188
51.68
37,713
1.03
3,644,625
52.91
35,135
0.96
贷款和垫款总额
7,116,616
100.00
66,370
0.93
6,888,315
100.00
65,610
0.95
注:
(1)
代表某一类不良贷款占该类贷款总额的比例。
(2)
主要包括科学研究和技术服务业,住宿和餐饮业,卫生和社会工作等行业。
本集团深耕科技、绿色、普惠、养老、数字金融五大领域,着力提升服务实体经济质效。报告期内,本集团持续
优化行业信贷政策对接产业需求,依托产业集群政策锚定优质客户,强化",600036.SH,招商银行,2025-06-30,2025,半年报,招商银行2025半年报,招商银行2025半年报.pdf,C:\Users\Administrator\Desktop\financial-poc\data\raw\pdf\招商银行2025半年报.pdf,,,,66,679,管理层讨论,20,20,33,
600036_SH_pdf_招商银行2025半年报_pdf_e6770b40_chunk_67,pdf,pdf,"宿和餐饮业,卫生和社会工作等行业。
本集团深耕科技、绿色、普惠、养老、数字金融五大领域,着力提升服务实体经济质效。报告期内,本集团持续
优化行业信贷政策对接产业需求,依托产业集群政策锚定优质客户,强化准入审核机制,加强重点风险领域管
控,筑牢金融支持实体根基。截至报告期末,本集团制造业贷款余额7,220.23亿元,较上年末增长7.82%,占
贷款和垫款总额10.15%,占比较上年末上升0.43个百分点。
招商银行股份有限公司
2025年半年度报告(A股)
25
第三章 管理层讨论与分析
本公司
2025年6月30日
2024年12月31日
(人民币百万元,百分比除外)
贷款和
垫款金额
占总额
百分比%
不良
贷款金额
不良
贷款率%(1)
贷款和
垫款金额
占总额
百分比%
不良
贷款金额
不良
贷款率%(1)
公司贷款
2,798,720
41.41
24,346
0.87
2,590,409
39.56
26,132
1.01
制造业
691,308
10.23
3,134
0.45
641,476
9.80
3,194
0.50
交通运输、仓储和邮政业
488,409
7.23",600036.SH,招商银行,2025-06-30,2025,半年报,招商银行2025半年报,招商银行2025半年报.pdf,C:\Users\Administrator\Desktop\financial-poc\data\raw\pdf\招商银行2025半年报.pdf,,,,67,679,管理层讨论,20,20,33,
600036_SH_pdf_招商银行2025半年报_pdf_e6770b40_chunk_68,pdf,pdf,",409
39.56
26,132
1.01
制造业
691,308
10.23
3,134
0.45
641,476
9.80
3,194
0.50
交通运输、仓储和邮政业
488,409
7.23
1,022
0.21
465,129
7.10
1,071
0.23
电力、热力、燃气及
水生产和供应业
308,923
4.57
322
0.10
280,675
4.29
388
0.14
房地产业
280,305
4.15
12,786
4.56
286,365
4.37
13,587
4.74
批发和零售业
245,051
3.63
2,496
1.02
223,739
3.42
2,431
1.09
租赁和商务服务业
214,868
3.18
163
0.08
181,427
2.77
731
0.40
信息传输、软件和
信息技术服务业
145,206
2.15
429
0.30
122,375
1.87
374
0.31
建筑业
126,148
1.87
1,369
1.09
106,744
1.63
1,340
1.26
金融业
114,217
1.69
89
0.08
1",600036.SH,招商银行,2025-06-30,2025,半年报,招商银行2025半年报,招商银行2025半年报.pdf,C:\Users\Administrator\Desktop\financial-poc\data\raw\pdf\招商银行2025半年报.pdf,,,,68,679,管理层讨论,20,20,33,
600036_SH_pdf_招商银行2025半年报_pdf_e6770b40_chunk_69,pdf,pdf,"122,375
1.87
374
0.31
建筑业
126,148
1.87
1,369
1.09
106,744
1.63
1,340
1.26
金融业
114,217
1.69
89
0.08
112,367
1.72
87
0.08
采矿业
58,131
0.86
95
0.16
50,494
0.77
550
1.09
水利、环境和
公共设施管理业
33,942
0.50
85
0.25
32,658
0.50
52
0.16
其他(2)
92,212
1.35
2,356
2.55
86,960
1.32
2,327
2.68
票据贴现
348,737
5.16
9
0.00
379,392
5.80
–
–
零售贷款
3,611,408
53.43
37,568
1.04
3,577,919
54.64
34,985
0.98
贷款和垫款总额
6,758,865
100.00
61,923
0.92
6,547,720
100.00
61,117
0.93
注:
(1)
代表某一类不良贷款占该类贷款总额的比例。
(2)
主要包括科学研究和技术服务业,住宿和餐饮业,卫生和社会",600036.SH,招商银行,2025-06-30,2025,半年报,招商银行2025半年报,招商银行2025半年报.pdf,C:\Users\Administrator\Desktop\financial-poc\data\raw\pdf\招商银行2025半年报.pdf,,,,69,679,管理层讨论,20,20,33,
600036_SH_pdf_招商银行2025半年报_pdf_e6770b40_chunk_70,pdf,pdf,"61,923
0.92
6,547,720
100.00
61,117
0.93
注:
(1)
代表某一类不良贷款占该类贷款总额的比例。
(2)
主要包括科学研究和技术服务业,住宿和餐饮业,卫生和社会工作等行业。
招商银行股份有限公司
2025年半年度报告(A股)
26
第三章 管理层讨论与分析
3.4.4 按地区划分的贷款及不良贷款分布情况
本集团
2025年6月30日
2024年12月31日
(人民币百万元,百分比除外)
贷款和
垫款金额
占总额
百分比%
不良
贷款金额
不良
贷款率%(1)
贷款和
垫款金额
占总额
百分比%
不良
贷款金额
不良
贷款率%(1)
总行(2)
990,965
13.93
17,820
1.80
982,386
14.26
18,137
1.85
长江三角洲地区
1,600,785
22.49
14,337
0.90
1,544,721
22.42
13,717
0.89
环渤海地区
1,042,978
14.66
4,789
0.46
998,754
14.50
5,918
0.59
珠江三角洲及海西地区
1,330,307
18.69
11,4",600036.SH,招商银行,2025-06-30,2025,半年报,招商银行2025半年报,招商银行2025半年报.pdf,C:\Users\Administrator\Desktop\financial-poc\data\raw\pdf\招商银行2025半年报.pdf,,,,70,679,管理层讨论,20,20,33,
600036_SH_pdf_招商银行2025半年报_pdf_e6770b40_chunk_71,pdf,pdf,"3,717
0.89
环渤海地区
1,042,978
14.66
4,789
0.46
998,754
14.50
5,918
0.59
珠江三角洲及海西地区
1,330,307
18.69
11,448
0.86
1,256,355
18.24
9,413
0.75
东北地区
171,400
2.41
2,933
1.71
173,569
2.52
3,002
1.73
中部地区
763,018
10.72
5,640
0.74
740,872
10.76
5,606
0.76
西部地区
762,134
10.71
4,610
0.60
753,564
10.94
4,972
0.66
境外
82,744
1.16
346
0.42
81,575
1.18
352
0.43
附属机构
372,285
5.23
4,447
1.19
356,519
5.18
4,493
1.26
贷款和垫款总额
7,116,616
100.00
66,370
0.93
6,888,315
100.00
65,610
0.95
注:
(1)
代表某一类不良贷款占该类贷款总额的比例。
(2)
总行包括信用",600036.SH,招商银行,2025-06-30,2025,半年报,招商银行2025半年报,招商银行2025半年报.pdf,C:\Users\Administrator\Desktop\financial-poc\data\raw\pdf\招商银行2025半年报.pdf,,,,71,679,管理层讨论,20,20,33,
600036_SH_pdf_招商银行2025半年报_pdf_e6770b40_chunk_72,pdf,pdf,"款总额
7,116,616
100.00
66,370
0.93
6,888,315
100.00
65,610
0.95
注:
(1)
代表某一类不良贷款占该类贷款总额的比例。
(2)
总行包括信用卡中心。
本集团积极响应国家区域协调发展战略,顺应产业集群发展趋势,密切关注市场变化,持续开展区域信贷政策研
究,实施差异化的区域经营策略,推动重点分行加快发展,加速优化集团区域结构布局。
3.4.5 按担保方式划分的贷款及不良贷款分布情况
本集团
2025年6月30日
2024年12月31日
(人民币百万元,百分比除外)
贷款和
垫款金额
占总额
百分比%
不良
贷款金额
不良
贷款率%(注)
贷款和
垫款金额
占总额
百分比%
不良
贷款金额
不良
贷款率%(注)
信用贷款
2,890,892
40.62
29,611
1.02
2,800,227
40.64
26,942
0.96
保证贷款
962,204
13.52
15,122
1.57
872,494
12.67
17,154
1.97
抵押贷款
2,441,416
34.31
17,984
0.74
2,381,108
34",600036.SH,招商银行,2025-06-30,2025,半年报,招商银行2025半年报,招商银行2025半年报.pdf,C:\Users\Administrator\Desktop\financial-poc\data\raw\pdf\招商银行2025半年报.pdf,,,,72,679,管理层讨论,20,20,33,
600036_SH_pdf_招商银行2025半年报_pdf_e6770b40_chunk_73,pdf,pdf,"贷款
962,204
13.52
15,122
1.57
872,494
12.67
17,154
1.97
抵押贷款
2,441,416
34.31
17,984
0.74
2,381,108
34.57
17,987
0.76
质押贷款
473,367
6.65
3,644
0.77
454,536
6.60
3,527
0.78
票据贴现
348,737
4.90
9
0.00
379,950
5.52
–
–
贷款和垫款总额
7,116,616
100.00
66,370
0.93
6,888,315
100.00
65,610
0.95
注:
代表某一类不良贷款占该类贷款总额的比例。
截至报告期末,本集团信用贷款较上年末增长3.24%,保证贷款较上年末增长10.28%,抵押贷款较上年末增长
2.53%,质押贷款较上年末增长4.14%。
招商银行股份有限公司
2025年半年度报告(A股)
27
第三章 管理层讨论与分析
3.4.6 前十大单一借款人的贷款情况
本集团
(人民币百万元,百分比除外)
2025年
6月30日
占资本净额
(高级法)
占贷款和垫款
总额
前十大借款人",600036.SH,招商银行,2025-06-30,2025,半年报,招商银行2025半年报,招商银行2025半年报.pdf,C:\Users\Administrator\Desktop\financial-poc\data\raw\pdf\招商银行2025半年报.pdf,,,,73,679,管理层讨论,20,20,33,
600036_SH_pdf_招商银行2025半年报_pdf_e6770b40_chunk_74,pdf,pdf,"A股)
27
第三章 管理层讨论与分析
3.4.6 前十大单一借款人的贷款情况
本集团
(人民币百万元,百分比除外)
2025年
6月30日
占资本净额
(高级法)
占贷款和垫款
总额
前十大借款人
行业
贷款金额
百分比%
百分比%
A
信息传输、软件和信息技术服务业
24,999
1.82
0.35
B
金融业
24,700
1.80
0.35
C
交通运输、仓储和邮政业
22,090
1.61
0.31
D
交通运输、仓储和邮政业
20,032
1.46
0.28
E
交通运输、仓储和邮政业
13,941
1.01
0.20
F
交通运输、仓储和邮政业
11,494
0.84
0.16
G
信息传输、软件和信息技术服务业
10,915
0.79
0.15
H
电力、热力、燃气及水生产和供应业
10,333
0.75
0.15
I
电力、热力、燃气及水生产和供应业
10,272
0.75
0.14
J
房地产业
10,210
0.74
0.14
合计
158,986
11.57
2.23
截至报告期末,本集团最大单一借款人贷款总额249.99亿元,占本集团高级法下资本净额的1.82",600036.SH,招商银行,2025-06-30,2025,半年报,招商银行2025半年报,招商银行2025半年报.pdf,C:\Users\Administrator\Desktop\financial-poc\data\raw\pdf\招商银行2025半年报.pdf,,,,74,679,管理层讨论,20,20,33,
600036_SH_pdf_招商银行2025半年报_pdf_e6770b40_chunk_75,pdf,pdf,"5
0.14
J
房地产业
10,210
0.74
0.14
合计
158,986
11.57
2.23
截至报告期末,本集团最大单一借款人贷款总额249.99亿元,占本集团高级法下资本净额的1.82%。截至报告
期末,本集团前十大单一借款人贷款总额1,589.86亿元,占本集团高级法下资本净额的11.57%,占本集团权重
法下资本净额的11.71%,占本集团贷款和垫款总额的2.23%。
3.4.7 按逾期期限划分的贷款分布情况
本集团
2025年6月30日
2024年12月31日
(人民币百万元,百分比除外)
贷款和
垫款金额
占总额
百分比%
贷款和
垫款金额
占总额
百分比%
逾期3个月以内
45,076
0.63
42,228
0.61
逾期3个月至1年
27,339
0.38
25,201
0.37
逾期1年以上至3年以内
17,842
0.25
17,517
0.25
逾期3年以上
6,827
0.10
6,929
0.10
逾期贷款合计
97,084
1.36
91,875
1.33
贷款和垫款总额
7,116,616
100.00
6,888,315
100.00
截至",600036.SH,招商银行,2025-06-30,2025,半年报,招商银行2025半年报,招商银行2025半年报.pdf,C:\Users\Administrator\Desktop\financial-poc\data\raw\pdf\招商银行2025半年报.pdf,,,,75,679,管理层讨论,20,20,33,
600036_SH_pdf_招商银行2025半年报_pdf_e6770b40_chunk_76,pdf,pdf,"以上
6,827
0.10
6,929
0.10
逾期贷款合计
97,084
1.36
91,875
1.33
贷款和垫款总额
7,116,616
100.00
6,888,315
100.00
截至报告期末,本集团逾期贷款970.84亿元,较上年末增加52.09亿元,逾期贷款占比1.36%,较上年末上升
0.03个百分点。逾期贷款中,抵质押贷款占比34.42%,保证贷款占比16.46%,信用贷款占比49.12%(主要为
信用卡逾期贷款)。本集团对逾期贷款采取审慎的资产分类标准,截至报告期末,本集团不良贷款与逾期90天以
上贷款的比值为1.28,本公司不良贷款与逾期60天以上贷款的比值为1.12。
招商银行股份有限公司
2025年半年度报告(A股)
28
第三章 管理层讨论与分析
3.4.8 重组贷款情况
本集团
2025年6月30日
2024年12月31日
(人民币百万元,百分比除外)
贷款金额
占贷款和垫款
总额百分比%
贷款金额
占贷款和垫款
总额百分比%
已重组贷款
26,123
0.37
24,826
0.36
其中:逾期超过90天的已重组贷款
9,109
0.13
8,08",600036.SH,招商银行,2025-06-30,2025,半年报,招商银行2025半年报,招商银行2025半年报.pdf,C:\Users\Administrator\Desktop\financial-poc\data\raw\pdf\招商银行2025半年报.pdf,,,,76,679,管理层讨论,20,20,33,
600036_SH_pdf_招商银行2025半年报_pdf_e6770b40_chunk_77,pdf,pdf,"贷款金额
占贷款和垫款
总额百分比%
贷款金额
占贷款和垫款
总额百分比%
已重组贷款
26,123
0.37
24,826
0.36
其中:逾期超过90天的已重组贷款
9,109
0.13
8,084
0.12
本集团对贷款重组实施严格审慎的管控。截至报告期末,本集团经重组的不良贷款占比为0.37%,较上年末上升
0.01个百分点。
3.4.9 抵债资产及减值准备计提情况
截至报告期末,本集团抵债资产(非金融工具)余额5.05亿元,扣除已计提减值准备1.37亿元,账面净值3.68亿
元;抵债金融工具余额54.76亿元。
3.4.10 贷款损失准备的变化
下表列出本集团贷款损失准备的变化情况。
本集团
(人民币百万元)
2025年1-6月
2024年
上年末余额
270,301
269,534
本期计提
23,341
43,608
收回以前年度核销贷款
5,514
10,274
期内核销/处置
(26,054)
(53,154)
汇率及其他变动
(369)
39
期末余额
272,733
270,301
本集团坚持稳健、审慎的拨备计提政策。截至报告期末,本集团贷款损失准备余额2,727",600036.SH,招商银行,2025-06-30,2025,半年报,招商银行2025半年报,招商银行2025半年报.pdf,C:\Users\Administrator\Desktop\financial-poc\data\raw\pdf\招商银行2025半年报.pdf,,,,77,679,管理层讨论,20,20,33,
600036_SH_pdf_招商银行2025半年报_pdf_e6770b40_chunk_78,pdf,pdf,"处置
(26,054)
(53,154)
汇率及其他变动
(369)
39
期末余额
272,733
270,301
本集团坚持稳健、审慎的拨备计提政策。截至报告期末,本集团贷款损失准备余额2,727.33亿元,较上年末增
加24.32亿元;拨备覆盖率410.93%,较上年末下降1.05个百分点;贷款拨备率3.83%,较上年末下降0.09个百
分点。有关贷款损失准备的变化详情请参阅财务报告附注9(c)。
3.5 资本充足情况分析
3.5.1 资本监管要求
根据金融监督管理机构的各项资本要求,以及《系统重要性银行附加监管规定(试行)》的附加资本和杠杆率要
求,本集团及本公司的资本充足率、一级资本充足率和核心一级资本充足率应分别不低于11.25%、9.25%和
8.25%且杠杆率应不低于4.375%。报告期内,本集团及本公司一直满足各项资本和杠杆率监管要求。
3.5.2 资本充足率计算范围
本集团资本充足率计算范围包括招商银行及符合《商业银行资本管理办法》
(简称资本新规)的本公司直接或间接
投资的金融机构。本公司资本充足率计算范围包括招商银行境内外所有分支机构。截至报告期末,本集团符合资",600036.SH,招商银行,2025-06-30,2025,半年报,招商银行2025半年报,招商银行2025半年报.pdf,C:\Users\Administrator\Desktop\financial-poc\data\raw\pdf\招商银行2025半年报.pdf,,,,78,679,管理层讨论,20,20,33,
600036_SH_pdf_招商银行2025半年报_pdf_e6770b40_chunk_79,pdf,pdf,"集团资本充足率计算范围包括招商银行及符合《商业银行资本管理办法》
(简称资本新规)的本公司直接或间接
投资的金融机构。本公司资本充足率计算范围包括招商银行境内外所有分支机构。截至报告期末,本集团符合资
本充足率并表范围的附属公司包括:招商永隆银行、招银国际、招银金租、招银理财、招商基金、招商信诺资管
和招银欧洲。
招商银行股份有限公司
2025年半年度报告(A股)
29
第三章 管理层讨论与分析
根据监管要求,本集团未将工商企业及保险类公司纳入并表资本充足率计算范围。在计算并表资本充足率时,本
集团对于不同类型的被投资机构采用不同的处理方法。
序号
被投资机构类别
处理方法
1
拥 有多数表决权或控制权的金融机构(保险公司
除外)
纳入资本并表范围。
2
拥有多数表决权或控制权的保险公司
不 纳入资本并表范围,从各级资本中对应扣除资本投
资;若存在资本缺口,扣除相应的资本缺口。
3
对金融机构的大额少数资本投资
不 纳入资本并表范围,将核心一级资本投资合计超过本
公司核心一级资本净额10%的部分扣除,其他一级
资本投资和二级资本投资应从相应层级资本中全额扣
除,未达到门槛扣除限额的部分",600036.SH,招商银行,2025-06-30,2025,半年报,招商银行2025半年报,招商银行2025半年报.pdf,C:\Users\Administrator\Desktop\financial-poc\data\raw\pdf\招商银行2025半年报.pdf,,,,79,679,管理层讨论,20,20,33,
600036_SH_pdf_招商银行2025半年报_pdf_e6770b40_chunk_80,pdf,pdf,"机构的大额少数资本投资
不 纳入资本并表范围,将核心一级资本投资合计超过本
公司核心一级资本净额10%的部分扣除,其他一级
资本投资和二级资本投资应从相应层级资本中全额扣
除,未达到门槛扣除限额的部分计算风险加权资产。
4
对金融机构的小额少数资本投资
不 纳入资本并表范围,将投资合计超出本公司核心一级
资本净额10%的部分从各级监管资本中对应扣除,未
达到门槛扣除限额的部分计算风险加权资产。
5
对工商企业的股权投资
不纳入资本并表范围,但计算风险加权资产。
截至报告期末,本公司持有多数股权或拥有控制权的被投资金融机构按当地监管要求衡量不存在监管资本缺口。
报告期内,本集团内部资本转移无重大限制。
3.5.3 资本充足率情况
截至报告期末,本集团高级法下核心一级资本充足率、一级资本充足率和资本充足率分别为14.00%、17.07%
和18.56%,较上年末分别下降0.86、0.41和0.49个百分点。各级资本充足率均下降,主要是受现金分红的影
响。
本集团
(人民币百万元,百分比除外)
2025年
6月30日
2024年
12月31日
本期末比
上年末增减(%)
高级法(1)下资本充",600036.SH,招商银行,2025-06-30,2025,半年报,招商银行2025半年报,招商银行2025半年报.pdf,C:\Users\Administrator\Desktop\financial-poc\data\raw\pdf\招商银行2025半年报.pdf,,,,80,679,管理层讨论,20,20,33,
600036_SH_pdf_招商银行2025半年报_pdf_e6770b40_chunk_81,pdf,pdf,"49个百分点。各级资本充足率均下降,主要是受现金分红的影
响。
本集团
(人民币百万元,百分比除外)
2025年
6月30日
2024年
12月31日
本期末比
上年末增减(%)
高级法(1)下资本充足率情况
核心一级资本净额
1,036,591
1,023,048
1.32
一级资本净额
1,264,037
1,203,494
5.03
资本净额
1,374,534
1,311,742
4.79
风险加权资产(不考虑资本底线要求)
7,404,703
6,885,783
7.54
其中:信用风险加权资产
6,308,229
5,973,261
5.61
市场风险加权资产
380,712
196,760
93.49
操作风险加权资产
715,762
715,762
–
风险加权资产(考虑资本底线要求)
7,404,703
6,885,783
7.54
核心一级资本充足率
14.00%
14.86%
下降0.86个百分点
一级资本充足率
17.07%
17.48%
下降0.41个百分点
资本充足率
18.56%
19.05%
下降0.49个百分点
杠杆率情况(2)
调整后的表内外资产余额",600036.SH,招商银行,2025-06-30,2025,半年报,招商银行2025半年报,招商银行2025半年报.pdf,C:\Users\Administrator\Desktop\financial-poc\data\raw\pdf\招商银行2025半年报.pdf,,,,81,679,管理层讨论,20,20,33,
600036_SH_pdf_招商银行2025半年报_pdf_e6770b40_chunk_82,pdf,pdf,".86%
下降0.86个百分点
一级资本充足率
17.07%
17.48%
下降0.41个百分点
资本充足率
18.56%
19.05%
下降0.49个百分点
杠杆率情况(2)
调整后的表内外资产余额
14,904,577
14,218,773
4.82
杠杆率
8.48%
8.46%
上升0.02个百分点
注:
(1)
“高级法” 指2023年11月1日国家金融监督管理总局发布的资本新规中的信用风险内部评级法、市场风险标准法及操作风险标准法,
下同。商业银行应当按照资本计量高级方法和其他方法平行计量资本充足率,并遵守资本底线要求。
(2)
自2024年起按照资本新规的规定计算杠杆率(杠杆率=一级资本净额╱调整后的表内外资产余额)。本集团2025年第一季度末、2024年
年末和2024年第三季度末的杠杆率分别为8.35%、8.46%和8.27%。
招商银行股份有限公司
2025年半年度报告(A股)
30
第三章 管理层讨论与分析
截至报告期末,本公司高级法下核心一级资本充足率、一级资本充足率和资本充足率分别为13.82%、17.03%
和18.55%,较上年末分别下降1.02、0.50",600036.SH,招商银行,2025-06-30,2025,半年报,招商银行2025半年报,招商银行2025半年报.pdf,C:\Users\Administrator\Desktop\financial-poc\data\raw\pdf\招商银行2025半年报.pdf,,,,82,679,管理层讨论,20,20,33,
600036_SH_pdf_招商银行2025半年报_pdf_e6770b40_chunk_83,pdf,pdf,"(A股)
30
第三章 管理层讨论与分析
截至报告期末,本公司高级法下核心一级资本充足率、一级资本充足率和资本充足率分别为13.82%、17.03%
和18.55%,较上年末分别下降1.02、0.50和0.62个百分点。
本公司
(人民币百万元,百分比除外)
2025年
6月30日
2024年
12月31日
本期末比
上年末增减(%)
高级法下资本充足率情况
核心一级资本净额
921,977
914,275
0.84
一级资本净额
1,135,846
1,080,144
5.16
资本净额
1,237,182
1,180,786
4.78
风险加权资产(不考虑资本底线要求)
6,669,094
6,160,977
8.25
其中:信用风险加权资产
5,667,426
5,321,453
6.50
市场风险加权资产
341,301
179,157
90.50
操作风险加权资产
660,367
660,367
–
风险加权资产(考虑资本底线要求)
6,669,094
6,160,977
8.25
核心一级资本充足率
13.82%
14.84%
下降1.02个百分点
一级资本充足率
17.0",600036.SH,招商银行,2025-06-30,2025,半年报,招商银行2025半年报,招商银行2025半年报.pdf,C:\Users\Administrator\Desktop\financial-poc\data\raw\pdf\招商银行2025半年报.pdf,,,,83,679,管理层讨论,20,20,33,
600036_SH_pdf_招商银行2025半年报_pdf_e6770b40_chunk_84,pdf,pdf,"660,367
–
风险加权资产(考虑资本底线要求)
6,669,094
6,160,977
8.25
核心一级资本充足率
13.82%
14.84%
下降1.02个百分点
一级资本充足率
17.03%
17.53%
下降0.50个百分点
资本充足率
18.55%
19.17%
下降0.62个百分点
截至报告期末,本集团权重法下核心一级资本充足率、一级资本充足率和资本充足率分别为11.92%、14.53%
和15.61%,较上年末分别下降0.51、0.10和0.12个百分点。各级资本充足率均下降,主要是受现金分红的影
响。
本集团
(人民币百万元,百分比除外)
2025年
6月30日
2024年
12月31日
本期末比
上年末增减(%)
权重法(注)下资本充足率情况
核心一级资本净额
1,036,591
1,023,048
1.32
一级资本净额
1,264,037
1,203,494
5.03
资本净额
1,357,875
1,293,801
4.95
风险加权资产
8,697,376
8,227,390
5.71
核心一级资本充足率
11.92%
12.43%
下降0.51个百分",600036.SH,招商银行,2025-06-30,2025,半年报,招商银行2025半年报,招商银行2025半年报.pdf,C:\Users\Administrator\Desktop\financial-poc\data\raw\pdf\招商银行2025半年报.pdf,,,,84,679,管理层讨论,20,20,33,
600036_SH_pdf_招商银行2025半年报_pdf_e6770b40_chunk_85,pdf,pdf,"5.03
资本净额
1,357,875
1,293,801
4.95
风险加权资产
8,697,376
8,227,390
5.71
核心一级资本充足率
11.92%
12.43%
下降0.51个百分点
一级资本充足率
14.53%
14.63%
下降0.10个百分点
资本充足率
15.61%
15.73%
下降0.12个百分点
注:
“权重法” 指按照资本新规的规定,信用风险使用权重法,市场风险使用标准法,操作风险使用标准法,下同。
招商银行股份有限公司
2025年半年度报告(A股)
31
第三章 管理层讨论与分析
截至报告期末,本公司权重法下核心一级资本充足率、一级资本充足率和资本充足率分别为11.58%、14.27%
和15.35%,较上年末分别下降0.61、0.13和0.14个百分点。
本公司
(人民币百万元,百分比除外)
2025年
6月30日
2024年
12月31日
本期末比
上年末增减(%)
权重法下资本充足率情况
核心一级资本净额
921,977
914,275
0.84
一级资本净额
1,135,846
1,080,144
5.16
资本净额
1,221,773
1",600036.SH,招商银行,2025-06-30,2025,半年报,招商银行2025半年报,招商银行2025半年报.pdf,C:\Users\Administrator\Desktop\financial-poc\data\raw\pdf\招商银行2025半年报.pdf,,,,85,679,管理层讨论,20,20,33,
600036_SH_pdf_招商银行2025半年报_pdf_e6770b40_chunk_86,pdf,pdf,"上年末增减(%)
权重法下资本充足率情况
核心一级资本净额
921,977
914,275
0.84
一级资本净额
1,135,846
1,080,144
5.16
资本净额
1,221,773
1,162,413
5.11
风险加权资产
7,961,761
7,503,260
6.11
核心一级资本充足率
11.58%
12.19%
下降0.61个百分点
一级资本充足率
14.27%
14.40%
下降0.13个百分点
资本充足率
15.35%
15.49%
下降0.14个百分点
3.5.4 信用风险资本计量
信用风险暴露余额
报告期内,在内部评级法下,本公司信用风险共划分为主权、金融机构、公司、零售、股权、其他等六类风险暴
露。截至报告期末,各类风险暴露余额如下表所示。
2025年6月30日
(人民币百万元)
风险暴露类型
本公司
本集团
内部评级法覆盖部分
金融机构
1,333,487
1,332,580
公司
2,948,682
2,948,682
零售
4,635,351
4,635,351
其中:个人住房抵押贷款
1,415,949
1,415,949
合格循环零售
2,",600036.SH,招商银行,2025-06-30,2025,半年报,招商银行2025半年报,招商银行2025半年报.pdf,C:\Users\Administrator\Desktop\financial-poc\data\raw\pdf\招商银行2025半年报.pdf,,,,86,679,管理层讨论,20,20,33,
600036_SH_pdf_招商银行2025半年报_pdf_e6770b40_chunk_87,pdf,pdf,"87
1,332,580
公司
2,948,682
2,948,682
零售
4,635,351
4,635,351
其中:个人住房抵押贷款
1,415,949
1,415,949
合格循环零售
2,428,461
2,428,461
其他零售
790,941
790,941
内部评级法未覆盖部分
表内
5,712,835
6,568,710
表外
240,274
285,672
交易对手
25,508
29,723
资产证券化风险暴露余额
本集团采用标准法计算资产证券化风险暴露的资本要求,风险权重依据合格外部评级机构的信用评级及资产证
券化类别确定。截至报告期末,本集团资产证券化风险暴露的资本要求为19.37亿元,风险加权资产为242.13亿
元。截至报告期末,本集团资产证券化风险暴露余额如下表所示。
项目
(人民币百万元)
2025年6月30日
传统型
合成型
表内资产证券化风险暴露余额
6,976
–
表外资产证券化风险暴露余额
655
–
招商银行股份有限公司
2025年半年度报告(A股)
32
第三章 管理层讨论与分析
3.5.5 市场风险资本计量
本集团采用标准法计算市场风",600036.SH,招商银行,2025-06-30,2025,半年报,招商银行2025半年报,招商银行2025半年报.pdf,C:\Users\Administrator\Desktop\financial-poc\data\raw\pdf\招商银行2025半年报.pdf,,,,87,679,管理层讨论,20,20,33,
600036_SH_pdf_招商银行2025半年报_pdf_e6770b40_chunk_88,pdf,pdf,"额
6,976
–
表外资产证券化风险暴露余额
655
–
招商银行股份有限公司
2025年半年度报告(A股)
32
第三章 管理层讨论与分析
3.5.5 市场风险资本计量
本集团采用标准法计算市场风险资本要求。截至报告期末,本集团市场风险加权资产为3,807.12亿元,市场风
险资本要求为304.57亿元。
3.5.6 操作风险资本计量
本集团采用标准法计算操作风险资本要求。截至报告期末,本集团操作风险加权资产为7,157.62亿元,操作风
险资本要求为572.61亿元。
3.6 分部经营业绩
本集团主要业务分部包括零售金融业务和批发金融业务。下表列出所示期间本集团各业务分部的概要经营业绩。
项目
(人民币百万元)
2025年1-6月
2024年1-6月
分部税前利润
营业收入
分部税前利润
营业收入
零售金融业务
52,036
96,193
51,198
95,943
批发金融业务
37,057
70,321
36,433
72,035
其他业务
(187)
3,455
2,010
4,967
合计
88,906
169,969
89,641
172,945
报告期内,本集团零售金",600036.SH,招商银行,2025-06-30,2025,半年报,招商银行2025半年报,招商银行2025半年报.pdf,C:\Users\Administrator\Desktop\financial-poc\data\raw\pdf\招商银行2025半年报.pdf,,,,88,679,管理层讨论,20,20,33,
600036_SH_pdf_招商银行2025半年报_pdf_e6770b40_chunk_89,pdf,pdf,"7,057
70,321
36,433
72,035
其他业务
(187)
3,455
2,010
4,967
合计
88,906
169,969
89,641
172,945
报告期内,本集团零售金融业务税前利润520.36亿元,同比增长1.64%,占本集团税前利润的58.53%,同比上
升1.42个百分点;营业收入961.93亿元,同比增长0.26%,占本集团营业收入的56.59%,同比上升1.11个百分
点。同时,报告期本集团零售金融业务成本收入比31.37%,同比上升0.86个百分点。
3.7 根据监管要求披露的其他财务信息
3.7.1 可能对财务状况与经营成果造成重大影响的表外项目余额及其情况",600036.SH,招商银行,2025-06-30,2025,半年报,招商银行2025半年报,招商银行2025半年报.pdf,C:\Users\Administrator\Desktop\financial-poc\data\raw\pdf\招商银行2025半年报.pdf,,,,89,679,管理层讨论,20,20,33,
600036_SH_pdf_招商银行2025半年报_pdf_e6770b40_chunk_90,pdf,pdf,"本集团资产负债表表外项目包括衍生金融工具、承诺及或有负债。承诺及或有负债具体包括信贷承诺、租赁承
诺、资本承担、证券承销承诺、债券承兑承诺、未决诉讼和纠纷及其他或有负债,其中信贷承诺是最主要的组
成部分。截至报告期末,本集团信贷承诺余额32,586.49亿元。有关或有负债及承担的详情请参阅财务报告附注
47。
招商银行股份有限公司
2025年半年度报告(A股)
33",600036.SH,招商银行,2025-06-30,2025,半年报,招商银行2025半年报,招商银行2025半年报.pdf,C:\Users\Administrator\Desktop\financial-poc\data\raw\pdf\招商银行2025半年报.pdf,,,,90,679,资产负债表,33,33,34,资产负债表
600036_SH_pdf_招商银行2025半年报_pdf_e6770b40_chunk_91,pdf,pdf,"第三章 管理层讨论与分析
3.7.2 逾期未偿债务情况
截至报告期末,本集团没有发生逾期未偿债务情况。
3.7.3 应收利息情况及其他应收款坏账准备的计提情况
应收利息情况
本集团已根据财政部要求将基于实际利率法计提的金融工具的利息包含在相应金融工具的账面余额中,并反映在",600036.SH,招商银行,2025-06-30,2025,半年报,招商银行2025半年报,招商银行2025半年报.pdf,C:\Users\Administrator\Desktop\financial-poc\data\raw\pdf\招商银行2025半年报.pdf,,,,91,679,管理层讨论,34,34,34,
600036_SH_pdf_招商银行2025半年报_pdf_e6770b40_chunk_92,pdf,pdf,"相关报表项目中。资产负债表日已到期可收取但尚未收到的利息列于“其他资产”。
其他应收款坏账准备的提取情况
截至报告期末,本集团其他应收款94.67亿元,按个别认定方法计提的其他应收款损失准备37.38亿元。
3.7.4 现金流量情况
报告期内,本集团经营活动产生的现金流量净额为1,344.61亿元,净流入额同比增加262.81亿元,主要由于同
业往来业务净流入增加;投资活动产生的现金流量净额为-1,743.91亿元,净流出额同比增加1,193.69亿元,主
要由于投资支付的现金增加;筹资活动产生的现金流量净额为-213.65亿元,净流出额同比增加1,038.18亿元,
主要由于发行同业存单收到的现金减少。
3.8 发展战略实施情况
报告期内,本公司深入推进价值银行战略,坚持高质量发展、多目标平衡,加快推进“国际化、综合化、差异
化、数智化” 转型,厚植价值观、经营理念和企业文化,持续锻造能力,深入打造“严格管理、守正创新” 的
高质量发展新模式,保持了经营业绩稳中有进、进中向好。
3.8.1 价值创造更加有力
遵循“增量-增收-增效-增值” 的“四增” 价值创造逻辑,为客户、员工、股东",600036.SH,招商银行,2025-06-30,2025,半年报,招商银行2025半年报,招商银行2025半年报.pdf,C:\Users\Administrator\Desktop\financial-poc\data\raw\pdf\招商银行2025半年报.pdf,,,,92,679,资产负债表,34,34,35,资产负债表
600036_SH_pdf_招商银行2025半年报_pdf_e6770b40_chunk_93,pdf,pdf,"力,深入打造“严格管理、守正创新” 的
高质量发展新模式,保持了经营业绩稳中有进、进中向好。
3.8.1 价值创造更加有力
遵循“增量-增收-增效-增值” 的“四增” 价值创造逻辑,为客户、员工、股东、合作伙伴、社会创造更
大的综合价值。持续打造最佳客户服务银行,积极助力客户资金安全、财务健康和财富保值增值,更多客户认
可、信任、选择我们,截至报告期末,零售客户总数2.16亿户,较上年末增长2.86%,公司客户总数336.79万
户,较上年末增长6.36% ;持续打造最佳员工成长银行,加快建设“专业化、多元化、市场化、国际化” 人才
体系,为员工搭建施展才华、实现价值的舞台,员工总数近12万,员工满意度不断提升;持续打造最佳股东回
报银行,报告期年化ROAA和ROAE分别为1.21%和13.85%,保持全球较高水平;持续打造最受合作伙伴信赖银
行,深化大财富管理、投行、同业、科技金融等生态圈建设,167家具有行业代表性的机构入驻招商银行App财
富开放平台“招财号” ;持续打造最具社会责任银行,积极践行服务实体经济宗旨,践行ESG理念,参与公益慈
善,大力支持乡村振兴。
招商银行股份有",600036.SH,招商银行,2025-06-30,2025,半年报,招商银行2025半年报,招商银行2025半年报.pdf,C:\Users\Administrator\Desktop\financial-poc\data\raw\pdf\招商银行2025半年报.pdf,,,,93,679,资产负债表,34,34,35,资产负债表
600036_SH_pdf_招商银行2025半年报_pdf_e6770b40_chunk_94,pdf,pdf,"圈建设,167家具有行业代表性的机构入驻招商银行App财
富开放平台“招财号” ;持续打造最具社会责任银行,积极践行服务实体经济宗旨,践行ESG理念,参与公益慈
善,大力支持乡村振兴。
招商银行股份有限公司
2025年半年度报告(A股)
34",600036.SH,招商银行,2025-06-30,2025,半年报,招商银行2025半年报,招商银行2025半年报.pdf,C:\Users\Administrator\Desktop\financial-poc\data\raw\pdf\招商银行2025半年报.pdf,,,,94,679,资产负债表,34,34,35,资产负债表
600036_SH_pdf_招商银行2025半年报_pdf_e6770b40_chunk_95,pdf,pdf,"第三章 管理层讨论与分析
3.8.2 国际化发展提速增效
本公司积极服务中资企业“出海” 和客户全球资产配置需求,抢抓巩固提升香港国际金融中心地位和香港资本
市场持续回暖机遇,不断完善跨境金融服务体系,进一步提升机构、业务、人才、管理的国际化水平。境外机构
稳中向好,截至报告期末,本公司在境外设有6家分行和3家全资子公司。境外机构2立足市场差异,坚持“合规
优先”,明确方向定位,持续夯实基础,期末总资产较上年末增长6.56%,报告期营业收入同比增长23.72%。
本集团在港机构3积极服务香港巩固提升国际金融中心地位,期末总资产较上年末增长9.49%,报告期营业收入
同比增长25.28%。跨境业务加快发展,报告期本公司对公涉外收支客户达78,569户,对公涉外收支业务量达
2,226.35亿美元4 ;跨境理财通实现南向通“全流程线上化”,本公司作为境内首批试点银行上线跨境支付通产
品,并首家推出境内外均以人民币结算的万事达借记卡。外汇业务快速增长,报告期金融市场对客业务批发客户
数同比增长14.95%,金融市场批发对客业务交易量同比增长25.16%。
3.8.3 综合化经营持续深入
本集",600036.SH,招商银行,2025-06-30,2025,半年报,招商银行2025半年报,招商银行2025半年报.pdf,C:\Users\Administrator\Desktop\financial-poc\data\raw\pdf\招商银行2025半年报.pdf,,,,95,679,管理层讨论,35,35,60,
600036_SH_pdf_招商银行2025半年报_pdf_e6770b40_chunk_96,pdf,pdf,"推出境内外均以人民币结算的万事达借记卡。外汇业务快速增长,报告期金融市场对客业务批发客户
数同比增长14.95%,金融市场批发对客业务交易量同比增长25.16%。
3.8.3 综合化经营持续深入
本集团通过全资、控股及合营方式,形成了覆盖商业银行、基金、保险、理财、金融租赁、消费金融、境外投
行等金融牌照的综合化布局。报告期内,本集团充分发挥各牌照优势,树立“一个招行” 理念,为客户提供综
合金融服务。完善综合化布局。报告期内,为提升投商行一体化服务能力,本集团积极申请筹建金融资产投资
公司,并于2025年7月3日正式获批筹建,目前正稳步推进相关工作。推进子公司和合营公司发展提质增效。依
法合规行使股东权利,加强对各公司的全面管理,推动各公司不断夯实客户基础、业务基础、管理基础、队伍
基础。截至报告期末,招银理财理财产品余额2.46万亿元,保持银行理财公司行业前列;招银金租报告期租赁
业务投放额554.27亿元,保持金租行业前列;招商基金期末非货币公募基金管理规模5,228.89亿元,保持行业
前列;招联消金期末贷款余额1,643.88亿元,资产规模、资产质量及净利润水平均保持行业前列",600036.SH,招商银行,2025-06-30,2025,半年报,招商银行2025半年报,招商银行2025半年报.pdf,C:\Users\Administrator\Desktop\financial-poc\data\raw\pdf\招商银行2025半年报.pdf,,,,96,679,管理层讨论,35,35,60,
600036_SH_pdf_招商银行2025半年报_pdf_e6770b40_chunk_97,pdf,pdf,"投放额554.27亿元,保持金租行业前列;招商基金期末非货币公募基金管理规模5,228.89亿元,保持行业
前列;招联消金期末贷款余额1,643.88亿元,资产规模、资产质量及净利润水平均保持行业前列;招商信诺加
速大健康业务转型,高端医疗团险市场份额位居行业前列;招商信诺资管期末受托管理保险资金规模2,140.16
亿元,较上年末增长12.85% ;招银国际报告期港股IPO承销项目数、保荐项目数分别位列香港市场第一、第
四5 ;招商永隆银行期末管理零售客户总资产(AUM)余额6,236.93亿港元,较上年末增长16.51%。加强协同联
动。本集团把为客户创造最大价值作为标准,深化协同机制建设,加强风险合规管理,为客户提供综合化、一体
化、全周期服务,推动本集团高质量发展。截至报告期末,主要子公司6总资产达9,320.90亿元,较上年末增长
9.00%,报告期营业收入占本集团的比重达12.56%,同比提升2.95个百分点。
3.8.4 差异化竞争优势更加突出
报告期内,本公司坚持差异化的发展定位,坚持零售金融战略主体地位,推进“零售金融、公司金融、投行与
金融市场、财富管理与资产管理”",600036.SH,招商银行,2025-06-30,2025,半年报,招商银行2025半年报,招商银行2025半年报.pdf,C:\Users\Administrator\Desktop\financial-poc\data\raw\pdf\招商银行2025半年报.pdf,,,,97,679,管理层讨论,35,35,60,
600036_SH_pdf_招商银行2025半年报_pdf_e6770b40_chunk_98,pdf,pdf,"56%,同比提升2.95个百分点。
3.8.4 差异化竞争优势更加突出
报告期内,本公司坚持差异化的发展定位,坚持零售金融战略主体地位,推进“零售金融、公司金融、投行与
金融市场、财富管理与资产管理” 四大板块协同发展,突出重点区域、细分领域,错位竞争、打造优势,以点
带面、以面带点,提升整体竞争力。
零售金融板块巩固并扩大体系化优势。本公司围绕客户“存贷汇” 需求,丰富产品供应,深化客户经营,持续
推进客户服务向数字化、智能化转型。截至报告期末,本公司管理零售客户总资产(AUM)余额16.03万亿元,
较上年末增长7.39% ;零售客户存款余额达40,166.24亿元,较上年末增长4.99% ;零售贷款余额36,114.08亿
元,较上年末增长0.94%。零售金融业务对本公司营收和利润的贡献占比均在55%以上,报告期零售财富管理
手续费及佣金收入同比增长6.00%。
2
本段境外机构、在港机构数据均为合并抵销前数据。
3
包括本公司香港分行、招商永隆银行和招银国际等。
4
自2024年年报起,对公涉外收支业务量统计口径不再包含证券投资。
5
根据彭博统计的数据。
6
包括招商永隆银行",600036.SH,招商银行,2025-06-30,2025,半年报,招商银行2025半年报,招商银行2025半年报.pdf,C:\Users\Administrator\Desktop\financial-poc\data\raw\pdf\招商银行2025半年报.pdf,,,,98,679,管理层讨论,35,35,60,
600036_SH_pdf_招商银行2025半年报_pdf_e6770b40_chunk_99,pdf,pdf,"港机构数据均为合并抵销前数据。
3
包括本公司香港分行、招商永隆银行和招银国际等。
4
自2024年年报起,对公涉外收支业务量统计口径不再包含证券投资。
5
根据彭博统计的数据。
6
包括招商永隆银行、招银国际、招银金租、招商基金、招银理财、招银欧洲和招商信诺资管等。
招商银行股份有限公司
2025年半年度报告(A股)
35
第三章 管理层讨论与分析
公司金融板块持续打造特色金融。聚焦科技金融、绿色金融、普惠金融、智造金融、数字金融、跨境金融、汽车
金融、养老金融等领域,深化高质量获客,升级“全行服务一家” 等经营服务模式。截至报告期末,公司客户
存款余额50,468.08亿元,较上年末增长1.91% ;公司贷款余额27,987.20亿元,较上年末增长8.04%。其中,
科技、绿色、制造业等重点领域贷款增速均显著高于本公司贷款平均增速。截至报告期末,本公司科技企业贷款
余额6,962.05亿元,较上年末增长17.91% ;对公绿色贷款余额4,147.14亿元7,较年初增长12.90% ;制造业贷
款余额6,913.08亿元,较上年末增长7.77%。
投行与金融市场板块业务竞争力不断增强",600036.SH,招商银行,2025-06-30,2025,半年报,招商银行2025半年报,招商银行2025半年报.pdf,C:\Users\Administrator\Desktop\financial-poc\data\raw\pdf\招商银行2025半年报.pdf,,,,99,679,管理层讨论,35,35,60,
600036_SH_pdf_招商银行2025半年报_pdf_e6770b40_chunk_100,pdf,pdf,"亿元,较上年末增长17.91% ;对公绿色贷款余额4,147.14亿元7,较年初增长12.90% ;制造业贷
款余额6,913.08亿元,较上年末增长7.77%。
投行与金融市场板块业务竞争力不断增强。截至报告期末,投行业务贡献的公司客户融资总量(FPA)余额较年初
增长8.90%,并购金融业务发生额同比增长27.39%,其中人民币并购贷款投放金额同比增长129.37%。在金融
市场业务方面,本公司全面提升全球交易能力和客群服务能力,报告期内,本公司金融市场对客业务批发客户数
为66,585家,同比增长14.95%。票据业务一体化经营能力持续提升,客户综合服务进一步深化,截至报告期末
直贴业务规模保持市场排名第二(中国银行业协会数据),本公司客户开通票据“新一代” 系统8的户数突破100
万户。
财富管理与资产管理持续深化转型升级。本公司围绕居民、企业的财富管理需求丰富产品供应,提升专业服务能
力,加快转型升级。截至报告期末,本公司零售财富产品持仓客户数达6,107.00万户,较上年末增长4.90% ;
“招商银行TREE资产配置服务体系” 下进行资产配置的客户达1,132.67万户,",600036.SH,招商银行,2025-06-30,2025,半年报,招商银行2025半年报,招商银行2025半年报.pdf,C:\Users\Administrator\Desktop\financial-poc\data\raw\pdf\招商银行2025半年报.pdf,,,,100,679,管理层讨论,35,35,60,
600036_SH_pdf_招商银行2025半年报_pdf_e6770b40_chunk_101,pdf,pdf,"务能
力,加快转型升级。截至报告期末,本公司零售财富产品持仓客户数达6,107.00万户,较上年末增长4.90% ;
“招商银行TREE资产配置服务体系” 下进行资产配置的客户达1,132.67万户,较上年末增长9.17% ;报告期企
业财富管理产品日均余额4,590.59亿元,较上年全年增长14.80% ;期末资管业务总规模达4.45万亿元9 ;期末
托管规模达24.14万亿元,居行业前列。
3.8.5 加快数智化转型,打造数智招行
本公司坚持守正创新,实施科技兴行战略,通过科技赋能,在产品、服务、经营、管理等关键领域推进革新,
以“线上化、数据化、智能化、平台化、生态化” 为演进方向,推进“数智招行” 建设,全面拥抱以大模型为
代表的新一代人工智能革命,加速推动“AI+金融” 建设,全力做好数字金融大文章。报告期内,本公司信息
科技投入44.44亿元,达到本公司营业收入的2.93%。注重数智化人才储备,截至报告期末,本集团研发人员达
10,782人,占本集团员工总数的9.13%。金融科技创新项目基金聚焦战略导向、AI建设、前沿科技,全面推进
本公司数智化能力建设。报告期内新增立项金",600036.SH,招商银行,2025-06-30,2025,半年报,招商银行2025半年报,招商银行2025半年报.pdf,C:\Users\Administrator\Desktop\financial-poc\data\raw\pdf\招商银行2025半年报.pdf,,,,101,679,管理层讨论,35,35,60,
600036_SH_pdf_招商银行2025半年报_pdf_e6770b40_chunk_102,pdf,pdf,"重数智化人才储备,截至报告期末,本集团研发人员达
10,782人,占本集团员工总数的9.13%。金融科技创新项目基金聚焦战略导向、AI建设、前沿科技,全面推进
本公司数智化能力建设。报告期内新增立项金融科技创新项目386个,新增上线项目214个;截至报告期末,全
行累计立项金融科技创新项目4,796个,累计上线项目4,007个。
零售业务方面,全面推动“数智零售” 建设,持续赋能提升客户智能化服务体验。截至报告期末,招商银行
App和掌上生活App的月活跃用户(MAU)达1.21亿户。利用大模型技术提升服务质效,全面焕新“小招” 智能服
务,推动专家式、管家式服务升级,基于智能分析洞察客户需求,提供财富管理建议。推进零售信贷数智化转
型,加强外部数据对接,打造涵盖数据、模型、策略的量化风控体系,有效提升零售信贷优质客群识别能力。数
智化赋能私人银行业务,迭代招商银行App尊享版,升级资产配置智能服务能力,构建家族信托经营数智化支撑
能力,全面提升智能化专业服务质量。
批发业务方面,深化数智化建设,全面提升客户服务与经营质效,有力支持实体经济高质量发展。截至报告期
末,融资业务线上化率达",600036.SH,招商银行,2025-06-30,2025,半年报,招商银行2025半年报,招商银行2025半年报.pdf,C:\Users\Administrator\Desktop\financial-poc\data\raw\pdf\招商银行2025半年报.pdf,,,,102,679,管理层讨论,35,35,60,
600036_SH_pdf_招商银行2025半年报_pdf_e6770b40_chunk_103,pdf,pdf,"置智能服务能力,构建家族信托经营数智化支撑
能力,全面提升智能化专业服务质量。
批发业务方面,深化数智化建设,全面提升客户服务与经营质效,有力支持实体经济高质量发展。截至报告期
末,融资业务线上化率达94.26%,外汇业务线上化率达84.33%,较上年末分别提升0.45和6.92个百分点。批
发线上渠道月活跃客户213.05万户,同比增长12.61%。为企业提供不同发展阶段的财资管理数智化服务,围
绕企业生产经营场景积极融入企业数字化转型,截至报告期末,财资管理云服务客户达70.92万户,较上年末增
长15.28%。数智化赋能公积金服务,打造AI智能客服、灵活就业人员缴存测算、业务资金管理系统等公积金数
字化产品,截至报告期末,累计与111家公积金中心开展数智化合作,推进“金融+政务” 深度融合。持续推进
产品服务智能化,构建客户智能财富管家“招赢通AI小招”,支持客户在自然交互中轻松完成各类高频业务操
作,大幅提升客户体验。
7
绿色贷款数据按照中国人民银行最新口径统计。
8
指2022年8月上海票据交易所上线的新一代票据系统。
9
指本公司子公司招银理财、招商基金、招商信诺资管和招",600036.SH,招商银行,2025-06-30,2025,半年报,招商银行2025半年报,招商银行2025半年报.pdf,C:\Users\Administrator\Desktop\financial-poc\data\raw\pdf\招商银行2025半年报.pdf,,,,103,679,管理层讨论,35,35,60,
600036_SH_pdf_招商银行2025半年报_pdf_e6770b40_chunk_104,pdf,pdf,"各类高频业务操
作,大幅提升客户体验。
7
绿色贷款数据按照中国人民银行最新口径统计。
8
指2022年8月上海票据交易所上线的新一代票据系统。
9
指本公司子公司招银理财、招商基金、招商信诺资管和招银国际的资管业务总规模。
招商银行股份有限公司
2025年半年度报告(A股)
36
第三章 管理层讨论与分析
风险管理方面,不断提升风险管理能力和效率,推动风险管理数智化转型。加快建设集团风险管理系统(GRS),
打造领先、便利、有效的对公资产业务全流程风险管理平台,小企业尽调报告自动化引入率达70.00%,撰写效
率提升15.97% ;在信息管理的合规框架内,保持本集团内风险信息互通共享。报告期内,在线风控平台持续升
级,新发放公司贷款2,791.05亿元,同比增长47.96%。结合内外部数据,加强大模型与风险管理场景的结合应
用,打造风险合规管理智能助手“风险小助”,通过嵌入作业流程实现AI赋能客户经理,探索用AI重塑信贷流
程;重点推进客户经理、风险经理、审贷官智能体10建设和风险推理大模型建设,持续提升信贷审批效率和风险
管理能力。
经营管理方面,依托数智化工具驱动全行经营管理提质",600036.SH,招商银行,2025-06-30,2025,半年报,招商银行2025半年报,招商银行2025半年报.pdf,C:\Users\Administrator\Desktop\financial-poc\data\raw\pdf\招商银行2025半年报.pdf,,,,104,679,管理层讨论,35,35,60,
600036_SH_pdf_招商银行2025半年报_pdf_e6770b40_chunk_105,pdf,pdf,"I赋能客户经理,探索用AI重塑信贷流
程;重点推进客户经理、风险经理、审贷官智能体10建设和风险推理大模型建设,持续提升信贷审批效率和风险
管理能力。
经营管理方面,依托数智化工具驱动全行经营管理提质增效,为业务发展提供坚实基础。零售条线以零售小助为
载体,加速融合智能化技术与知识库,重构智能应用与内部用户的交互方式,为客户经理和中台队伍在商机挖
掘、客户服务和策略分析等关键工作场景持续赋能。批发条线聚焦客户营销主流程智能化升级,打造面向客户经
理的“CRM小助”,实现智能营销辅助场景功能,截至报告期末,“CRM小助” 月活跃用户数突破7,000人,
有效提升客户经理工作效率。持续构建创新驱动的数智化管理体系,“智本GPT” 深入探索智能体与资本管理
场景的结合,推动大模型从专业领域“数据查询助手” 成长为“数据分析专家” ;创新构建产品定价管理系统
“智价GPT”,推出多维投入产出智能分析矩阵,提升定价管理精细化、智能化水平。推出以数字助理为代表的
新一代数字生产力,其中“数字美眉” 创新人力资源数智化服务模式,截至报告期末,使用数达14.91万人次,
实现对员工的智能化服务。
内部",600036.SH,招商银行,2025-06-30,2025,半年报,招商银行2025半年报,招商银行2025半年报.pdf,C:\Users\Administrator\Desktop\financial-poc\data\raw\pdf\招商银行2025半年报.pdf,,,,105,679,管理层讨论,35,35,60,
600036_SH_pdf_招商银行2025半年报_pdf_e6770b40_chunk_106,pdf,pdf,"析矩阵,提升定价管理精细化、智能化水平。推出以数字助理为代表的
新一代数字生产力,其中“数字美眉” 创新人力资源数智化服务模式,截至报告期末,使用数达14.91万人次,
实现对员工的智能化服务。
内部运营方面,升级数智驱动的智能运营模式,赋能运营作业与管理效能提升,实现体验、效率、风险和成本的
高质量平衡。持续优化“营小助” 大模型智能运营助理,落地“营小助” 数字助理、运营知识问答、业务智能
审核、自动化录入作业、智能服务对练等23个场景应用,截至报告期末,月活跃用户覆盖超80%的运营人员。
响应国家推广电子发票号召,实现开票服务全面电子化。打造“票、财、税、档” 一体化方案,加速推进财务
运营的智能化转型,实现大模型在财务报销审核领域的创新应用。报告期内,处理无纸化报销单54.86万笔,较
传统纸质报销模式时效提升54.05%。
科技基础设施方面,持续夯实“云+AI+中台” 科技底座,建立完整的大模型技术能力,全面推动大模型应用
落地。云平台优化升级,围绕夯实可用性、提升资源效能,持续完善招行云,报告期内,云的总体可用性超过
99.999%。中台建设成果显著,技术中台方面,聚焦打造",600036.SH,招商银行,2025-06-30,2025,半年报,招商银行2025半年报,招商银行2025半年报.pdf,C:\Users\Administrator\Desktop\financial-poc\data\raw\pdf\招商银行2025半年报.pdf,,,,106,679,管理层讨论,35,35,60,
600036_SH_pdf_招商银行2025半年报_pdf_e6770b40_chunk_107,pdf,pdf,"建立完整的大模型技术能力,全面推动大模型应用
落地。云平台优化升级,围绕夯实可用性、提升资源效能,持续完善招行云,报告期内,云的总体可用性超过
99.999%。中台建设成果显著,技术中台方面,聚焦打造行业领先的技术支撑能力,持续提升组件规模和质
量,截至报告期末,累计发布组件6,314个,提升全行IT资源复用水平,快速响应业务需求。深化应用大模型辅
助编程产品“云效AI助手”,实现研发人员覆盖率超过80%,有效提升研发效率。数据中台方面,数据资产管
理水平持续提升,积极参与数据要素市场建设和公共数据的开发应用,推行智能的数据资产查找与数据分析服
务,截至报告期末,大数据服务已覆盖全行近65%的业务人员。AI建设与应用全面推进,从技术体系、场景应
用、生态建设三方面协同发力。技术体系层面,构建业界领先的智算基础设施,通过底层技术创新持续提升模
型性能和算力效能,打造使用门槛低、集成速度快的企业级AI中台,支持全行大模型应用全面推广。场景应用层
面,目前已在零售、对公、风控、运营、办公等多个领域共落地184个场景应用,有效提升了业务处理效率和服
务水平。报告期内,人工效能提升方面节约人工4",600036.SH,招商银行,2025-06-30,2025,半年报,招商银行2025半年报,招商银行2025半年报.pdf,C:\Users\Administrator\Desktop\financial-poc\data\raw\pdf\招商银行2025半年报.pdf,,,,107,679,管理层讨论,35,35,60,
600036_SH_pdf_招商银行2025半年报_pdf_e6770b40_chunk_108,pdf,pdf,"业级AI中台,支持全行大模型应用全面推广。场景应用层
面,目前已在零售、对公、风控、运营、办公等多个领域共落地184个场景应用,有效提升了业务处理效率和服
务水平。报告期内,人工效能提升方面节约人工475万小时,同时在采购替代、向客户提供智能推荐服务等方面
带来约3.9亿元的经济效益。生态建设层面,对内完善内部大模型体验平台“爱共创” 的建设,面向各个岗位员
工培训AI思维和技能,培养一批既懂业务又通技术的大模型人才,梳理业务领域专业知识和经验,实现技术向业
务价值转化;对外持续向开源社区主流项目提交招行自研成果,积极参与大模型技术生态共建。
10
智能体是指在银行业务体系中,采用Agent框架建设的,能根据具体业务场景,基于算法和知识,模拟或替代业务人员行为,自动产出信息、采
取行动的系统功能组合或软硬件平台。
招商银行股份有限公司
2025年半年度报告(A股)
37
第三章 管理层讨论与分析
3.8.6 加强管理,降本提质增效
报告期内,本公司持续打造规范、精细、赋能、系统、科学的管理体系,为高质量发展提供保障。加强资产负
债管理,深化客户视角的资产负债管理体系,优化资产负债组合配",600036.SH,招商银行,2025-06-30,2025,半年报,招商银行2025半年报,招商银行2025半年报.pdf,C:\Users\Administrator\Desktop\financial-poc\data\raw\pdf\招商银行2025半年报.pdf,,,,108,679,管理层讨论,35,35,60,
600036_SH_pdf_招商银行2025半年报_pdf_e6770b40_chunk_109,pdf,pdf,"与分析
3.8.6 加强管理,降本提质增效
报告期内,本公司持续打造规范、精细、赋能、系统、科学的管理体系,为高质量发展提供保障。加强资产负
债管理,深化客户视角的资产负债管理体系,优化资产负债组合配置,加大优质资产组织和高质量负债拓展力
度,保持资产负债的结构优势,净利息收益率的领先优势得到进一步巩固;加强成本管理,完善降本增效长效机
制,坚持费用有保有压,构建精益规范的成本管理体系,严肃财经纪律,报告期内本公司业务及管理费同比下降
0.98% ;加强运营管理,提升集中化、集约化运营服务,应用AI数智驱动服务及管理质效提升;加强服务管理和
消费者权益保护,将其纳入经营管理和业务发展的关键环节,本公司对产品和服务的消保审查覆盖率为100%,
持续提升客户服务体验,充分保障客户合法权益;加强人力资源体系建设,紧跟战略方向优化组织阵型,聚焦员
工能力提升,积极拥抱AI技术革新,着力打造“专业化、多元化、市场化、国际化” 的人才队伍。
3.8.7 重点区域发展纵深推进
报告期内,本公司积极响应国家区域协调发展战略,顺应产业集群发展趋势,持续推动长三角、珠三角、成渝和
海西等区域的分行在区域打",600036.SH,招商银行,2025-06-30,2025,半年报,招商银行2025半年报,招商银行2025半年报.pdf,C:\Users\Administrator\Desktop\financial-poc\data\raw\pdf\招商银行2025半年报.pdf,,,,109,679,管理层讨论,35,35,60,
600036_SH_pdf_招商银行2025半年报_pdf_e6770b40_chunk_110,pdf,pdf,"、多元化、市场化、国际化” 的人才队伍。
3.8.7 重点区域发展纵深推进
报告期内,本公司积极响应国家区域协调发展战略,顺应产业集群发展趋势,持续推动长三角、珠三角、成渝和
海西等区域的分行在区域打造招行特色、在招行打造区域特色,以分行加快发展助力区域高质量发展。截至报告
期末,重点区域分行客群、管理零售客户总资产(AUM)、核心存款和贷款规模等主要指标较上年末增速均高于境
内分行平均水平。报告期内,本公司16家重点区域分行的核心存款11日均余额占境内分行的比重较上年全年上升
0.43个百分点;期末贷款12余额占境内分行的比重较上年末上升0.22个百分点。
3.8.8 巩固堡垒式的全面风险与合规管理体系
报告期内,本公司坚持“风险为本、质量第一”,持续巩固堡垒式的风险合规管理体系。一方面,深入推进房
地产、零售信贷、反洗钱与制裁合规等重点领域的风险防范化解,加大不良清收处置力度,牢牢守住资产质量
生命线。截至报告期末,本公司不良贷款率为0.92%,较上年末下降0.01个百分点。另一方面,统筹发展与安
全,根据业务发展和管理需要,不断完善并表管理、信贷政策、授权体系,持续强化各项关键机",600036.SH,招商银行,2025-06-30,2025,半年报,招商银行2025半年报,招商银行2025半年报.pdf,C:\Users\Administrator\Desktop\financial-poc\data\raw\pdf\招商银行2025半年报.pdf,,,,110,679,管理层讨论,35,35,60,
600036_SH_pdf_招商银行2025半年报_pdf_e6770b40_chunk_111,pdf,pdf,"资产质量
生命线。截至报告期末,本公司不良贷款率为0.92%,较上年末下降0.01个百分点。另一方面,统筹发展与安
全,根据业务发展和管理需要,不断完善并表管理、信贷政策、授权体系,持续强化各项关键机制建设,从根源
上抓实问题整改,扎实开展“合规履职年” 活动,推动实现集团风险管理系统(GRS)平稳切换,夯实风险与合规
管理基础。
3.9 经营中关注的重点问题
3.9.1 关于净利息收益率
报告期内,本集团和本公司净利息收益率分别为1.88%和1.94%,同比分别下降12和13个基点,均较上年全年
下降10个基点;第二季度,本集团和本公司净利息收益率分别为1.86%和1.91%,均较一季度下降5个基点。净
利息收益率下降主要包括资产端和负债端两方面的原因。资产端,一是受上年存量房贷利率下调、LPR(贷款市
场报价利率)下降及有效信贷需求不足影响,新发放贷款定价持续下行,贷款平均收益率继续走低;二是市场利
率中枢跟随政策利率的下调而持续下行,带动债券投资和票据贴现等市场化资产收益率继续下降。负债端,企业
和居民资金活化不足,低成本活期存款增长承压,存款定期化趋势持续,存款成本率的下降幅度",600036.SH,招商银行,2025-06-30,2025,半年报,招商银行2025半年报,招商银行2025半年报.pdf,C:\Users\Administrator\Desktop\financial-poc\data\raw\pdf\招商银行2025半年报.pdf,,,,111,679,管理层讨论,35,35,60,
600036_SH_pdf_招商银行2025半年报_pdf_e6770b40_chunk_112,pdf,pdf,"低;二是市场利
率中枢跟随政策利率的下调而持续下行,带动债券投资和票据贴现等市场化资产收益率继续下降。负债端,企业
和居民资金活化不足,低成本活期存款增长承压,存款定期化趋势持续,存款成本率的下降幅度不及贷款收益率
的下降幅度。为了保持净利息收益率的相对稳定,报告期内,本集团加强了资产负债组合管理和精细化管理。资
产端,持之以恒加大有效资产组织力度,强化大类资产的协同管理,加快低收益资产流转;负债端,严格管控负
债成本,持续推动低成本核心存款的增长,灵活安排市场化资金的吸收,保持负债成本优势。
11
核心存款为本公司存款内部管理指标,不含大额存单、结构性存款等成本较高的存款。
12
不含信用卡贷款。
招商银行股份有限公司
2025年半年度报告(A股)
38
第三章 管理层讨论与分析
当前利率中枢持续下移,低利率环境给银行业经营带来较大压力,行业整体净利息收益率处于历史较低水平,短
期内仍面临一定下行压力。展望下半年,本集团净利息收益率仍将承压,与此同时也存在有利因素。压力方面,
资产端,影响资产收益率的存量政策性因素仍需时间消化,有效信贷需求仍显不足,预计下半年资产收益率将延
续下降趋",600036.SH,招商银行,2025-06-30,2025,半年报,招商银行2025半年报,招商银行2025半年报.pdf,C:\Users\Administrator\Desktop\financial-poc\data\raw\pdf\招商银行2025半年报.pdf,,,,112,679,管理层讨论,35,35,60,
600036_SH_pdf_招商银行2025半年报_pdf_e6770b40_chunk_113,pdf,pdf,"临一定下行压力。展望下半年,本集团净利息收益率仍将承压,与此同时也存在有利因素。压力方面,
资产端,影响资产收益率的存量政策性因素仍需时间消化,有效信贷需求仍显不足,预计下半年资产收益率将延
续下降趋势;负债端,存款定期化趋势不减,负债成本管控压力仍存。有利因素方面,一是2025年5月一揽子金
融政策出台后,货币政策、金融监管政策和资本市场政策环环相扣、组合发力,成效将不断显现,有利于改善市
场主体的信心和预期,经济回升向好态势继续巩固,银行业基本面有望得以修复;二是存款利率在监管政策和市
场化因素推动下进一步下降,同时利率自律机制加强了对市场非理性竞争行为的约束,为存款成本管控提供了有
利的外部环境。
本集团将多措并举,推动净利息收益率合理稳健运行。资产端,用好用足各项支持性政策,推动贷款加快投放,
积极服务实体经济的同时,做好大类资产组织,并不断优化业务和客群结构,同时,着力优化大类资产结构,强
化票据、债券、同业等资产的组合配置,保持合理的资产收益率水平;负债端,继续稳定存款高质量增长基本
盘,拓展低成本高质量存款来源,把握存款利率市场化不断深化的政策机遇,推动存款成本稳中趋降,",600036.SH,招商银行,2025-06-30,2025,半年报,招商银行2025半年报,招商银行2025半年报.pdf,C:\Users\Administrator\Desktop\financial-poc\data\raw\pdf\招商银行2025半年报.pdf,,,,113,679,管理层讨论,35,35,60,
600036_SH_pdf_招商银行2025半年报_pdf_e6770b40_chunk_114,pdf,pdf,"产结构,强
化票据、债券、同业等资产的组合配置,保持合理的资产收益率水平;负债端,继续稳定存款高质量增长基本
盘,拓展低成本高质量存款来源,把握存款利率市场化不断深化的政策机遇,推动存款成本稳中趋降,同时,强
化负债的组合管理,前瞻研判市场利率走势,灵活合理安排市场化资金的吸收,巩固整体负债成本优势。
3.9.2 关于非利息净收入
报告期内,本集团贯彻落实高质量发展要求,聚焦客户需求,加快产品转型和服务升级,着力支持实体经济,
不断提升客户服务质效。报告期内,本集团实现非利息净收入638.84亿元,同比下降6.73%,在营业收入中
占比37.59%,同比下降2.02个百分点。本集团非利息净收入中,净手续费及佣金收入376.02亿元,同比下降
1.89%,在非利息净收入中占比58.86% ;其他净收入262.82亿元,同比下降12.88%,其他净收入变化原因详
见本章3.2.6 “非利息净收入”。报告期内,本集团大财富管理收入208.57亿元13,同比增长5.45%。
报告期本集团净手续费及佣金收入中的重点项目分析如下。财富管理手续费及佣金收入127.97亿元,同比增长
11.89%,其",600036.SH,招商银行,2025-06-30,2025,半年报,招商银行2025半年报,招商银行2025半年报.pdf,C:\Users\Administrator\Desktop\financial-poc\data\raw\pdf\招商银行2025半年报.pdf,,,,114,679,管理层讨论,35,35,60,
600036_SH_pdf_招商银行2025半年报_pdf_e6770b40_chunk_115,pdf,pdf,"入”。报告期内,本集团大财富管理收入208.57亿元13,同比增长5.45%。
报告期本集团净手续费及佣金收入中的重点项目分析如下。财富管理手续费及佣金收入127.97亿元,同比增长
11.89%,其中,代销理财收入45.91亿元,同比增长26.27%,主要是代销规模增长及产品结构优化双重因素拉
动;代理保险收入32.09亿元,同比下降18.76%,主要是受业务结构变化影响;代理基金收入24.38亿元,同
比增长14.35%,主要是受权益类基金保有规模及销量同比提升影响;代理信托计划收入15.63亿元,同比增长
46.90%,主要由于代销信托规模增长;代理证券交易收入8.23亿元,同比增长66.94%,主要是受香港资本市
场客户证券交易需求提升影响。资产管理手续费及佣金收入54.53亿元,同比下降6.91%,主要受投资市场波动
及管理规模变动影响。托管业务佣金收入26.07亿元,同比增长4.95%,主要由于托管规模增长。银行卡手续费
收入72.21亿元,同比下降16.37%,结算与清算手续费收入76.02亿元,同比下降3.27%,均主要是受信用卡交
易量下降影响。
展望下半年,本集团将",600036.SH,招商银行,2025-06-30,2025,半年报,招商银行2025半年报,招商银行2025半年报.pdf,C:\Users\Administrator\Desktop\financial-poc\data\raw\pdf\招商银行2025半年报.pdf,,,,115,679,管理层讨论,35,35,60,
600036_SH_pdf_招商银行2025半年报_pdf_e6770b40_chunk_116,pdf,pdf,".95%,主要由于托管规模增长。银行卡手续费
收入72.21亿元,同比下降16.37%,结算与清算手续费收入76.02亿元,同比下降3.27%,均主要是受信用卡交
易量下降影响。
展望下半年,本集团将深入贯彻价值银行战略,继续推动中间业务高质量发展。一是继续发挥零售金融业务体系
化优势,把握居民财富配置需求变化和资本市场企稳机遇,优化财富产品结构,深化资产配置服务,紧抓消费修
复结构性机会,强化支付结算场景与线上化经营;二是持续推进公司金融业务特色化发展,精耕细作,依托本公
司科技优势深化客户场景经营,夯实并壮大批发客群基础,提升客户粘性,着力打造非利息净收入新增长极;三
是进一步挖掘投行与金融市场板块市场潜力,加强市场研判和专业能力建设,深挖债券承销结构性机会,提升企
业财富管理市场份额,做大做优托管业务,完善综合化服务体系,提升该板块对非利息净收入的贡献;四是加快
资管业务转型升级,加强资管产品创新与体系建设,提升对全球资产的投研能力,推动资管业务收入稳健增长。
3.9.3 关于房地产领域风险管控
报告期内,本公司围绕国家政策导向和监管要求,在风险可控的前提下,结合房地产市场结构分",600036.SH,招商银行,2025-06-30,2025,半年报,招商银行2025半年报,招商银行2025半年报.pdf,C:\Users\Administrator\Desktop\financial-poc\data\raw\pdf\招商银行2025半年报.pdf,,,,116,679,管理层讨论,35,35,60,
600036_SH_pdf_招商银行2025半年报_pdf_e6770b40_chunk_117,pdf,pdf,"强资管产品创新与体系建设,提升对全球资产的投研能力,推动资管业务收入稳健增长。
3.9.3 关于房地产领域风险管控
报告期内,本公司围绕国家政策导向和监管要求,在风险可控的前提下,结合房地产市场结构分化特征,加强
对优质城市群的信贷资源倾斜力度,聚焦优质项目开展业务。同时,本公司持续推动城市房地产融资协调机制
“白名单” 扩围增效,满足房地产项目合理融资需求,积极支持构建房地产发展新模式,助力持续巩固房地产
市场稳定态势。
13
大财富管理收入包括财富管理、资产管理和托管业务手续费及佣金收入。
招商银行股份有限公司
2025年半年度报告(A股)
39
第三章 管理层讨论与分析
截至报告期末,本集团房地产相关的实有及或有信贷、自营债券投资、自营非标投资等承担信用风险的业务余额
合计3,609.62亿元,较上年末下降3.51% ;本集团理财资金出资、委托贷款、合作机构主动管理的代销信托、
主承销债务融资工具等不承担信用风险的业务余额合计1,943.12亿元,较上年末下降12.84%。截至报告期末,
本公司房地产业贷款余额2,803.05亿元,较上年末减少60.60亿元,占本公司贷款和垫款总",600036.SH,招商银行,2025-06-30,2025,半年报,招商银行2025半年报,招商银行2025半年报.pdf,C:\Users\Administrator\Desktop\financial-poc\data\raw\pdf\招商银行2025半年报.pdf,,,,117,679,管理层讨论,35,35,60,
600036_SH_pdf_招商银行2025半年报_pdf_e6770b40_chunk_118,pdf,pdf,"销债务融资工具等不承担信用风险的业务余额合计1,943.12亿元,较上年末下降12.84%。截至报告期末,
本公司房地产业贷款余额2,803.05亿元,较上年末减少60.60亿元,占本公司贷款和垫款总额的4.15%,较上年
末下降0.22个百分点,其中85%以上的房地产开发贷款分布在一、二线城市城区,区域结构保持良好。截至报
告期末,本公司房地产业不良贷款率4.56%,较上年末下降0.18个百分点。
本公司将继续紧跟国家政策导向及市场形势变化,持续落实“白名单” 项目扩围增效,实现合规项目“应进尽
进”,加大“白名单” 项目贷款投放力度。同时,继续合理区分项目子公司风险与集团控股公司风险,持续强
化风险扎口管理和投贷后管理,严格执行房地产贷款封闭管理要求,切实做好项目风险防控。按照依法合规、风
险可控、商业可持续的原则,推动房地产企业风险化解处置,保持房地产资产质量总体稳定。
3.9.4 关于客户存款
截至报告期末,本公司客户存款余额90,634.32亿元,较上年末增长3.25%,在2024年实现较快增长的基础上稳
中有增。2025年上半年,尽管宏观经济逐步复苏,但企业资金活化程度改善",600036.SH,招商银行,2025-06-30,2025,半年报,招商银行2025半年报,招商银行2025半年报.pdf,C:\Users\Administrator\Desktop\financial-poc\data\raw\pdf\招商银行2025半年报.pdf,,,,118,679,管理层讨论,35,35,60,
600036_SH_pdf_招商银行2025半年报_pdf_e6770b40_chunk_119,pdf,pdf,"关于客户存款
截至报告期末,本公司客户存款余额90,634.32亿元,较上年末增长3.25%,在2024年实现较快增长的基础上稳
中有增。2025年上半年,尽管宏观经济逐步复苏,但企业资金活化程度改善尚不显著,居民对定期存款需求依
然强烈,全市场存款定期化趋势延续。本公司通过强化客户思维、拓展客户来源、加强存款成本管控及提高资金
沉淀等措施,使存款结构保持较优水平。报告期,本公司核心存款14日均余额76,090.58亿元,较上年全年增长
7.77%,占客户存款日均余额的87.36%,较上年全年上升1.12个百分点;活期存款日均余额43,777.36亿元,
较上年全年增长4.78%,占客户存款日均余额的50.26%,较上年全年下降0.77个百分点。
展望未来,预计银行间的存款竞争将加剧,存款定期化趋势或将延续,同时,降息导致存款向理财分流加速,将
进一步加大存款增长压力。为了推动存款平稳高质量增长,本公司将采取以下措施。一是回归客户本源,加强客
户拓面,夯实存款增长基础;二是强化内部管理,坚持核心存款增长为主的策略,持续优化存款结构;三是提升
综合化服务水平,通过结算服务、财富管理、产品",600036.SH,招商银行,2025-06-30,2025,半年报,招商银行2025半年报,招商银行2025半年报.pdf,C:\Users\Administrator\Desktop\financial-poc\data\raw\pdf\招商银行2025半年报.pdf,,,,119,679,管理层讨论,35,35,60,
600036_SH_pdf_招商银行2025半年报_pdf_e6770b40_chunk_120,pdf,pdf,"量增长,本公司将采取以下措施。一是回归客户本源,加强客
户拓面,夯实存款增长基础;二是强化内部管理,坚持核心存款增长为主的策略,持续优化存款结构;三是提升
综合化服务水平,通过结算服务、财富管理、产品创新等方式拓展低成本存款;四是加强高成本存款管控。通过
综合施策,将存款成本率保持在合意水平。
3.9.5 关于资产配置
报告期内,本公司持续强化资产组织能力建设,不断提升服务实体经济质效。截至报告期末,本公司贷款及垫
款总额67,588.65亿元,较上年末增长3.22%,占本公司总资产的57.28%,较上年末下降0.26个百分点。其
中,零售贷款36,114.08亿元,较上年末增长0.94%,占本公司贷款和垫款的53.43%,较上年末下降1.21个百
分点,主要是经济结构仍在调整转型,居民消费意愿仍待进一步复苏,信用卡及消费贷款增长承压。本公司持
续提升零售客户服务水平,推动零售贷款高质量运行。截至报告期末,公司贷款27,987.20亿元,较上年末增长
8.04%,占本公司贷款和垫款的41.41%,较上年末上升1.85个百分点,主要是上半年企业融资需求延续稳定
态势,本公司积极落实各项稳",600036.SH,招商银行,2025-06-30,2025,半年报,招商银行2025半年报,招商银行2025半年报.pdf,C:\Users\Administrator\Desktop\financial-poc\data\raw\pdf\招商银行2025半年报.pdf,,,,120,679,管理层讨论,35,35,60,
600036_SH_pdf_招商银行2025半年报_pdf_e6770b40_chunk_121,pdf,pdf,"行。截至报告期末,公司贷款27,987.20亿元,较上年末增长
8.04%,占本公司贷款和垫款的41.41%,较上年末上升1.85个百分点,主要是上半年企业融资需求延续稳定
态势,本公司积极落实各项稳增长政策,加大对实体经济重点领域贷款的投放力度,推动公司贷款稳健增长,
结构进一步优化。截至报告期末,本公司债券投资31,840.84亿元,较上年末增长10.60%,占本公司总资产的
26.98%,较上年末上升1.68个百分点。
下半年,本公司将持续跟踪内外部经营形势变化,做好贷款运行的各项安排。零售贷款方面,密切关注各地楼市
运行情况,积极把握个人住房贷款市场机会,同时,充分发挥产品特色,继续在加强风险管理的前提下推动小微
贷款与消费类贷款的平稳增长。公司贷款方面,持续提升公司贷款组织能力与客户综合服务水平,强化对科技金
融、绿色金融、普惠金融、养老金融、数字金融等重点领域贷款投放的支持力度,助力推动金融高质量发展。债
券投资方面,本公司将进一步加强对本外币利率走势的研判,合理把握投资规模与配置节奏,提高资金运用综合
回报。
14
核心存款为本公司存款内部管理指标,不含大额存单、结构性存",600036.SH,招商银行,2025-06-30,2025,半年报,招商银行2025半年报,招商银行2025半年报.pdf,C:\Users\Administrator\Desktop\financial-poc\data\raw\pdf\招商银行2025半年报.pdf,,,,121,679,管理层讨论,35,35,60,
600036_SH_pdf_招商银行2025半年报_pdf_e6770b40_chunk_122,pdf,pdf,",助力推动金融高质量发展。债
券投资方面,本公司将进一步加强对本外币利率走势的研判,合理把握投资规模与配置节奏,提高资金运用综合
回报。
14
核心存款为本公司存款内部管理指标,不含大额存单、结构性存款等成本较高的存款。
招商银行股份有限公司
2025年半年度报告(A股)
40
第三章 管理层讨论与分析
3.9.6 关于不良资产的生成和处置
报告期内,本公司新生成不良贷款327.21亿元,同比增加7.49亿元;不良贷款生成率(年化)0.98%,同比下降
0.04个百分点。从业务大类看,公司贷款不良生成额22.22亿元,同比减少32.92亿元;零售贷款(不含信用卡)
不良生成额107.30亿元,同比增加43.01亿元;信用卡新生成不良贷款197.69亿元,同比减少2.60亿元。
本公司始终坚持价值客户选择,优化资产组合配置,确保信贷资产重点领域风险抵补充足。截至报告期末,本公
司贷款损失准备余额2,617.04亿元,较上年末增加18.19亿元;拨备覆盖率422.63%,较上年末下降2.60个百分
点;贷款拨备率3.87%,较上年末下降0.10个百分点;报告期信用成本0.67%(年化),同",600036.SH,招商银行,2025-06-30,2025,半年报,招商银行2025半年报,招商银行2025半年报.pdf,C:\Users\Administrator\Desktop\financial-poc\data\raw\pdf\招商银行2025半年报.pdf,,,,122,679,管理层讨论,35,35,60,
600036_SH_pdf_招商银行2025半年报_pdf_e6770b40_chunk_123,pdf,pdf,"余额2,617.04亿元,较上年末增加18.19亿元;拨备覆盖率422.63%,较上年末下降2.60个百分
点;贷款拨备率3.87%,较上年末下降0.10个百分点;报告期信用成本0.67%(年化),同比下降0.07个百分点。
报告期内,本公司积极处置不良资产,运用多种途径化解风险资产,报告期内共处置不良贷款318.46亿元,其
中,不良资产证券化146.21亿元,常规核销127.19亿元,现金清收30.91亿元,通过抵债、转让、重组上迁、
减免等其他方式处置14.15亿元。
下半年,本公司将密切跟踪宏观形势变化,加强风险形势研判,优化业务和风险管控策略,持续防范化解重点领
域风险,从严资产分类,充足计提拨备,加强对关注和逾期贷款的管理,积极运用多种途径加大不良资产清收化
解力度,保持资产质量总体稳定。
3.9.7 关于重点领域资产质量
报告期内,本公司加强对个人住房贷款、消费信贷类业务、小微贷款等重点领域的风险管控,资产质量总体稳
定。下半年,本公司将积极应对外部宏观经济形势变化,继续加强对重点领域的风险排查与形势研判,前瞻性地
做好风险管控。有关房地产领域资产质量的详情,请参阅本章3",600036.SH,招商银行,2025-06-30,2025,半年报,招商银行2025半年报,招商银行2025半年报.pdf,C:\Users\Administrator\Desktop\financial-poc\data\raw\pdf\招商银行2025半年报.pdf,,,,123,679,管理层讨论,35,35,60,
600036_SH_pdf_招商银行2025半年报_pdf_e6770b40_chunk_124,pdf,pdf,"微贷款等重点领域的风险管控,资产质量总体稳
定。下半年,本公司将积极应对外部宏观经济形势变化,继续加强对重点领域的风险排查与形势研判,前瞻性地
做好风险管控。有关房地产领域资产质量的详情,请参阅本章3.9.3 “关于房地产领域风险管控”。
下表列出截至所示日期,本公司按产品类型划分的贷款和垫款资产质量情况。
2025年6月30日
(人民币百万元,百分比除外)
贷款和
垫款余额
不良
贷款余额
不良
贷款率%
关注
贷款余额
关注
贷款率%
逾期
贷款余额
逾期
贷款率%
公司贷款
2,798,720
24,346
0.87
23,923
0.85
28,386
1.01
票据贴现
348,737
9
0.00
20
0.01
–
–
零售贷款
3,611,408
37,568
1.04
69,867
1.93
61,887
1.71
小微贷款
841,751
8,050
0.96
4,784
0.57
9,956
1.18
个人住房贷款
1,423,859
6,522
0.46
20,157
1.42
11,841
0.83
消费信贷类业务
1,340,661
22,018
1.64",600036.SH,招商银行,2025-06-30,2025,半年报,招商银行2025半年报,招商银行2025半年报.pdf,C:\Users\Administrator\Desktop\financial-poc\data\raw\pdf\招商银行2025半年报.pdf,,,,124,679,管理层讨论,35,35,60,
600036_SH_pdf_招商银行2025半年报_pdf_e6770b40_chunk_125,pdf,pdf,"4
0.57
9,956
1.18
个人住房贷款
1,423,859
6,522
0.46
20,157
1.42
11,841
0.83
消费信贷类业务
1,340,661
22,018
1.64
44,898
3.35
39,104
2.92
信用卡贷款
924,373
16,153
1.75
42,479
4.60
32,011
3.46
消费贷款
416,288
5,865
1.41
2,419
0.58
7,093
1.70
其他(注)
5,137
978
19.04
28
0.55
986
19.19
贷款和垫款总额
6,758,865
61,923
0.92
93,810
1.39
90,273
1.34
招商银行股份有限公司
2025年半年度报告(A股)
41
第三章 管理层讨论与分析
2024年12月31日
(人民币百万元,百分比除外)
贷款和
垫款余额
不良
贷款余额
不良
贷款率%
关注
贷款余额
关注
贷款率%
逾期
贷款余额
逾期
贷款率%
公司贷款
2,590,409
26,132
1.01
18,562
0.72
24,375
0.94
票据贴现
379,",600036.SH,招商银行,2025-06-30,2025,半年报,招商银行2025半年报,招商银行2025半年报.pdf,C:\Users\Administrator\Desktop\financial-poc\data\raw\pdf\招商银行2025半年报.pdf,,,,125,679,管理层讨论,35,35,60,
600036_SH_pdf_招商银行2025半年报_pdf_e6770b40_chunk_126,pdf,pdf,"不良
贷款率%
关注
贷款余额
关注
贷款率%
逾期
贷款余额
逾期
贷款率%
公司贷款
2,590,409
26,132
1.01
18,562
0.72
24,375
0.94
票据贴现
379,392
–
–
42
0.01
–
–
零售贷款
3,577,919
34,985
0.98
63,891
1.79
62,291
1.74
小微贷款
823,893
6,538
0.79
4,038
0.49
8,016
0.97
个人住房贷款
1,403,755
6,761
0.48
17,933
1.28
11,383
0.81
消费信贷类业务
1,343,870
20,673
1.54
41,875
3.12
41,855
3.11
信用卡贷款
947,709
16,557
1.75
39,564
4.17
36,663
3.87
消费贷款
396,161
4,116
1.04
2,311
0.58
5,192
1.31
其他(注)
6,401
1,013
15.83
45
0.70
1,037
16.20
贷款和垫款总额
6,547,720
61,117
0.93
82,495",600036.SH,招商银行,2025-06-30,2025,半年报,招商银行2025半年报,招商银行2025半年报.pdf,C:\Users\Administrator\Desktop\financial-poc\data\raw\pdf\招商银行2025半年报.pdf,,,,126,679,管理层讨论,35,35,60,
600036_SH_pdf_招商银行2025半年报_pdf_e6770b40_chunk_127,pdf,pdf,"11
0.58
5,192
1.31
其他(注)
6,401
1,013
15.83
45
0.70
1,037
16.20
贷款和垫款总额
6,547,720
61,117
0.93
82,495
1.26
86,666
1.32
注:
主要包括商用房贷款、汽车贷款、住房装修贷款、教育贷款及以货币资产质押的其他个人贷款。
个人住房贷款风险管控
本公司积极落实推动房地产市场止跌回稳的各项政策,坚持因城施策,聚焦支持居民刚性和改善性住房需求,稳
健开展个人住房贷款业务。报告期内,在一、二线城市新发放的个人住房贷款额占本公司个人住房贷款新发放总
额的91.56%,同比上升0.59个百分点;在一、二线城市的个人住房贷款期末余额占本公司个人住房贷款期末余
额的87.94%,较上年末上升0.31个百分点。
截至报告期末,本公司个人住房贷款不良率0.46%,较上年末下降0.02个百分点;关注贷款率1.42%,较上
年末上升0.14个百分点;逾期贷款率0.83%,较上年末上升0.02个百分点。本公司一直以来坚持对存量抵押
物押品价值进行常态化监测和重估,及时调整抵押资产价值。截至报告期末,个人住房贷",600036.SH,招商银行,2025-06-30,2025,半年报,招商银行2025半年报,招商银行2025半年报.pdf,C:\Users\Administrator\Desktop\financial-poc\data\raw\pdf\招商银行2025半年报.pdf,,,,127,679,管理层讨论,35,35,60,
600036_SH_pdf_招商银行2025半年报_pdf_e6770b40_chunk_128,pdf,pdf,"42%,较上
年末上升0.14个百分点;逾期贷款率0.83%,较上年末上升0.02个百分点。本公司一直以来坚持对存量抵押
物押品价值进行常态化监测和重估,及时调整抵押资产价值。截至报告期末,个人住房贷款加权平均抵押率
38.39%,较上年末上升1.24个百分点,抵押物保持充足稳定,个人住房贷款业务整体风险可控。
本公司在房贷客群选择上优先支持刚需型、改善型购房客群,从源头上确保房贷业务的健康发展。后续,在政府
支持房地产市场平稳发展的大趋势下,外部有利因素在持续积累,本公司将努力保持个人住房贷款资产质量处于
行业较优水平。
招商银行股份有限公司
2025年半年度报告(A股)
42
第三章 管理层讨论与分析
消费信贷类业务风险管控
本公司坚持在守住风险底线的前提下,加大优质客户的获客力度,优化区域策略和客群经营策略,稳健发展消费
信贷类业务。同时,从客户需求出发,洞察客户全生命周期需求,为客户提供持续的陪伴服务,满足客户合理的
消费金融需求。本公司持续优化各项风险管理策略的运用,保持消费信贷类业务规模平稳增长。
截至报告期末,本公司消费信贷类业务不良贷款额220.18亿元,较上年末增加1",600036.SH,招商银行,2025-06-30,2025,半年报,招商银行2025半年报,招商银行2025半年报.pdf,C:\Users\Administrator\Desktop\financial-poc\data\raw\pdf\招商银行2025半年报.pdf,,,,128,679,管理层讨论,35,35,60,
600036_SH_pdf_招商银行2025半年报_pdf_e6770b40_chunk_129,pdf,pdf,"户提供持续的陪伴服务,满足客户合理的
消费金融需求。本公司持续优化各项风险管理策略的运用,保持消费信贷类业务规模平稳增长。
截至报告期末,本公司消费信贷类业务不良贷款额220.18亿元,较上年末增加13.45亿元,不良贷款率1.64%,
较上年末上升0.10个百分点;关注贷款率3.35%,较上年末上升0.23个百分点;逾期贷款率2.92%,较上年末
下降0.19个百分点。
后续,本公司将持续完善消费信贷类业务的精细化风险管控策略。在客户选择上,持续优化客群结构、资产结构
和量化风控模型,严格审核客户信用风险情况,坚持以信用状况良好且收入来源稳定的客户为主,合理授信,严
防共债风险;在贷后管理上,依托大数据量化风控技术,加强监测客群风险变化,及时进行风险预警,积极处置
不良资产,加大对消费贷款贷后处置的资源投入,探索多元化的处置手段,提高消费贷款的贷后处置效率,努力
保持消费信贷类业务资产质量处于行业较优水平。
小微贷款业务风险管控
本公司坚决贯彻执行国家大力扶持小微企业发展的战略,严格落实各项监管要求,不断完善产品政策,健全产品
和服务体系,持续扩大小微客户信贷供给,不断提升小微客户的",600036.SH,招商银行,2025-06-30,2025,半年报,招商银行2025半年报,招商银行2025半年报.pdf,C:\Users\Administrator\Desktop\financial-poc\data\raw\pdf\招商银行2025半年报.pdf,,,,129,679,管理层讨论,35,35,60,
600036_SH_pdf_招商银行2025半年报_pdf_e6770b40_chunk_130,pdf,pdf,"量处于行业较优水平。
小微贷款业务风险管控
本公司坚决贯彻执行国家大力扶持小微企业发展的战略,严格落实各项监管要求,不断完善产品政策,健全产品
和服务体系,持续扩大小微客户信贷供给,不断提升小微客户的服务质效。
截至报告期末,本公司零售小微贷款不良率0.96%,较上年末上升0.17个百分点;关注率0.57%,较上年末上
升0.08个百分点;逾期率1.18%,较上年末上升0.21个百分点。
后续,本公司将继续坚持严守风险底线,密切关注市场形势变化,提高对风险形势的研判能力。持续提升数字化
风控能力,通过细分客户群体,实施差异化风险策略,坚持“早发现、早催收、早处置”,提升风险监测、预
警和处置效能,努力保持零售小微贷款业务资产质量处于行业较优水平。
3.9.8 关于资本管理
报告期内,本公司根据资本新规政策导向,持续优化调整业务结构和经营策略,加强资本管理,各级资本充足
率、杠杆率等经营指标均保持在较高水平,报告期内满足金融监督管理机构的各项资本要求和附加监管要求,资
本缓冲较为充足。截至报告期末,本公司高级法下风险加权资产与总资产的比值为56.52%。报告期本公司高级
法下风险调整后的",600036.SH,招商银行,2025-06-30,2025,半年报,招商银行2025半年报,招商银行2025半年报.pdf,C:\Users\Administrator\Desktop\financial-poc\data\raw\pdf\招商银行2025半年报.pdf,,,,130,679,管理层讨论,35,35,60,
600036_SH_pdf_招商银行2025半年报_pdf_e6770b40_chunk_131,pdf,pdf,"均保持在较高水平,报告期内满足金融监督管理机构的各项资本要求和附加监管要求,资
本缓冲较为充足。截至报告期末,本公司高级法下风险加权资产与总资产的比值为56.52%。报告期本公司高级
法下风险调整后的资本收益率(RAROC,税前)为23.53%。
本公司持续推进资产证券化业务创新发展,不断丰富资本管理手段。报告期内,本公司通过银行间市场共发行5
单资产证券化项目,规模合计15.63亿元,基础资产为不良贷款。
未来,本公司将持续优化资本配置策略,加强资产负债组合管理,继续深化资本精细化管理,完善资本回报管理
机制,提升资本使用效率,促进本公司“质量、效益、规模” 动态均衡发展,不断增强资本内生动力,综合规
划各类资本工具的运用,多渠道、多方式筹措资本来源,保持资本充足率平稳运行。
招商银行股份有限公司
2025年半年度报告(A股)
43
第三章 管理层讨论与分析
3.10 业务运作
3.10.1 零售金融业务
业务概述
报告期内,本公司零售金融业务税前利润499.77亿元,同比增长0.02% ;零售金融业务营业收入932.70亿元,
同比下降0.70%,占本公司营业收入的61.56%。其",600036.SH,招商银行,2025-06-30,2025,半年报,招商银行2025半年报,招商银行2025半年报.pdf,C:\Users\Administrator\Desktop\financial-poc\data\raw\pdf\招商银行2025半年报.pdf,,,,131,679,管理层讨论,35,35,60,
600036_SH_pdf_招商银行2025半年报_pdf_e6770b40_chunk_132,pdf,pdf,".1 零售金融业务
业务概述
报告期内,本公司零售金融业务税前利润499.77亿元,同比增长0.02% ;零售金融业务营业收入932.70亿元,
同比下降0.70%,占本公司营业收入的61.56%。其中,零售净利息收入691.30亿元,同比增长0.32%,占零
售营业收入的74.12% ;零售非利息净收入241.40亿元,同比下降3.52%,占零售营业收入的25.88%,占本
公司非利息净收入的49.64%。报告期内,本公司实现零售财富管理手续费及佣金收入112.72亿元,同比增长
6.00%,占零售净手续费及佣金收入的48.32% ;实现零售银行卡手续费收入71.59亿元,同比下降16.48%。
报告期内,本公司始终坚持“以客户为中心,为客户创造价值” 的核心价值观,围绕客户的“存贷汇” 需求,
丰富产品供应,深化客户经营,持续巩固零售金融体系化优势,为客户提供综合化零售金融服务。报告期内,本
公司零售业务整体保持了良好的发展态势。
零售客户及管理零售客户总资产
报告期内,本公司始终从客户需求出发,聚焦价值创造,持续提升客户服务质效。一方面,强化客户拓展。深入
推进重点区域策略部署,",600036.SH,招商银行,2025-06-30,2025,半年报,招商银行2025半年报,招商银行2025半年报.pdf,C:\Users\Administrator\Desktop\financial-poc\data\raw\pdf\招商银行2025半年报.pdf,,,,132,679,管理层讨论,35,35,60,
600036_SH_pdf_招商银行2025半年报_pdf_e6770b40_chunk_133,pdf,pdf,"内,本
公司零售业务整体保持了良好的发展态势。
零售客户及管理零售客户总资产
报告期内,本公司始终从客户需求出发,聚焦价值创造,持续提升客户服务质效。一方面,强化客户拓展。深入
推进重点区域策略部署,持续增强团体金融获客能力,挖掘高质量客群增长潜力。另一方面,深化客户服务。回
归客户需求本源,完善服务体系,持续推进客户服务向数字化、智能化转型。报告期内,本公司零售客户和管理
零售客户总资产(AUM)余额保持稳定增长。
截至报告期末,本公司零售客户2.16亿户(含借记卡和信用卡客户),较上年末增长2.86%,其中,金葵花及以
上客户(指在本公司月日均总资产在50万元及以上的零售客户)563.23万户,较上年末增长7.57%。
截至报告期末,本公司管理零售客户总资产(AUM)余额160,293.95亿元,较上年末增长7.39%。截至报告期
末,本公司零售客户存款余额40,166.24亿元,较上年末增长4.99%。报告期本公司零售客户存款日均余额中活
期占比48.92%。
财富管理业务
截至报告期末,本公司零售理财产品余额42,805.04亿元,较上年末增长8.84%,主要是本公司围绕客户理",600036.SH,招商银行,2025-06-30,2025,半年报,招商银行2025半年报,招商银行2025半年报.pdf,C:\Users\Administrator\Desktop\financial-poc\data\raw\pdf\招商银行2025半年报.pdf,,,,133,679,管理层讨论,35,35,60,
600036_SH_pdf_招商银行2025半年报_pdf_e6770b40_chunk_134,pdf,pdf,"年末增长4.99%。报告期本公司零售客户存款日均余额中活
期占比48.92%。
财富管理业务
截至报告期末,本公司零售理财产品余额42,805.04亿元,较上年末增长8.84%,主要是本公司围绕客户理财需
求,紧抓市场机会,加大稳健类产品配置,布局多元策略,理财规模持续增长;报告期内实现代理非货币公募基
金销售额2,663.78亿元,同比下降7.84%,主要是客户风险偏好边际改善,含权类产品配置同比提升的同时,
偏稳健的债券基金销量同比有所下降;报告期内实现代理信托类产品销售额918.36亿元,同比增长175.24%,
主要由于客户风险偏好边际改善,权益类配置需求提升;报告期内实现代理保险保费851.60亿元,同比增长
32.77%,主要是本公司持续推进保障保险转型,并充分把握住客户长期稳健的资产配置需求。
报告期内,本公司实现零售财富管理手续费及佣金收入112.72亿元,其中,代销理财收入43.83亿元,代理保险
收入26.24亿元,代理基金收入25.37亿元,代理信托计划收入15.56亿元,其他收入1.72亿元。有关财富管理手
续费及佣金收入变化的原因详见本章3.9.2 “关于非利",600036.SH,招商银行,2025-06-30,2025,半年报,招商银行2025半年报,招商银行2025半年报.pdf,C:\Users\Administrator\Desktop\financial-poc\data\raw\pdf\招商银行2025半年报.pdf,,,,134,679,管理层讨论,35,35,60,
600036_SH_pdf_招商银行2025半年报_pdf_e6770b40_chunk_135,pdf,pdf,"入43.83亿元,代理保险
收入26.24亿元,代理基金收入25.37亿元,代理信托计划收入15.56亿元,其他收入1.72亿元。有关财富管理手
续费及佣金收入变化的原因详见本章3.9.2 “关于非利息净收入”。
报告期内,本公司从客户需求出发,聚焦价值创造,把握市场机会,提升管理水平,持续迭代全渠道服务体系,
为客户提供优质的财富管理服务。
一是完善财富管理经营体系,强化财富管理专业服务能力,持续拓展财富持仓客户。本公司通过对客户需求的敏
锐洞察,不断提升客户在全渠道、全旅程、全产品的服务体验,扩大财富持仓客户规模。截至报告期末,本公司
财富产品持仓客户数达6,107.00万户,较上年末增长4.90%。
二是顺应客户需求变化,为客户提供多元的产品供给。理财方面,围绕客户配置需求,细化产品收益和风险的分
类特征,以稳健类产品配置为基础,推进产品配置结构转型。基金方面,进一步加强对市场趋势和政策引导的研
判,提升产品持有体验。保险方面,围绕客户健康、养老、传承等需求,灵活运用不同产品匹配客户的差异化需
求。同时,本公司持续深化客户服务,通过分层分类的精细化经营促进业务规模增长,提升客户覆",600036.SH,招商银行,2025-06-30,2025,半年报,招商银行2025半年报,招商银行2025半年报.pdf,C:\Users\Administrator\Desktop\financial-poc\data\raw\pdf\招商银行2025半年报.pdf,,,,135,679,管理层讨论,35,35,60,
600036_SH_pdf_招商银行2025半年报_pdf_e6770b40_chunk_136,pdf,pdf,"政策引导的研
判,提升产品持有体验。保险方面,围绕客户健康、养老、传承等需求,灵活运用不同产品匹配客户的差异化需
求。同时,本公司持续深化客户服务,通过分层分类的精细化经营促进业务规模增长,提升客户覆盖面。
招商银行股份有限公司
2025年半年度报告(A股)
44
第三章 管理层讨论与分析
三是持续深化“招商银行TREE资产配置服务体系”,着力推动多资产、多策略配置落地,发挥多元资产配置的
价值创造能力,为不同风险偏好客户提供一站式资产配置解决方案,深化产品管理,建立客户陪伴机制,在市场
变化、产品净值波动等节点,强化线上线下一体化触达服务。截至报告期末,在该体系下进行资产配置的客户达
1,132.67万户,较上年末增长9.17%。
四是与合作伙伴共建财富生态圈,提升财富管理综合服务能力。本公司持续强化招商银行App财富开放平台“招
财号” 的服务能力,深化运营合作,共建服务场景,为合作伙伴、客户创造价值。截至报告期末,167家具有行
业代表性的机构入驻“招财号”。
私人银行业务
截至报告期末,本公司私人银行客户(指在本公司月日均全折人民币总资产在1,000万元及以上的零售客户)
18",600036.SH,招商银行,2025-06-30,2025,半年报,招商银行2025半年报,招商银行2025半年报.pdf,C:\Users\Administrator\Desktop\financial-poc\data\raw\pdf\招商银行2025半年报.pdf,,,,136,679,管理层讨论,35,35,60,
600036_SH_pdf_招商银行2025半年报_pdf_e6770b40_chunk_137,pdf,pdf,"伴、客户创造价值。截至报告期末,167家具有行
业代表性的机构入驻“招财号”。
私人银行业务
截至报告期末,本公司私人银行客户(指在本公司月日均全折人民币总资产在1,000万元及以上的零售客户)
182,740户,较上年末增长8.07%。
报告期内,本公司强化专业引领与公私协同,通过加强投资研究与资产配置能力,搭建高效的一体化服务阵型,
不断优化升级“人家企社” 15综合化服务体系。
一是顺应市场变化,强化资产配置。把握客户稳健安全的核心诉求,结合风险偏好变化,提供差异化的资产配置
策略,加强固收类、保障类、权益类等全产品运用。在多变市场环境中,以专业的投资研究为支撑,持续开展资
产检视与客户陪伴,不断提升客户投资体验。
二是深化科技赋能,优化客户体验。迭代招商银行App尊享版,打造更为友好的客户线上服务体验。通过数智化
技术升级专业服务能力,为客户提供一站式、可视化的资产配置服务方案。构建家族信托经营的数字化支撑能
力,探索家办投资与服务工具,让专业服务更优质高效。
三是践行社会责任,推动财富向善。秉承服务实体经济的使命,公私协同整合资源,满足企业家客户财富管理、
企业融资、社会慈善",600036.SH,招商银行,2025-06-30,2025,半年报,招商银行2025半年报,招商银行2025半年报.pdf,C:\Users\Administrator\Desktop\financial-poc\data\raw\pdf\招商银行2025半年报.pdf,,,,137,679,管理层讨论,35,35,60,
600036_SH_pdf_招商银行2025半年报_pdf_e6770b40_chunk_138,pdf,pdf,"建家族信托经营的数字化支撑能
力,探索家办投资与服务工具,让专业服务更优质高效。
三是践行社会责任,推动财富向善。秉承服务实体经济的使命,公私协同整合资源,满足企业家客户财富管理、
企业融资、社会慈善等综合需求。丰富家族信托业务品种,深化慈善信托等创新服务,助力客户创造社会价值。
四是夯实合规基础,提升风险管理能力。聚焦投资者适当性管理,不断提升客户与产品的风险匹配度,通过搭建
数字化监控模型、规范营销行为、完善检查机制,强化合规销售的全流程建设,加强消费者权益保护,保障业务
的稳健经营。
信用卡业务
截至报告期末,本公司信用卡流通卡9,692.67万张,流通户6,963.32万户。报告期内,本公司实现信用卡交易
额20,209.60亿元,同比下降8.54% ;实现信用卡利息收入306.12亿元,同比下降4.96% ;实现信用卡非利息收
入104.71亿元,同比下降16.23%。有关本公司信用卡贷款规模和质量的详细信息,请参阅本章3.9.7 “关于重
点领域资产质量”。
风险管理方面,本公司持续深化“平稳、低波动” 经营策略,坚持客群及资产结构调优,加强贷后数字化运营
能力建设。报告期",600036.SH,招商银行,2025-06-30,2025,半年报,招商银行2025半年报,招商银行2025半年报.pdf,C:\Users\Administrator\Desktop\financial-poc\data\raw\pdf\招商银行2025半年报.pdf,,,,138,679,管理层讨论,35,35,60,
600036_SH_pdf_招商银行2025半年报_pdf_e6770b40_chunk_139,pdf,pdf,"信用卡贷款规模和质量的详细信息,请参阅本章3.9.7 “关于重
点领域资产质量”。
风险管理方面,本公司持续深化“平稳、低波动” 经营策略,坚持客群及资产结构调优,加强贷后数字化运营
能力建设。报告期内,信用卡资产质量保持稳定。截至报告期末,信用卡不良贷款余额161.53亿元,信用卡贷
款不良率1.75%,与上年末持平。面对当前复杂的外部环境,本公司将密切关注市场动向,加强风险前瞻预判,
持续强化价值客群获取,支持中低风险资产增长,提升不良资产处置效率,扎实推进信用卡业务稳健发展。
业务开展方面,本公司坚持价值引领和创新驱动,推动信用卡业务高质量发展。一是持续推进高质量获客,不断
完善信用卡产品布局。上市“饿了么联名信用卡超级吃货版”,完善本地生活生态构建,升级航海王系列信用
卡,满足年轻客户多样化需求。二是多措并举助力消费提振,紧抓节假日旅游、电商大促等消费热点,开展系列
营销活动,紧跟国家政策导向,加大资源投入,打造“国补有招” 专项营销,助力消费潜力释放。三是增强优
质资产组织能力,持续推动分期资产业务发展。深化汽车分期经营,优化客户体验,加强营销活动组织,不断提
升综合服务能力",600036.SH,招商银行,2025-06-30,2025,半年报,招商银行2025半年报,招商银行2025半年报.pdf,C:\Users\Administrator\Desktop\financial-poc\data\raw\pdf\招商银行2025半年报.pdf,,,,139,679,管理层讨论,35,35,60,
600036_SH_pdf_招商银行2025半年报_pdf_e6770b40_chunk_140,pdf,pdf,"国家政策导向,加大资源投入,打造“国补有招” 专项营销,助力消费潜力释放。三是增强优
质资产组织能力,持续推动分期资产业务发展。深化汽车分期经营,优化客户体验,加强营销活动组织,不断提
升综合服务能力。四是深化金融科技应用,加强AI能力建设,助力运营效率和客户体验双升。此外,本公司进一
步深化掌上生活App平台经营,有关掌上生活App的详情,请参阅本章3.10.3 “分销渠道”。
15
“人家企社” 指个人、家族、企业、社会。
招商银行股份有限公司
2025年半年度报告(A股)
45
第三章 管理层讨论与分析
零售贷款
截至报告期末,本公司零售贷款余额36,114.08亿元,较上年末增长0.94%,占本公司贷款和垫款总额的
53.43%,较上年末下降1.21个百分点。其中,本公司零售贷款(不含信用卡)余额26,870.35亿元,较上年末增
长2.16%,占本公司贷款和垫款总额的39.76%,较上年末下降0.41个百分点。
风险管理方面,本公司持续强化风险管控能力。一是加强对风险形势的监测及预判,并结合市场变化及时优化风
险管控策略;二是重点布局经济发展良好且具有市场潜力的区域,坚持优选",600036.SH,招商银行,2025-06-30,2025,半年报,招商银行2025半年报,招商银行2025半年报.pdf,C:\Users\Administrator\Desktop\financial-poc\data\raw\pdf\招商银行2025半年报.pdf,,,,140,679,管理层讨论,35,35,60,
600036_SH_pdf_招商银行2025半年报_pdf_e6770b40_chunk_141,pdf,pdf,",较上年末下降0.41个百分点。
风险管理方面,本公司持续强化风险管控能力。一是加强对风险形势的监测及预判,并结合市场变化及时优化风
险管控策略;二是重点布局经济发展良好且具有市场潜力的区域,坚持优选信用记录良好、有稳定还款来源的客
户作为主要经营对象,优选核心区域的优质楼盘作为押品;三是持续强化大数据量化风控能力,通过金融科技不
断提升风险管理数字化水平,积极扩大内外部数据源接入、持续丰富数据标签体系,快速迭代风险策略模型,加
强量化风控手段在贷前准入、贷中监测、贷后管理的全流程应用,精准识别和有效管控风险;四是在贷后端完善
风险监测体系,丰富风险预警指标维度,强化风险的早识别、早预警、早暴露和早处置机制,进一步提升风险防
控的及时性和有效性。受外部风险形势影响,本公司零售关注贷款余额、关注贷款率、不良贷款余额、不良贷款
率有所上升。截至报告期末,本公司零售关注贷款(不含信用卡)余额273.88亿元,关注贷款率1.02%,较上年
末上升0.10个百分点;零售不良贷款(不含信用卡)余额214.15亿元,不良贷款率0.80%,较上年末上升0.10个
百分点。
业务开展方面,报告期内,本公",600036.SH,招商银行,2025-06-30,2025,半年报,招商银行2025半年报,招商银行2025半年报.pdf,C:\Users\Administrator\Desktop\financial-poc\data\raw\pdf\招商银行2025半年报.pdf,,,,141,679,管理层讨论,35,35,60,
600036_SH_pdf_招商银行2025半年报_pdf_e6770b40_chunk_142,pdf,pdf,"3.88亿元,关注贷款率1.02%,较上年
末上升0.10个百分点;零售不良贷款(不含信用卡)余额214.15亿元,不良贷款率0.80%,较上年末上升0.10个
百分点。
业务开展方面,报告期内,本公司积极落实推动房地产市场止跌回稳的各项政策,坚持因城施策,继续聚焦于满
足居民刚性住房需求和多样化改善性住房需求,加快二手房业务推进,实现了个人住房贷款业务的稳健发展。同
时,本公司在做好风控管理的前提下,不断优化业务结构,保持对小微贷款、消费贷款的合理投放力度。针对小
微贷款业务,本公司严格落实各项监管要求,不断完善产品政策,健全产品和服务体系,持续扩大小微客户信贷
供给,合理确定产品定价,提升对小微客户的服务质效。针对消费贷款业务,本公司坚持在守住风险底线的前提
下,优选客群,加大对优质资信客户的贷款投放,并从客户需求出发,为客户提供持续的陪伴服务。同时,持续
提升大数据风控能力,对不同需求的客群进行分层分类管理,做好收益和风险的平衡,降低运营成本。截至报告
期末,本公司个人住房贷款余额14,238.59亿元,较上年末增长1.43% ;零售小微贷款余额8,417.51亿元,较上
年末增",600036.SH,招商银行,2025-06-30,2025,半年报,招商银行2025半年报,招商银行2025半年报.pdf,C:\Users\Administrator\Desktop\financial-poc\data\raw\pdf\招商银行2025半年报.pdf,,,,142,679,管理层讨论,35,35,60,
600036_SH_pdf_招商银行2025半年报_pdf_e6770b40_chunk_143,pdf,pdf,"求的客群进行分层分类管理,做好收益和风险的平衡,降低运营成本。截至报告
期末,本公司个人住房贷款余额14,238.59亿元,较上年末增长1.43% ;零售小微贷款余额8,417.51亿元,较上
年末增长2.17% ;消费贷款余额4,162.88亿元,较上年末增长5.08%。
3.10.2 批发金融业务
业务概况
报告期内,本公司实现批发金融业务税前利润331.35亿元,同比下降5.73% ;批发金融业务营业收入608.93亿
元,同比下降5.86%,占本公司营业收入的40.19%。其中,批发金融业务净利息收入381.10亿元,同比增长
2.92%,占批发金融业务营业收入的62.59% ;批发金融业务非利息净收入227.83亿元,同比下降17.61%,占
批发金融业务营业收入的37.41%,占本公司非利息净收入的46.85%。
报告期内,本公司坚持服务国家战略,持续推进批发金融客户结构和业务结构的优化调整,加快打造特色金融优
势,提升服务实体经济的质效,潜心做好经济发展的“助推器”。
本公司始终以客户需求为中心,围绕直接融资和间接融资两个市场,为公司客户提供立体化、全方位、多层次
的融资",600036.SH,招商银行,2025-06-30,2025,半年报,招商银行2025半年报,招商银行2025半年报.pdf,C:\Users\Administrator\Desktop\financial-poc\data\raw\pdf\招商银行2025半年报.pdf,,,,143,679,管理层讨论,35,35,60,
600036_SH_pdf_招商银行2025半年报_pdf_e6770b40_chunk_144,pdf,pdf,"结构的优化调整,加快打造特色金融优
势,提升服务实体经济的质效,潜心做好经济发展的“助推器”。
本公司始终以客户需求为中心,围绕直接融资和间接融资两个市场,为公司客户提供立体化、全方位、多层次
的融资支持,以投商行一体化服务理念助力实体经济发展。截至报告期末,本公司公司客户融资总量(FPA)余
额64,544.92亿元16,较年初增加3,954.69亿元。其中,传统融资17余额37,811.30亿元,较年初增加1,972.51
亿元;非传统融资18余额26,733.62亿元,较年初增加1,982.18亿元。非传统融资余额占FPA余额的比例为
41.42%,较年初增加0.57个百分点。
16
由于本期跨境联动融资等业务纳入FPA的范畴有所调整,据此对期初数据进行同口径调整,调整后的期初FPA余额为60,590.23亿元,其中传统融
资35,838.79亿元,非传统融资24,751.44亿元。
17
传统融资包括对公一般性贷款与商票贴现(含转出未到期票据)、承兑、信用证、融资性保函与非融资性保函。
18
非传统融资包括资产经营、自营非标、融资性理财、本公司主承销债务融资工具、撮合交易、融资",600036.SH,招商银行,2025-06-30,2025,半年报,招商银行2025半年报,招商银行2025半年报.pdf,C:\Users\Administrator\Desktop\financial-poc\data\raw\pdf\招商银行2025半年报.pdf,,,,144,679,管理层讨论,35,35,60,
600036_SH_pdf_招商银行2025半年报_pdf_e6770b40_chunk_145,pdf,pdf,"17
传统融资包括对公一般性贷款与商票贴现(含转出未到期票据)、承兑、信用证、融资性保函与非融资性保函。
18
非传统融资包括资产经营、自营非标、融资性理财、本公司主承销债务融资工具、撮合交易、融资租赁、跨境联动融资、牵头银团贷款八大部
分。
招商银行股份有限公司
2025年半年度报告(A股)
46
第三章 管理层讨论与分析
批发客户
本公司建立了战略客户、机构客户、同业客户、跨境客户、基础客户等分层分类对公客户服务体系。报告期内,
本公司以落实国家战略、服务实体经济为己任,持续深化客户分层分类经营,坚持围绕产业升级方向优化高质量
获客模式,批发客群量质齐升。截至报告期末,本公司公司客户总数336.79万户,较上年末增长6.36%。报告
期内公司客户新开户30.51万户。
战略客户方面,本公司深耕行业专业化经营,以创新驱动行业服务模式升级,加快构建具有招行特色的战略客
户经营体系。截至报告期末,本公司总行级战略客户321户19 ;存款日均余额10,619.58亿元,较上年全年下降
0.51% ;贷款余额12,723.74亿元,较上年末增长4.63%。截至报告期末,本公司分行级战略客户",600036.SH,招商银行,2025-06-30,2025,半年报,招商银行2025半年报,招商银行2025半年报.pdf,C:\Users\Administrator\Desktop\financial-poc\data\raw\pdf\招商银行2025半年报.pdf,,,,145,679,管理层讨论,35,35,60,
600036_SH_pdf_招商银行2025半年报_pdf_e6770b40_chunk_146,pdf,pdf,"告期末,本公司总行级战略客户321户19 ;存款日均余额10,619.58亿元,较上年全年下降
0.51% ;贷款余额12,723.74亿元,较上年末增长4.63%。截至报告期末,本公司分行级战略客户7,084户20 ;存
款日均余额8,646.39亿元,同口径较上年全年增长11.66% ;贷款余额4,320.79亿元,较年初增长6.09%。
机构客群方面,本公司在持续巩固财政、住建、烟草、政府性基金等重点客群服务经营基础的同时,积极拓展潜
力客群,扎实推进细分客群的专业化服务。服务国家级政府机构方面,本公司顺应政策导向,围绕资格获取、平
台接入和数据合作,致力于打造专业化、特色化、数字化和差异化的服务新标杆。报告期内,本公司以优异成绩
再次中标中央财政非税收入收缴代理资格,并成为首批实现与民政部资金监管系统对接合作的银行之一。服务地
方政府机构方面,本公司以助力高质量发展为核心导向,聚焦“融智+融资+融项目+融科技” 需求,打造政府
产融服务体系,持续迭代解决方案,凭借综合服务能力赢得市场认可。截至报告期末,本公司机构客户6.61万
户,较上年末增长3.28%,机构客户人民币存款日均",600036.SH,招商银行,2025-06-30,2025,半年报,招商银行2025半年报,招商银行2025半年报.pdf,C:\Users\Administrator\Desktop\financial-poc\data\raw\pdf\招商银行2025半年报.pdf,,,,146,679,管理层讨论,35,35,60,
600036_SH_pdf_招商银行2025半年报_pdf_e6770b40_chunk_147,pdf,pdf,"“融智+融资+融项目+融科技” 需求,打造政府
产融服务体系,持续迭代解决方案,凭借综合服务能力赢得市场认可。截至报告期末,本公司机构客户6.61万
户,较上年末增长3.28%,机构客户人民币存款日均余额达9,931.21亿元,较上年全年增长8.33%。
同业客群方面,本公司以客户为中心,推动头部客户经营与行业经营,回归同业客户本源,做大做强做优同业客
群,聚焦服务头部同业客户集团,做深做透专业化综合化经营。同时,本公司继续通过与政策性银行协同合作,
加大试点地区转贷款资金对制造业、科技、外贸等领域的普惠小微企业贷款的覆盖面,更好地服务小微企业。
跨境客群方面,本公司围绕扩大高水平对外开放和积极稳外贸稳外资的政策导向,紧抓稳定对外贸易发展、大力
鼓励外商投资、进出口结构调整和中资企业全球化经营等机遇,将跨境金融作为公司金融优质客户获取与经营的
重要抓手,全力打造客户跨境业务“主结算行” 与核心客户“全球主办行”。报告期内,本公司对公涉外收支
客户78,569户。
基础客户方面,本公司以数智化重塑服务旅程,重构总分行服务阵型,形成了基础客户向上输送、梯次成长的
良性循环,客群结构持续优化",600036.SH,招商银行,2025-06-30,2025,半年报,招商银行2025半年报,招商银行2025半年报.pdf,C:\Users\Administrator\Desktop\financial-poc\data\raw\pdf\招商银行2025半年报.pdf,,,,147,679,管理层讨论,35,35,60,
600036_SH_pdf_招商银行2025半年报_pdf_e6770b40_chunk_148,pdf,pdf,"核心客户“全球主办行”。报告期内,本公司对公涉外收支
客户78,569户。
基础客户方面,本公司以数智化重塑服务旅程,重构总分行服务阵型,形成了基础客户向上输送、梯次成长的
良性循环,客群结构持续优化。报告期内,本公司通过线上线下渠道有效触达服务对公客户202.23万户,同比
增长19.58%。报告期内,本公司对公代扣代缴交易客户数133.24万户,同比增长12.12% ;交易金额1.28万亿
元,同比增长10.34%。
公司客户存款
报告期内,本公司加强宏观市场研究,持续关注市场资金面政策变化。一方面沿着市场资金流动脉络强化重点资
金引流业务机会,另一方面,回归客户服务本源,坚持高质量获客,完善分层分类客户服务体系,依托数字化工
具强化企业重点经营场景引流与客户服务能力提升,推动存款业务的高质量发展。截至报告期末,公司客户存款
余额50,468.08亿元,较上年末增长1.91% ;日均余额48,482.31亿元,较上年全年增长3.89% ;公司客户存款
日均余额中,活期占比51.33%,较上年全年下降0.80个百分点。报告期内,公司客户存款平均成本率1.31%,
较上年全年下降27个",600036.SH,招商银行,2025-06-30,2025,半年报,招商银行2025半年报,招商银行2025半年报.pdf,C:\Users\Administrator\Desktop\financial-poc\data\raw\pdf\招商银行2025半年报.pdf,,,,148,679,管理层讨论,35,35,60,
600036_SH_pdf_招商银行2025半年报_pdf_e6770b40_chunk_149,pdf,pdf,"额48,482.31亿元,较上年全年增长3.89% ;公司客户存款
日均余额中,活期占比51.33%,较上年全年下降0.80个百分点。报告期内,公司客户存款平均成本率1.31%,
较上年全年下降27个基点。
公司贷款
截至报告期末,本公司的公司贷款总额27,987.20亿元,较上年末增长8.04%,占本公司贷款和垫款总额
的41.41%,较上年末上升1.85个百分点。其中,境内公司中长期贷款余额15,962.22亿元,较上年末增长
4.84%,占境内公司贷款总额的58.94%,较上年末下降1.96个百分点;公司贷款不良率0.87%,较上年末下降
0.14个百分点。
19
总行级战略客户数是本公司服务的总行级战略客户集团总数。
20
分行级战略客户数是本公司服务的分行级战略客户法人主体数。2025年分行级战略客户名单有调整,同步对2024年数据进行了同口径调整。
招商银行股份有限公司
2025年半年度报告(A股)
47
第三章 管理层讨论与分析
截至报告期末,本公司境内国标大型企业贷款余额11,769.38亿元,较上年末增长6.11%,占境内公司贷款的
43.46%,较上年末下降0.90",600036.SH,招商银行,2025-06-30,2025,半年报,招商银行2025半年报,招商银行2025半年报.pdf,C:\Users\Administrator\Desktop\financial-poc\data\raw\pdf\招商银行2025半年报.pdf,,,,149,679,管理层讨论,35,35,60,
600036_SH_pdf_招商银行2025半年报_pdf_e6770b40_chunk_150,pdf,pdf,"5年半年度报告(A股)
47
第三章 管理层讨论与分析
截至报告期末,本公司境内国标大型企业贷款余额11,769.38亿元,较上年末增长6.11%,占境内公司贷款的
43.46%,较上年末下降0.90个百分点;境内国标中型企业贷款余额6,078.09亿元,较上年末增长5.93%,占
境内公司贷款的22.44%,较上年末下降0.51个百分点;境内国标小型、微型企业贷款余额6,955.05亿元,较上
年末增长11.65%,占境内公司贷款的25.69%,较上年末上升0.77个百分点;境内其他贷款21余额2,278.57亿
元,较上年末增长17.37%,占境内公司贷款的8.41%,较上年末上升0.64个百分点。
报告期内,本公司稳步推进资产业务结构调整,积极响应国家政策导向,赋能实体经济高质量发展。截至报告
期末,本公司制造业贷款余额6,913.08亿元,较上年末增加498.32亿元,占公司贷款总额的24.70%,较上年末
下降0.06个百分点;对公绿色贷款余额4,147.14亿元,较年初增加473.79亿元,占公司贷款总额的14.82%,较
年初上升0.64个百分点;战略性新兴产业贷款余额3",600036.SH,招商银行,2025-06-30,2025,半年报,招商银行2025半年报,招商银行2025半年报.pdf,C:\Users\Administrator\Desktop\financial-poc\data\raw\pdf\招商银行2025半年报.pdf,,,,150,679,管理层讨论,35,35,60,
600036_SH_pdf_招商银行2025半年报_pdf_e6770b40_chunk_151,pdf,pdf,"额的24.70%,较上年末
下降0.06个百分点;对公绿色贷款余额4,147.14亿元,较年初增加473.79亿元,占公司贷款总额的14.82%,较
年初上升0.64个百分点;战略性新兴产业贷款余额3,738.73亿元,较上年末增加23.17亿元,占公司贷款总额的
13.36%,较上年末下降0.98个百分点。有关房地产等重点领域贷款情况,请参阅3.9.3章节。有关绿色金融业务
详情,请参阅4.2.3章节。
科技金融业务
本公司将科技金融列为服务实体经济的主线方向,通过深化“体系化、专业化、生态化” 建设,推动金融服务
科技创新的高质量发展。体系化方面,依托“1+20+100” 的科技金融机构阵型22持续深化专门政策、专门产
品、专门流程、专门机构、专门队伍、专门考评的“六个专门” 机制建设,加大对科技金融的政策支持及资源
投入。专业化方面,紧跟监管创新政策,围绕科技企业需求集中的银行融资、跨境发展等场景开展产品及服务
创新,以科技企业专属融资产品“科创贷” 为基础推出“科创人才贷”,同时,推动科技企业并购贷款、科技
创新债券承销等业务快速落地。生态化方面,围绕科技创新生态、资本生态、产",600036.SH,招商银行,2025-06-30,2025,半年报,招商银行2025半年报,招商银行2025半年报.pdf,C:\Users\Administrator\Desktop\financial-poc\data\raw\pdf\招商银行2025半年报.pdf,,,,151,679,管理层讨论,35,35,60,
600036_SH_pdf_招商银行2025半年报_pdf_e6770b40_chunk_152,pdf,pdf,"跨境发展等场景开展产品及服务
创新,以科技企业专属融资产品“科创贷” 为基础推出“科创人才贷”,同时,推动科技企业并购贷款、科技
创新债券承销等业务快速落地。生态化方面,围绕科技创新生态、资本生态、产业生态加强渠道合作,提升对
科技企业的批量化、综合化服务成效。截至报告期末,本公司科技企业客户数量达16.97万户,较上年末增长
4.43% ;科技企业贷款余额6,962.05亿元,较上年末增长17.91%。
普惠金融业务
报告期内,本公司深耕普惠金融领域,以构建独具特色的普惠金融发展新模式为方向,着力推动标准化产品与
业务模式的创新,不断提升服务实体经济的效能。截至报告期末,本公司普惠型小微企业贷款余额9,133.47亿
元,较上年末增长2.89% ;普惠型小微企业有贷款余额户数为103.85万户。报告期内,本公司新发放普惠型小
微企业贷款3,159.80亿元,平均利率3.42%,较上年全年下降80个基点。
在供应链及场景金融方面,本公司顺应国家倡导的“加强供应链产业链金融服务” 政策要求,依托国家现代化
体系和区域优势产业政策,进一步完善供应链产品体系;并通过“全行服务一家” 创新服务",600036.SH,招商银行,2025-06-30,2025,半年报,招商银行2025半年报,招商银行2025半年报.pdf,C:\Users\Administrator\Desktop\financial-poc\data\raw\pdf\招商银行2025半年报.pdf,,,,152,679,管理层讨论,35,35,60,
600036_SH_pdf_招商银行2025半年报_pdf_e6770b40_chunk_153,pdf,pdf,"下降80个基点。
在供应链及场景金融方面,本公司顺应国家倡导的“加强供应链产业链金融服务” 政策要求,依托国家现代化
体系和区域优势产业政策,进一步完善供应链产品体系;并通过“全行服务一家” 创新服务模式为供应链核心
企业及其上下游企业提供全方位、属地化的供应链金融及综合金融服务。报告期内,本公司供应链融资业务量
5,008.54亿元,同比增长10.58% ;服务核心企业6,625户,同比增长24.84%,服务上下游客户36,804户,同
比增长30.07%。
养老金融业务
报告期内,本公司持续深化养老金金融、养老服务金融和养老产业金融三大领域业务布局,构筑“产品+服务+
渠道+科技” 四位一体创新优势,致力于打造国内最佳养老金融专业服务机构。养老服务金融方面,围绕C端客
户的养老服务需求,立足金融视角,形成“全方位” “全周期” 的养老服务方案,构建一体化养老服务体系。
养老产业金融方面,为不同的养老产业业态提供适配的公司金融产品和服务,切实增加银发经济金融供给。养老
金金融方面,围绕便民服务、年金扩面、个人养老金全面实施等政策,发挥多牌照经营优势,做深做广三大支柱
养老保险的金融服",600036.SH,招商银行,2025-06-30,2025,半年报,招商银行2025半年报,招商银行2025半年报.pdf,C:\Users\Administrator\Desktop\financial-poc\data\raw\pdf\招商银行2025半年报.pdf,,,,153,679,管理层讨论,35,35,60,
600036_SH_pdf_招商银行2025半年报_pdf_e6770b40_chunk_154,pdf,pdf,",为不同的养老产业业态提供适配的公司金融产品和服务,切实增加银发经济金融供给。养老
金金融方面,围绕便民服务、年金扩面、个人养老金全面实施等政策,发挥多牌照经营优势,做深做广三大支柱
养老保险的金融服务。
第一支柱方面,线上为参保人提供社保查询、待遇资格认证、年度报告查阅等便民服务。截至报告期末,本公司
累计签发电子社保卡8,503.45万张,较上年末增长10.34%。
第二支柱方面,强化核心能力建设,重构客户服务体系,打造细分领域新优势。截至报告期末,本公司为全国
30余个统筹区提供职业年金受托和托管服务,为超万家企业提供年金受托和账户管理服务。截至报告期末,企
业年金账管服务个人客户数超230万户。
21
包括境内机构叙做的境外及离岸客户、境内非企业客户和对公个体工商户等贷款。
22
包括1个科技金融委员会、20家科技金融重点分行、100家科技金融专门支行的机构阵型。
招商银行股份有限公司
2025年半年度报告(A股)
48
第三章 管理层讨论与分析
第三支柱方面,截至报告期末,累计开立个人养老金账户超1,300万户,缴存额居市场前列。
与此同时,本公司托管业务围绕运营、风控、投研",600036.SH,招商银行,2025-06-30,2025,半年报,招商银行2025半年报,招商银行2025半年报.pdf,C:\Users\Administrator\Desktop\financial-poc\data\raw\pdf\招商银行2025半年报.pdf,,,,154,679,管理层讨论,35,35,60,
600036_SH_pdf_招商银行2025半年报_pdf_e6770b40_chunk_155,pdf,pdf,"公司
2025年半年度报告(A股)
48
第三章 管理层讨论与分析
第三支柱方面,截至报告期末,累计开立个人养老金账户超1,300万户,缴存额居市场前列。
与此同时,本公司托管业务围绕运营、风控、投研等业务场景,将本公司专业能力与大数据、云计算、人工智能
等金融科技相结合,构建全面立体的数字化服务体系,深度服务于三大支柱养老保险体系。截至报告期末,养老
金托管规模达1.41万亿元。
票据业务
报告期内,本公司进一步深化票据客户综合服务转型,不断优化票据客户服务体验,强化资产经营能力,积
极应对外部市场变化。报告期内,本公司票据客户数171,674户,同比增长19.25%,其中,中小微客户占比
82.05%。报告期内,本公司票据直贴业务量13,636.07亿元,同比增长4.86%,市场排名第二(中国银行业协会
数据),其中,商业承兑汇票贴现业务量1,474.96亿元。截至报告期末,本公司票据贴现余额3,487.37亿元,较
上年末下降8.08%,主要受票据市场利率下降影响,本公司主动调整和优化大类资产配置。
交易银行业务
报告期内,本公司持续升级“企业数智金融” 特色品牌,加快以用户体验",600036.SH,招商银行,2025-06-30,2025,半年报,招商银行2025半年报,招商银行2025半年报.pdf,C:\Users\Administrator\Desktop\financial-poc\data\raw\pdf\招商银行2025半年报.pdf,,,,155,679,管理层讨论,35,35,60,
600036_SH_pdf_招商银行2025半年报_pdf_e6770b40_chunk_156,pdf,pdf,"贴现余额3,487.37亿元,较
上年末下降8.08%,主要受票据市场利率下降影响,本公司主动调整和优化大类资产配置。
交易银行业务
报告期内,本公司持续升级“企业数智金融” 特色品牌,加快以用户体验驱动的产品创新升级,围绕企业生产
经营场景,提供“收付管融联” 一体化产品服务体系23,积极融入企业数字化转型,赋能企业经营和资金运转的
双向循环,持续为企业客户创造价值,打造公司金融差异化竞争优势。
依托金融科技加快推进对公业务的数智化转型,提升“线上金融” 服务的便利性及高效性。报告期内,本公司
融资业务线上化程度进一步提高,基于数字化风控技术,本公司持续升级国内贸易融资“闪电系列” 产品,提
升企业短期融资办理效率。同时,持续拓展人工智能技术应用,初步建立“AI小招” 企业智能助手,协助客户
完成复杂公司金融产品操作。截至报告期末,“AI小招” 累计服务企业客户达6.13万户,累计服务45.85万人
次。报告期内,本公司函证类业务交易金额3,334.51亿元,同比增长28.83% ;国内贸易融资业务量7,926.14亿
元,同比增长20.64%。
围绕企业财资管理升级需求,本公司以财",600036.SH,招商银行,2025-06-30,2025,半年报,招商银行2025半年报,招商银行2025半年报.pdf,C:\Users\Administrator\Desktop\financial-poc\data\raw\pdf\招商银行2025半年报.pdf,,,,156,679,管理层讨论,35,35,60,
600036_SH_pdf_招商银行2025半年报_pdf_e6770b40_chunk_157,pdf,pdf,"5.85万人
次。报告期内,本公司函证类业务交易金额3,334.51亿元,同比增长28.83% ;国内贸易融资业务量7,926.14亿
元,同比增长20.64%。
围绕企业财资管理升级需求,本公司以财资管理云为企业数字化服务平台,助力不同类型企业提升财务资源配置
效率。同时,本公司积极响应大型集团加快司库体系建设的需求,以“咨询+科技+金融” 顾问式服务方式,为
央企、省市国企、上市公司、跨境客群提供专业全面的财资管理解决方案,报告期内,落地多家头部企业的司库
管理项目,在高端制造、生物医药、新经济与消费等行业形成品牌口碑。截至报告期末,财资管理云服务客户达
70.92万户,较上年末增长15.28%。
加快探索企业“业财一体化” 场景下的企业数字化综合服务。采购场景围绕企业采购全流程及企业司库资金营
运的场景化诉求,升级“付款中心” 综合化服务能力,为企业提供全周期数字化、场景化、一站式采购支付服
务,满足企业多元结算需求。销售场景基于“企业收银台” 全渠道收款、智能对账与分账等能力,根据不同
规模企业客群的需求,分别打造标准化企业收款服务与定制化行业收银台服务,助力客户销售管理的数字",600036.SH,招商银行,2025-06-30,2025,半年报,招商银行2025半年报,招商银行2025半年报.pdf,C:\Users\Administrator\Desktop\financial-poc\data\raw\pdf\招商银行2025半年报.pdf,,,,157,679,管理层讨论,35,35,60,
600036_SH_pdf_招商银行2025半年报_pdf_e6770b40_chunk_158,pdf,pdf,"购支付服
务,满足企业多元结算需求。销售场景基于“企业收银台” 全渠道收款、智能对账与分账等能力,根据不同
规模企业客群的需求,分别打造标准化企业收款服务与定制化行业收银台服务,助力客户销售管理的数字化升
级。报告期内,本公司企业收银台服务企业客户7.05万户,同比增长39.00% ;交易金额1.60万亿元,同比增长
7.68%。
持续创新“云直联” 模式,拓展本公司财资管理云等数字化平台与政府机构、互联网平台、企业数字化系统连
接,面对使用SaaS数字化系统的不同规模客户,提供便捷联接本公司金融服务的能力,助力客户实现全流程数
字化打通。截至报告期末,云直联服务客户25.13万户,较上年末增长13.76%。
跨境金融业务
报告期内,本公司加快“国际化” 转型,聚焦跨境目标客群,持续完善跨境金融服务体系,积极助力稳外贸稳
外资。推动跨境金融产品数字化升级,提高单证业务线上化替代率,以产品创新驱动国际结算量稳定增长。完善
“中资企业全球化经营” 服务体系,加强境外分行基础服务能力建设,提升全球化服务能力。同时,本公司在
国家外汇管理局指导下,推动外汇展业改革提质扩面,更好地服务实体经济,",600036.SH,招商银行,2025-06-30,2025,半年报,招商银行2025半年报,招商银行2025半年报.pdf,C:\Users\Administrator\Desktop\financial-poc\data\raw\pdf\招商银行2025半年报.pdf,,,,158,679,管理层讨论,35,35,60,
600036_SH_pdf_招商银行2025半年报_pdf_e6770b40_chunk_159,pdf,pdf,"新驱动国际结算量稳定增长。完善
“中资企业全球化经营” 服务体系,加强境外分行基础服务能力建设,提升全球化服务能力。同时,本公司在
国家外汇管理局指导下,推动外汇展业改革提质扩面,更好地服务实体经济,主动防范外汇业务风险。推动外汇
服务便利化提速,服务各项高水平对外开放政策落地,提升跨境金融服务质效。顺应人民币国际化趋势,积极推
动跨境人民币业务发展。加强洗钱和制裁风险主动防范与管理,持续提升跨境数字化风控能力。报告期内,本公
司实现对公涉外收支业务量2,226.35亿美元24。
23
“收付管融联” 一体化产品服务体系指企业收款、付款、财资管理、融资和生态联结场景下的一系列产品服务。
24
自2024年年报起,对公涉外收支业务量统计口径不再包含证券投资。
招商银行股份有限公司
2025年半年度报告(A股)
49
第三章 管理层讨论与分析
投资银行业务
报告期内,本公司围绕客户投融资需求,不断提升投行业务专业能力,把握市场机遇,打造细分领域新优势。
债券承销业务方面,本公司持续为实体企业拓宽融资渠道,坚定服务高质量发展。报告期内,本公司主承销债
务融资工具2,742.95亿元,其中永续",600036.SH,招商银行,2025-06-30,2025,半年报,招商银行2025半年报,招商银行2025半年报.pdf,C:\Users\Administrator\Desktop\financial-poc\data\raw\pdf\招商银行2025半年报.pdf,,,,159,679,管理层讨论,35,35,60,
600036_SH_pdf_招商银行2025半年报_pdf_e6770b40_chunk_160,pdf,pdf,"不断提升投行业务专业能力,把握市场机遇,打造细分领域新优势。
债券承销业务方面,本公司持续为实体企业拓宽融资渠道,坚定服务高质量发展。报告期内,本公司主承销债
务融资工具2,742.95亿元,其中永续债、科技创新债券(含科创票据)承销规模均排名市场第一(WIND和中国银
行间市场交易商协会数据)。同时,本公司在中国银行间市场交易商协会非金融企业债务融资工具一般主承销商
2024年度主承销业务执业情况市场评价中获评最高等级A档,且为全市场唯一在价值发现能力、普惠能力、开创
能力和服务对外开放能力全部四个方面均获评特色主承销商的机构。
并购金融业务方面,本公司立足服务实体经济,聚焦上市公司并购重组和央国企战略新兴产业布局两大核心业
务场景,通过持续丰富服务内容和创新产品模式,助力企业产业链转型升级与延展产业半径;同时依托境内外
高效联动与集团飞轮优势,积极把握跨境并购和资产盘活市场的结构性机遇,提供全流程的综合金融服务。报
告期内,本公司并购金融业务发生额1,384.54亿元,同比增长27.39%,其中人民币并购贷款投放金额同比增长
129.37%,主要是因为落地了多笔具有市场影响力的重大",600036.SH,招商银行,2025-06-30,2025,半年报,招商银行2025半年报,招商银行2025半年报.pdf,C:\Users\Administrator\Desktop\financial-poc\data\raw\pdf\招商银行2025半年报.pdf,,,,160,679,管理层讨论,35,35,60,
600036_SH_pdf_招商银行2025半年报_pdf_e6770b40_chunk_161,pdf,pdf,",提供全流程的综合金融服务。报
告期内,本公司并购金融业务发生额1,384.54亿元,同比增长27.39%,其中人民币并购贷款投放金额同比增长
129.37%,主要是因为落地了多笔具有市场影响力的重大项目,包括全国首单科技企业并购银团贷款、市场首
单港股要约收购A股上市公司控制权项目、上半年最大单港股私有化融资项目等。
企业财富管理业务方面,本公司不断加强合作机构多元化和产品多元化布局,构建开放式的企业财富管理平台。
报告期内,本公司企业财富管理产品日均余额4,590.59亿元,较上年全年增长14.80%,主要是由于企业客户对
财富管理的需求更加旺盛,同时本公司企业财富管理服务体系逐步完善,系统功能持续更新,市场竞争力不断增
强。
市场交易(撮合)业务方面,本公司坚持服务实体经济,聚焦企业客户多层次、多样化的金融需求,持续强化生
态化服务能力构建。报告期内,本公司市场交易(撮合)发生额2,283.33亿元,同比增长29.09%,主要为聚焦
“五篇大文章”,有效推动业务拓面所致。
本公司子公司招银国际积极与母行进行业务协同,加强投商行联动。报告期内招银国际共完成6单港股IPO保荐
项目及",600036.SH,招商银行,2025-06-30,2025,半年报,招商银行2025半年报,招商银行2025半年报.pdf,C:\Users\Administrator\Desktop\financial-poc\data\raw\pdf\招商银行2025半年报.pdf,,,,161,679,管理层讨论,35,35,60,
600036_SH_pdf_招商银行2025半年报_pdf_e6770b40_chunk_162,pdf,pdf,"283.33亿元,同比增长29.09%,主要为聚焦
“五篇大文章”,有效推动业务拓面所致。
本公司子公司招银国际积极与母行进行业务协同,加强投商行联动。报告期内招银国际共完成6单港股IPO保荐
项目及25单港股IPO承销项目。根据彭博统计的数据,招银国际2025年上半年承销数量排名香港市场第一,保
持了在港股IPO承销业务方面的领先地位。
同业业务
同业负债方面,报告期内,同业存款日均余额7,530.66亿元,其中同业活期存款占比93.47%。报告期内,本公
司大力拓展低成本负债来源,强化业务管理及全行协同机制,做好成本率管控,同业存款成本率1.06%,较上年
全年下降25个基点。
存管业务方面,本公司证券期货保证金存管业务平稳运行,已与107家券商开展第三方存管业务合作,期末客户
数1,929.39万户,较上年末增长4.41% ;与145家期货公司开展银期转账业务合作,期末客户数54.02万户,较
上年末增长7.25%。
资产管理业务
截至报告期末,本公司子公司招银理财、招商基金、招商信诺资管和招银国际的资管业务总规模合计为4.45万
亿元,较上年末下降0.51%。其中,招银理财理财",600036.SH,招商银行,2025-06-30,2025,半年报,招商银行2025半年报,招商银行2025半年报.pdf,C:\Users\Administrator\Desktop\financial-poc\data\raw\pdf\招商银行2025半年报.pdf,,,,162,679,管理层讨论,35,35,60,
600036_SH_pdf_招商银行2025半年报_pdf_e6770b40_chunk_163,pdf,pdf,"2万户,较
上年末增长7.25%。
资产管理业务
截至报告期末,本公司子公司招银理财、招商基金、招商信诺资管和招银国际的资管业务总规模合计为4.45万
亿元,较上年末下降0.51%。其中,招银理财理财产品余额2.46万亿元,较上年末下降0.40% ;招商基金的资
管业务规模1.54万亿元,较上年末下降1.91% ;招商信诺资管的资管业务规模3,053.13亿元,较上年末下降
0.12% ;招银国际的资管业务规模1,479.66亿元,较上年末增长13.53%。
招商银行股份有限公司
2025年半年度报告(A股)
50
第三章 管理层讨论与分析
招银理财坚持稳中求进的投资与管理理念,不断夯实发展基础。产品规模方面,截至报告期末,招银理财管理
的理财产品余额虽较上年末微降,但较一季度末增加971.29亿元。产品布局方面,继续构建以绝对收益目标为
主、相对收益目标为辅的全品类产品线。基于客户理财需求场景,在“短债三宝” “稳安宝” 固收品牌基础
上,上半年新推出“固盈家” 品牌,对固定收益类产品实现全期限优选覆盖;持续完善“全+福” 多资产多策
略品牌矩阵,嘉悦多元、嘉悦双盈、价值精选等含权理",600036.SH,招商银行,2025-06-30,2025,半年报,招商银行2025半年报,招商银行2025半年报.pdf,C:\Users\Administrator\Desktop\financial-poc\data\raw\pdf\招商银行2025半年报.pdf,,,,163,679,管理层讨论,35,35,60,
600036_SH_pdf_招商银行2025半年报_pdf_e6770b40_chunk_164,pdf,pdf,"求场景,在“短债三宝” “稳安宝” 固收品牌基础
上,上半年新推出“固盈家” 品牌,对固定收益类产品实现全期限优选覆盖;持续完善“全+福” 多资产多策
略品牌矩阵,嘉悦多元、嘉悦双盈、价值精选等含权理财25品牌推陈出新,产品规模持续增长;丰富理财定投、
分红、目标止盈等产品功能,提升投资体验。投研能力建设方面,坚守稳健投资方向,持续打造相匹配的投研能
力。深化投研融合,提升行业研究深度,加大低波稳健类策略落地,增强多元资产配置能力,偏债混合型、偏股
混合型、股票类产品当年年化收益率位居同业前列,含权理财产品市占率持续提升。风险管理方面,坚持审慎稳
健的风险管理理念。报告期内制定实施年度信用投资风险政策,提升市场风险管理、流动性风险管理的前瞻性和
有效性,持续完善内控合规管理。科技赋能方面,持续推动AI在投研、风控等核心业务场景的落地,在投研交易
领域,智能交易机器人协助完成80%的债券交易,大幅提高投资效率。
招商基金深入贯彻公募基金高质量发展要求,牢牢把握客户体验和协同融合两个关键,总体延续了健康平稳的发
展势头。截至报告期末,招商基金的资管业务规模1.54万亿元,其中,公募基金管理",600036.SH,招商银行,2025-06-30,2025,半年报,招商银行2025半年报,招商银行2025半年报.pdf,C:\Users\Administrator\Desktop\financial-poc\data\raw\pdf\招商银行2025半年报.pdf,,,,164,679,管理层讨论,35,35,60,
600036_SH_pdf_招商银行2025半年报_pdf_e6770b40_chunk_165,pdf,pdf,",大幅提高投资效率。
招商基金深入贯彻公募基金高质量发展要求,牢牢把握客户体验和协同融合两个关键,总体延续了健康平稳的发
展势头。截至报告期末,招商基金的资管业务规模1.54万亿元,其中,公募基金管理规模8,966.75亿元,较上
年末增长1.93%。产品布局方面,持续优化产品结构,率先申报并获批行业首批基于业绩基准的浮动费率产品及
首批中证AAA科创债ETF产品,并成功落地行业首只可使用人民币交易的ETF互挂产品、首批科创综指ETF等创新
项目。投研能力建设方面,持续增强权益投资能力、深化投研互动,公司偏股型基金与社保组合当年业绩显著提
升。风险管理方面,持续推进全面风险管理,进一步加强重点领域风险管控,提升内控合规管理水平,较好控制
了业务风险,报告期内未发生重大合规风险事件。客户经营方面,积极推进渠道和客群开拓,稳步推进投顾业务
开展,充分把握养老金业务发展机遇,深耕客户陪伴和投资者教育,努力提升客户体验感和获得感。
招商信诺资管定位于专业稳健的长期资金管理机构,发挥长期资金管理能力和差异化产品创设优势,主动融入价
值银行战略大局。保险资金受托业务方面,持续提升大类资产配置和主动",600036.SH,招商银行,2025-06-30,2025,半年报,招商银行2025半年报,招商银行2025半年报.pdf,C:\Users\Administrator\Desktop\financial-poc\data\raw\pdf\招商银行2025半年报.pdf,,,,165,679,管理层讨论,35,35,60,
600036_SH_pdf_招商银行2025半年报_pdf_e6770b40_chunk_166,pdf,pdf,"教育,努力提升客户体验感和获得感。
招商信诺资管定位于专业稳健的长期资金管理机构,发挥长期资金管理能力和差异化产品创设优势,主动融入价
值银行战略大局。保险资金受托业务方面,持续提升大类资产配置和主动管理投研能力,以投资收益保障委托
方达成盈利目标并维持充足的偿付能力。截至报告期末,受托管理保险资金规模2,140.16亿元,较上年末增长
12.85%。产品创设方面,择优发行另类资管产品,大力发展复杂策略类的组合类资管产品,打造具有保险资管
差异化特色的投资策略,打造公司新增长点。运营及风险管理方面,高质量推进各项基础工作,建立高效经营管
理体系,持续完善全面风险管理体系,迭代升级投资和产品管理系统,实现稳健发展。
招银国际坚持发挥差异化优势,经营效能不断提升。境内股权投资基金业务方面,投资效能和行业影响力持续提
升,报告期内有1个投资项目成功实现IPO,有1个投资项目发布招股意向书。境外资产管理业务方面,招银国际
私募股权产品报告期内共有2个投资项目完成上市后全部退出。招银国际继续发力公募基金业务,报告期内新发
行1只货币公募基金,截至报告期末,新增公募基金管理规模161.15亿元,公",600036.SH,招商银行,2025-06-30,2025,半年报,招商银行2025半年报,招商银行2025半年报.pdf,C:\Users\Administrator\Desktop\financial-poc\data\raw\pdf\招商银行2025半年报.pdf,,,,166,679,管理层讨论,35,35,60,
600036_SH_pdf_招商银行2025半年报_pdf_e6770b40_chunk_167,pdf,pdf,"产管理业务方面,招银国际
私募股权产品报告期内共有2个投资项目完成上市后全部退出。招银国际继续发力公募基金业务,报告期内新发
行1只货币公募基金,截至报告期末,新增公募基金管理规模161.15亿元,公募基金总规模达315.15亿元。截
至报告期末,已发行的美元货币公募基金、投资级债券公募基金业绩自相关产品发行日起在香港地区一直保持同
业领先。
资产托管业务
截至报告期末,本公司托管资产余额24.14万亿元,较上年末增长5.60%,托管总规模位居行业前列。
本公司致力于成为专业更精、科技更强、服务更佳的客户首选全球托管银行,围绕托管业务本源,强化托管履
职,托管专业及服务能力持续提升。
一是量质并举推动托管业务结构优化。截至报告期末,本公司托管规模增量中资管类产品26占比105.43%,高于
行业平均占比,托管业务结构持续优化。
二是强化科技创新和科技服务能力,托管服务获市场认可,获评《亚洲银行家》“中国最佳托管银行”。以客户
需求为中心,以“招商银行托管+” 服务品牌为引领,构建“高效、智能、安全、协同” 的托管服务新生态,
为客户降本增效、实现高质量发展持续助力。
25
含权理财产品",600036.SH,招商银行,2025-06-30,2025,半年报,招商银行2025半年报,招商银行2025半年报.pdf,C:\Users\Administrator\Desktop\financial-poc\data\raw\pdf\招商银行2025半年报.pdf,,,,167,679,管理层讨论,35,35,60,
600036_SH_pdf_招商银行2025半年报_pdf_e6770b40_chunk_168,pdf,pdf,"银行家》“中国最佳托管银行”。以客户
需求为中心,以“招商银行托管+” 服务品牌为引领,构建“高效、智能、安全、协同” 的托管服务新生态,
为客户降本增效、实现高质量发展持续助力。
25
含权理财产品是指底层资产包含权益类资产的理财产品,主要包括风险评级R3级及以上的固收增强、混合类、权益类、商品衍生品类产品。
26
根据中国银行业协会托管业务专业委员会统计口径,资管类产品托管含证券投资基金、基金公司客户资产管理、证券公司客户资产管理、银行理
财、信托财产、私募投资基金、保险资产、养老金、QDII类产品、QFI类产品、期货等托管。
招商银行股份有限公司
2025年半年度报告(A股)
51
第三章 管理层讨论与分析
金融市场业务
报告期内,本公司持续加强策略研究、加大波段操作、丰富利率风险管理工具,全面提升全球交易能力和客群服
务能力,金融市场业务实现了高质量韧性增长。
投资交易方面,本公司秉持稳健操作理念,进一步加强宏观政策研究和市场研判,强化策略创新,优化组合结
构,增厚投资收益。同时,本公司增持科创、绿色、小微、可持续发展等类型债券,支持实体经济发展。此外,
本公司继续积极履行做市",600036.SH,招商银行,2025-06-30,2025,半年报,招商银行2025半年报,招商银行2025半年报.pdf,C:\Users\Administrator\Desktop\financial-poc\data\raw\pdf\招商银行2025半年报.pdf,,,,168,679,管理层讨论,35,35,60,
600036_SH_pdf_招商银行2025半年报_pdf_e6770b40_chunk_169,pdf,pdf,"秉持稳健操作理念,进一步加强宏观政策研究和市场研判,强化策略创新,优化组合结
构,增厚投资收益。同时,本公司增持科创、绿色、小微、可持续发展等类型债券,支持实体经济发展。此外,
本公司继续积极履行做市商职责,通过增加资源投入、加快科技赋能、强化客群拓展等多项举措,持续加强做
市能力建设。报告期内,人民币债券投资交易量4.58万亿元27,同比增长182.72%,主要是做市业务规模大幅增
长。
对客交易业务方面,本公司持续向企业客户宣导汇率风险中性理念,深化“产品+客群” 场景化经营模式,紧
密围绕客户需求与市况变化,为企业提供汇率、利率等金融市场风险管理方案。同时,加速推进境内外一体化
对客交易体系建设,服务企业全球化发展与风险管理需求。报告期内,本公司金融市场对客业务批发客户数为
66,585家,同比增长14.95% ;金融市场批发对客业务交易量1,591.76亿美元,同比增长25.16%。
数字化转型方面,本公司紧跟AI大模型突破性发展带来的机遇,加速探索相关技术在金融市场业务中的融合应
用,驱动投资交易从数字化决策向智能化决策转变,推动境外分行金融市场业务系统建设,提升招银避险平台",600036.SH,招商银行,2025-06-30,2025,半年报,招商银行2025半年报,招商银行2025半年报.pdf,C:\Users\Administrator\Desktop\financial-poc\data\raw\pdf\招商银行2025半年报.pdf,,,,169,679,管理层讨论,35,35,60,
600036_SH_pdf_招商银行2025半年报_pdf_e6770b40_chunk_170,pdf,pdf,"。
数字化转型方面,本公司紧跟AI大模型突破性发展带来的机遇,加速探索相关技术在金融市场业务中的融合应
用,驱动投资交易从数字化决策向智能化决策转变,推动境外分行金融市场业务系统建设,提升招银避险平台服
务能力,完善交易风险管理的前瞻性和精准性。
国际化方面,本公司积极助力人民币国际化和中国债券市场对外开放,持续参与全国银行间同业拆借中心“债
券通” 和“互换通” 交易,促进香港与内地金融市场的互联互通,为境外投资者提供优质服务,连续六年获得
债券通公司颁发的“北向通优秀做市商” 奖项。
3.10.3 分销渠道
本公司通过各种不同的分销渠道来提供产品和服务。本公司的分销渠道主要分为物理分销渠道和电子银行渠道。
线下渠道
本公司业务以中国市场为主,分销网络主要分布于中国境内主要中心城市,以及中国香港、纽约、伦敦、新加
坡、卢森堡、悉尼等国际金融中心。截至报告期末,本公司在中国境内设有143家分行及1,800家支行,2家分行
级专营机构(信用卡中心和资金营运中心),2,178家自助银行,5,132台自助设备,4,636台可视设备;在中国香
港设有香港分行;在中国台北设有代表处;在美国设有纽",600036.SH,招商银行,2025-06-30,2025,半年报,招商银行2025半年报,招商银行2025半年报.pdf,C:\Users\Administrator\Desktop\financial-poc\data\raw\pdf\招商银行2025半年报.pdf,,,,170,679,管理层讨论,35,35,60,
600036_SH_pdf_招商银行2025半年报_pdf_e6770b40_chunk_171,pdf,pdf,"分行及1,800家支行,2家分行
级专营机构(信用卡中心和资金营运中心),2,178家自助银行,5,132台自助设备,4,636台可视设备;在中国香
港设有香港分行;在中国台北设有代表处;在美国设有纽约分行;在英国设有伦敦分行;在新加坡设有新加坡分
行;在卢森堡设有卢森堡分行;在澳大利亚设有悉尼分行。
线上渠道
零售主要线上渠道
招商银行App
报告期内,本公司顺应国家经济发展需要、人工智能技术进步趋势和客户需求变化,不断升级招商银行App。一
是深化主账户建设,构建智能账务服务体系,覆盖客户从行内到行外、从个人到家庭、从当下到未来的全场景账
务管理需求;二是升级保险服务,覆盖“规划-选品-陪伴” 三个阶段,从家庭视角出发,推出保险利益演示
和选品工具,引入保险公司增值服务,让客户看得清楚买得安心;三是持续升级信贷产品服务矩阵,精准匹配客
户需求,重构贷款产品货架。报告期内,招商银行App月活跃用户8,363.67万户。
27
为本公司资金营运中心人民币债券投资交易业务量。
招商银行股份有限公司
2025年半年度报告(A股)
52
第三章 管理层讨论与分析
信用卡掌上生活App
报告期",600036.SH,招商银行,2025-06-30,2025,半年报,招商银行2025半年报,招商银行2025半年报.pdf,C:\Users\Administrator\Desktop\financial-poc\data\raw\pdf\招商银行2025半年报.pdf,,,,171,679,管理层讨论,35,35,60,
600036_SH_pdf_招商银行2025半年报_pdf_e6770b40_chunk_172,pdf,pdf,"月活跃用户8,363.67万户。
27
为本公司资金营运中心人民币债券投资交易业务量。
招商银行股份有限公司
2025年半年度报告(A股)
52
第三章 管理层讨论与分析
信用卡掌上生活App
报告期内,本公司持续提升掌上生活App客户服务与动员能力。深耕高频消费场景,连接优质合作伙伴,完善线
上服务生态,升级平台交互能力,持续优化用户使用体验。同时,结合五一、618等重要消费节点,开展一系列
丰富的主题营销活动,持续增强客户动员能力。报告期内,信用卡掌上生活App月活跃用户3,708.52万户,用户
活跃度居同业信用卡类App前列。
远程经营服务
本公司通过电话、网络和视频等多媒体服务方式,为客户提供实时、全面、快速的一体化服务。利用数智化技术
解决客户常见问题,并进行服务需求的快速引导,当服务繁忙或出现业务办理中断时,将主动识别并以短信或
App消息进行提示,引导客户直达线上客服,避免服务断点;同时,进一步畅通客户投诉反馈与查询方式,通过
线上“咨询与投诉” 入口快速反馈投诉问题并查询处理进度。报告期内,远程线上全渠道人工接通率98.87%,
远程线上全渠道人工20秒响应率93.5",600036.SH,招商银行,2025-06-30,2025,半年报,招商银行2025半年报,招商银行2025半年报.pdf,C:\Users\Administrator\Desktop\financial-poc\data\raw\pdf\招商银行2025半年报.pdf,,,,172,679,管理层讨论,35,35,60,
600036_SH_pdf_招商银行2025半年报_pdf_e6770b40_chunk_173,pdf,pdf,"服务断点;同时,进一步畅通客户投诉反馈与查询方式,通过
线上“咨询与投诉” 入口快速反馈投诉问题并查询处理进度。报告期内,远程线上全渠道人工接通率98.87%,
远程线上全渠道人工20秒响应率93.52%,远程线上全渠道客户满意度99.76%。
智能服务体系
在借记卡智能服务体系方面,报告期内,本公司利用大模型技术,焕新“小招” 智能服务。一是推动“小招”
向“管家” 角色升级,不仅能够被动回答客户的提问,还能基于智能分析,洞察客户财富管理需求;二是推动
“小招” 向“专家” 角色升级,不仅能回答“是什么”,还能解释“为什么”,并围绕“怎么做” 向客户提出
建议。
在信用卡智能服务体系方面,报告期内,本公司持续推进信用卡客户服务的数字化、智能化转型,优化智能交
互体验,提升客户服务效能。拓展智能服务渠道部署,加强业务场景智能体建设,优化掌上生活App信用卡“小
招” 的人机协作模式,持续增强解决问题的能力;积极构建面向客服员工的大模型AI应用,实现事前、事中、
事后的全流程辅助,充分发挥“人” 在情感沟通和处理复杂问题方面的优势,打造更加智能和更有温度的客服
体验。
批发主要线上渠道",600036.SH,招商银行,2025-06-30,2025,半年报,招商银行2025半年报,招商银行2025半年报.pdf,C:\Users\Administrator\Desktop\financial-poc\data\raw\pdf\招商银行2025半年报.pdf,,,,173,679,管理层讨论,35,35,60,
600036_SH_pdf_招商银行2025半年报_pdf_e6770b40_chunk_174,pdf,pdf,"强解决问题的能力;积极构建面向客服员工的大模型AI应用,实现事前、事中、
事后的全流程辅助,充分发挥“人” 在情感沟通和处理复杂问题方面的优势,打造更加智能和更有温度的客服
体验。
批发主要线上渠道
本公司聚焦企业财资管理数字化转型需求,持续优化网上企业银行和招商银行企业App两大服务渠道。报告期
内,本公司网上企业银行探索平台服务的智能化转型,为企业提供“轻量化” “标准化” “一站式” 线上化数
智服务平台。招商银行企业App聚焦移动办公与数智服务打造差异化能力,为法人、高管等企业关键人提供移动
端便捷的财资服务。截至报告期末,本公司批发线上渠道客户327.16万户,较上年末增长6.70% ;批发线上渠
道客户覆盖率97.14%,较上年末提升0.31个百分点。报告期内,本公司批发线上渠道月活跃客户213.05万户,
同比增长12.61% ;批发线上渠道交易笔数2.58亿笔,同比增长15.18%,交易金额113.48万亿元,同比增长
3.80%。
3.10.4 境外分行
香港分行
本公司香港分行成立于2002年,是本公司在境外正式成立的首家分行,可经营全面的商业银行业务,包括公司
及",600036.SH,招商银行,2025-06-30,2025,半年报,招商银行2025半年报,招商银行2025半年报.pdf,C:\Users\Administrator\Desktop\financial-poc\data\raw\pdf\招商银行2025半年报.pdf,,,,174,679,管理层讨论,35,35,60,
600036_SH_pdf_招商银行2025半年报_pdf_e6770b40_chunk_175,pdf,pdf,".18%,交易金额113.48万亿元,同比增长
3.80%。
3.10.4 境外分行
香港分行
本公司香港分行成立于2002年,是本公司在境外正式成立的首家分行,可经营全面的商业银行业务,包括公司
及零售银行业务。对公业务方面,可提供存款、结算、贸易融资、双边贷款、银团贷款、跨境并购综合服务方
案、资产托管等多元化的公司银行业务产品和服务,可参与同业资金、债券及外汇市场交易,并与同业客户开
展资金清算及资产转让业务等。零售业务方面,可为客户提供个人银行服务和私人财富管理服务,特色产品为
“香港一卡通” 和“香港银证通” 等。
报告期内,香港分行持续优化生息资产结构,拉长资产端久期的同时实现资产规模的增长,积极拓展优质业务,
着力提升财富管理规模。报告期内,香港分行实现营业收入15.34亿港元。
招商银行股份有限公司
2025年半年度报告(A股)
53
第三章 管理层讨论与分析
纽约分行
本公司纽约分行成立于2008年,是美国自1991年实施《加强外国银行监管法》以来批准设立的首家中资银行分
行。纽约分行地处全球金融中心,致力于打造以中美双向联动为特征的跨境金融平台,为中美两国企业提供多",600036.SH,招商银行,2025-06-30,2025,半年报,招商银行2025半年报,招商银行2025半年报.pdf,C:\Users\Administrator\Desktop\financial-poc\data\raw\pdf\招商银行2025半年报.pdf,,,,175,679,管理层讨论,35,35,60,
600036_SH_pdf_招商银行2025半年报_pdf_e6770b40_chunk_176,pdf,pdf,"公司纽约分行成立于2008年,是美国自1991年实施《加强外国银行监管法》以来批准设立的首家中资银行分
行。纽约分行地处全球金融中心,致力于打造以中美双向联动为特征的跨境金融平台,为中美两国企业提供多样
化、全方位的银行服务,主要服务及产品包括:存款、结算、外汇交易、国际单证、贸易融资、双边贷款、银团
贷款、流动资金融资、并购融资、私有化融资、基金融资等。同时,积极搭建私行客户全球化服务网络,为高净
值私行客户提供优质的非金融增值服务。
报告期内,纽约分行积极践行可持续的高质量发展策略,在客群拓展、产品创新、风险合规建设、盈利能力提升
方面取得进展。报告期内,纽约分行实现营业收入4,896.04万美元。
新加坡分行
本公司新加坡分行成立于2013年,定位为东南亚地区重要的跨境金融平台,立足新加坡,辐射东南亚,以跨境
金融和财富管理为核心业务。跨境金融方面,新加坡分行为“走出去” 的中国企业和“引进来” 的新加坡本地
及其他东南亚地区企业提供全方位的跨境金融一站式解决方案,主要服务及产品包括:存款、结算、外汇交易、
贸易融资、银团贷款、并购融资、退市融资等。财富管理方面,私人银行(新加坡",600036.SH,招商银行,2025-06-30,2025,半年报,招商银行2025半年报,招商银行2025半年报.pdf,C:\Users\Administrator\Desktop\financial-poc\data\raw\pdf\招商银行2025半年报.pdf,,,,176,679,管理层讨论,35,35,60,
600036_SH_pdf_招商银行2025半年报_pdf_e6770b40_chunk_177,pdf,pdf,"和“引进来” 的新加坡本地
及其他东南亚地区企业提供全方位的跨境金融一站式解决方案,主要服务及产品包括:存款、结算、外汇交易、
贸易融资、银团贷款、并购融资、退市融资等。财富管理方面,私人银行(新加坡)中心为高净值客户提供现金
管理、资产配置、财富传承等投融资一体化的私人银行产品及增值服务。
报告期内,新加坡分行紧抓市场机遇,重点聚焦优质中资企业、新加坡本地头部企业、东南亚地区优质金融机构
等核心客群,持续提升客户服务能力。报告期内,新加坡分行实现营业收入1,805.82万美元。
卢森堡分行
本公司卢森堡分行成立于2015年,定位于欧洲大陆重要的跨境金融平台,为“走出去” 的中国企业和“引进
来” 的欧洲企业提供全方位的跨境金融一站式解决方案,主要服务及产品包括:存款、贷款、项目融资、贸易
融资、并购融资、并购咨询和债券承销等,并致力于结合母行优势业务和欧洲特色,打造本公司在欧洲的经营平
台。同时,积极搭建私行客户全球化服务网络,为高净值私行客户提供优质的非金融增值服务。
报告期内,卢森堡分行持续拓展优质客群,不断提升业务规模,积极协助其他同业机构发行债券,并广泛参与同
业借款、同业存",600036.SH,招商银行,2025-06-30,2025,半年报,招商银行2025半年报,招商银行2025半年报.pdf,C:\Users\Administrator\Desktop\financial-poc\data\raw\pdf\招商银行2025半年报.pdf,,,,177,679,管理层讨论,35,35,60,
600036_SH_pdf_招商银行2025半年报_pdf_e6770b40_chunk_178,pdf,pdf,"台。同时,积极搭建私行客户全球化服务网络,为高净值私行客户提供优质的非金融增值服务。
报告期内,卢森堡分行持续拓展优质客群,不断提升业务规模,积极协助其他同业机构发行债券,并广泛参与同
业借款、同业存款等业务。报告期内,卢森堡分行实现营业收入1,271.14万欧元。
伦敦分行
本公司伦敦分行成立于2016年,是中国股份制商业银行在英国获准成立的首家分行,为“走出去” 的中国企业
和“引进来” 的英国头部企业提供全方位的跨境金融一站式解决方案,主要服务及产品包括:存款、结算、外
汇交易、贸易融资、双边贷款、银团贷款、并购融资等。同时,积极搭建私行客户全球化服务网络,为高净值私
行客户提供优质的非金融增值服务。
报告期内,伦敦分行积极践行“量质并举、质效为先” 发展理念,通过深化客群经营、强化精细化管理等举
措,推动分行经营效能提升。报告期内,伦敦分行实现营业收入2,160.47万美元。
悉尼分行
本公司悉尼分行成立于2017年,是中国股份制商业银行在澳大利亚获准成立的首家分行。悉尼分行立足中澳经
贸与投资往来,聚焦“走出去” 的战略客户和澳新地区头部客户需求,通过提供双向跨境金融服务为客",600036.SH,招商银行,2025-06-30,2025,半年报,招商银行2025半年报,招商银行2025半年报.pdf,C:\Users\Administrator\Desktop\financial-poc\data\raw\pdf\招商银行2025半年报.pdf,,,,178,679,管理层讨论,35,35,60,
600036_SH_pdf_招商银行2025半年报_pdf_e6770b40_chunk_179,pdf,pdf,"分行
本公司悉尼分行成立于2017年,是中国股份制商业银行在澳大利亚获准成立的首家分行。悉尼分行立足中澳经
贸与投资往来,聚焦“走出去” 的战略客户和澳新地区头部客户需求,通过提供双向跨境金融服务为客户创造
价值,主要服务及产品包括:存款、结算、外汇交易、贸易融资、并购融资及承诺、项目融资、银团贷款、基金
融资等。同时,积极搭建私行客户全球化服务网络,为高净值私行客户提供优质的非金融增值服务。
报告期内,悉尼分行通过优化资产配置,强化本地客群拓展,推动数字化转型,通过贸易融资产品实现存款引
流,综合经营能力稳步提升。报告期内,悉尼分行实现营业收入3,394.76万澳元。
招商银行股份有限公司
2025年半年度报告(A股)
54
第三章 管理层讨论与分析
3.10.5 主要子公司
本公司依法合规行使股东权利,持续加强对子公司在公司治理、资本管理、风险管理、财务管理等方面的全面管
理,充分发挥综合经营的协同效应,在实现自身高质量发展的同时提升本集团对客户的综合金融服务能力。
招商永隆银行
招商永隆银行成立于1933年,注册资本11.61亿港元,是本公司在香港的全资子公司。招商永隆银行为客户",600036.SH,招商银行,2025-06-30,2025,半年报,招商银行2025半年报,招商银行2025半年报.pdf,C:\Users\Administrator\Desktop\financial-poc\data\raw\pdf\招商银行2025半年报.pdf,,,,179,679,管理层讨论,35,35,60,
600036_SH_pdf_招商银行2025半年报_pdf_e6770b40_chunk_180,pdf,pdf,"综合经营的协同效应,在实现自身高质量发展的同时提升本集团对客户的综合金融服务能力。
招商永隆银行
招商永隆银行成立于1933年,注册资本11.61亿港元,是本公司在香港的全资子公司。招商永隆银行为客户提供
零售和私人银行、企业银行等多元化的银行产品和服务,并通过子公司提供信托、资产管理和保险经纪等服务。
截至报告期末,招商永隆集团总资产5,209.57亿港元,归属于股东的权益524.84亿港元;报告期内实现归属于
股东的净利润30.37亿港元。
招银金租
招银金租成立于2008年,注册资本180亿元,是本公司的全资子公司。招银金租建立了航空、航运、设备三大
业务板块,打造以新能源、新基建、新科技、新出行、新智造和新材料“六新” 产业为主导的金融租赁服务体
系,以满足承租人购置设备、促进销售、盘活资产、均衡税负和改善财务结构等需求。
截至报告期末,招银金租总资产3,289.60亿元,净资产397.69亿元;报告期内实现净利润28.39亿元。
招银国际
招银国际成立于1993年,注册资本41.29亿港元,是本公司在香港的全资子公司。招银国际及其子公司的主要业
务包括企业融资业务、资产管理业",600036.SH,招商银行,2025-06-30,2025,半年报,招商银行2025半年报,招商银行2025半年报.pdf,C:\Users\Administrator\Desktop\financial-poc\data\raw\pdf\招商银行2025半年报.pdf,,,,180,679,管理层讨论,35,35,60,
600036_SH_pdf_招商银行2025半年报_pdf_e6770b40_chunk_181,pdf,pdf,"97.69亿元;报告期内实现净利润28.39亿元。
招银国际
招银国际成立于1993年,注册资本41.29亿港元,是本公司在香港的全资子公司。招银国际及其子公司的主要业
务包括企业融资业务、资产管理业务、财富管理业务、环球市场业务和结构融资业务等。
截至报告期末,招银国际总资产896.20亿港元,净资产199.62亿港元;报告期内实现净利润13.71亿港元。
招银理财
招银理财成立于2019年,注册资本约55.56亿元。截至报告期末,本公司和摩根资产管理(JPMorgan Asset
Management (Asia Pacific) Limited)分别持有招银理财90%和10%的股权。招银理财的经营范围包括发行理财
产品、开展理财顾问和咨询服务,以及监管机构批准的其他业务。
截至报告期末,招银理财总资产253.63亿元,净资产244.13亿元;报告期内实现净利润13.64亿元。
招商基金
招商基金成立于2002年,注册资本13.1亿元。截至报告期末,本公司和招商证券股份有限公司分别持有招商基
金55%和45%的股权。招商基金的经营范围包括发起设立基金、基金管理业务和中国证监会批准的",600036.SH,招商银行,2025-06-30,2025,半年报,招商银行2025半年报,招商银行2025半年报.pdf,C:\Users\Administrator\Desktop\financial-poc\data\raw\pdf\招商银行2025半年报.pdf,,,,181,679,管理层讨论,35,35,60,
600036_SH_pdf_招商银行2025半年报_pdf_e6770b40_chunk_182,pdf,pdf,"金
招商基金成立于2002年,注册资本13.1亿元。截至报告期末,本公司和招商证券股份有限公司分别持有招商基
金55%和45%的股权。招商基金的经营范围包括发起设立基金、基金管理业务和中国证监会批准的其他业务。
截至报告期末,招商基金总资产153.91亿元,净资产105.65亿元;报告期内实现净利润7.89亿元。
招商信诺资管
招商信诺资管成立于2020年,注册资本5亿元,是本公司间接控股的子公司,由本公司合营公司招商信诺和子公
司招银国际分别持股87.3458%和12.6542%。招商信诺资管的经营范围包括受托管理委托人资金、发行保险资
产管理产品及与资产管理相关的咨询业务等。
截至报告期末,招商信诺资管总资产11.16亿元,净资产9.20亿元;报告期内实现净利润0.71亿元。
招银欧洲
招银欧洲成立于2021年,注册资本1亿欧元,是本公司在欧洲的全资子公司,也是本公司在欧盟与欧洲经济区的
区域总部。招银欧洲为客户提供跨境融资、并购金融、私人银行、投资管理、金融市场、债券承销、贸易融资等
多样化的金融产品和服务,围绕企业和个人的全球资产进行经营和配置。
截至报告期末,招银欧洲总资产4",600036.SH,招商银行,2025-06-30,2025,半年报,招商银行2025半年报,招商银行2025半年报.pdf,C:\Users\Administrator\Desktop\financial-poc\data\raw\pdf\招商银行2025半年报.pdf,,,,182,679,管理层讨论,35,35,60,
600036_SH_pdf_招商银行2025半年报_pdf_e6770b40_chunk_183,pdf,pdf,"的
区域总部。招银欧洲为客户提供跨境融资、并购金融、私人银行、投资管理、金融市场、债券承销、贸易融资等
多样化的金融产品和服务,围绕企业和个人的全球资产进行经营和配置。
截至报告期末,招银欧洲总资产4.65亿欧元,净资产0.89亿欧元;报告期内实现净利润-102.50万欧元。
招商银行股份有限公司
2025年半年度报告(A股)
55
第三章 管理层讨论与分析
3.10.6 主要合营公司28
招商信诺
招商信诺成立于2003年,注册资本28亿元,是本公司的合营公司。截至报告期末,本公司和信诺健康人寿保险
公司分别持有招商信诺50%的股权。招商信诺的主要业务是人寿保险、健康保险和意外伤害保险等保险业务及
上述业务的再保险业务。
截至报告期末,招商信诺总资产2,366.89亿元,净资产170.75亿元;报告期内实现净利润3.08亿元。
招联消金
招联消金成立于2015年,注册资本100亿元,是本公司的合营公司。截至报告期末,本公司和中国联合网络通
信有限公司分别持有招联消金50%的股权。招联消金的主要业务是发放个人消费贷款。
截至报告期末,招联消金总资产1,577.22亿元,净资产241.6",600036.SH,招商银行,2025-06-30,2025,半年报,招商银行2025半年报,招商银行2025半年报.pdf,C:\Users\Administrator\Desktop\financial-poc\data\raw\pdf\招商银行2025半年报.pdf,,,,183,679,管理层讨论,35,35,60,
600036_SH_pdf_招商银行2025半年报_pdf_e6770b40_chunk_184,pdf,pdf,"公司的合营公司。截至报告期末,本公司和中国联合网络通
信有限公司分别持有招联消金50%的股权。招联消金的主要业务是发放个人消费贷款。
截至报告期末,招联消金总资产1,577.22亿元,净资产241.67亿元;报告期内实现净利润15.04亿元。
3.11 风险管理
本公司紧紧围绕价值银行战略,坚守稳健审慎的风险文化和风险偏好,持续巩固堡垒式风险合规管理体系,守住
不发生系统性风险底线。总行风险与合规管理委员会在董事会批准的风险管理偏好、战略、政策及权限框架内,
审议并决策全行重大风险管理政策。
报告期内,本公司以风险为本、发展为要、能力为基,强化全面风险管理,加大对实体经济支持力度,防范化解
重点领域风险,加快风险管理数智化转型,保持各项风险指标稳定。
3.11.1 信用风险管理
信用风险是指因银行的借款人或交易对手未按照约定履行其义务而形成的风险。本公司始终坚持风险与回报相平
衡的理念和风险最终可以为资本所覆盖的审慎经营策略,坚持“质量、效益、规模” 动态均衡发展,执行统一
的风险偏好,完善全生命周期信用风险管理流程,持续升级管理工具,强化三道防线建设,提高风险的前瞻性管
理,做好资产",600036.SH,招商银行,2025-06-30,2025,半年报,招商银行2025半年报,招商银行2025半年报.pdf,C:\Users\Administrator\Desktop\financial-poc\data\raw\pdf\招商银行2025半年报.pdf,,,,184,679,管理层讨论,35,35,60,
600036_SH_pdf_招商银行2025半年报_pdf_e6770b40_chunk_185,pdf,pdf,"险最终可以为资本所覆盖的审慎经营策略,坚持“质量、效益、规模” 动态均衡发展,执行统一
的风险偏好,完善全生命周期信用风险管理流程,持续升级管理工具,强化三道防线建设,提高风险的前瞻性管
理,做好资产组合配置规划,防范和降低信用风险损失。
报告期内,本公司积极应对风险形势变化,提升管理质效、守牢风险底线,确保资产质量总体稳定。公司贷款方
面,本公司主要采取以下措施加强信用风险管理。一是风险政策精准发力,助力资产组织扩面增量。坚持以客户
为中心,优化审批授权,完善中长期资产组织策略,深入推进资产业务“一行一策” 客户名单制,夯实客群基
础,优化资产配置。二是锚定重点领域,加强风险防范化解。围绕房地产发展新模式和地方债务化解,严格落
实国家和监管最新政策,稳妥化解存量风险,严控增量风险。开展大额客户风险排查及各类专项排查,动态调整
风险管理策略,前瞻性做好风险趋势研判与防范。三是强化机制建设,促进风险管理提质增效。深化集团统一授
信,加强产品风险管理,构建表外业务全生命周期风险监测管理体系,完善监测、预警、分类、处置等全流程管
控。四是分类施策,加大风险已暴露资产清收处置力度。聚焦重点领域",600036.SH,招商银行,2025-06-30,2025,半年报,招商银行2025半年报,招商银行2025半年报.pdf,C:\Users\Administrator\Desktop\financial-poc\data\raw\pdf\招商银行2025半年报.pdf,,,,185,679,管理层讨论,35,35,60,
600036_SH_pdf_招商银行2025半年报_pdf_e6770b40_chunk_186,pdf,pdf,"促进风险管理提质增效。深化集团统一授
信,加强产品风险管理,构建表外业务全生命周期风险监测管理体系,完善监测、预警、分类、处置等全流程管
控。四是分类施策,加大风险已暴露资产清收处置力度。聚焦重点领域,优化分工协作机制,落实四分类法提升
风险化解处置精细化程度,稳步提升清收处置质效。五是加强科技应用,有序推进风险管理数智化建设。平稳切
换集团风险管理系统(GRS),持续丰富风险数据集市,提升风险计量能力,加强数智化风控能力赋能。零售贷款
方面的信用风险管理详情,请参阅3.9.7章节、3.10.1 “信用卡业务” 和“零售贷款” 章节。
有关本公司信用风险管理的更多内容请参阅财务报告附注49(a)。
28
本公司的主要合营公司包括招商信诺和招联消金,其财务数据已按本集团的会计政策进行必要调整。
招商银行股份有限公司
2025年半年度报告(A股)
56
第三章 管理层讨论与分析
3.11.2 大额风险暴露管理
根据《商业银行大额风险暴露管理办法》规定,大额风险暴露是指商业银行对单一客户或一组关联客户超过其一
级资本净额2.5%的风险暴露(包括银行账簿和交易账簿内风险暴露)。报告期内,本公司",600036.SH,招商银行,2025-06-30,2025,半年报,招商银行2025半年报,招商银行2025半年报.pdf,C:\Users\Administrator\Desktop\financial-poc\data\raw\pdf\招商银行2025半年报.pdf,,,,186,679,管理层讨论,35,35,60,
600036_SH_pdf_招商银行2025半年报_pdf_e6770b40_chunk_187,pdf,pdf,"大额风险暴露管理
根据《商业银行大额风险暴露管理办法》规定,大额风险暴露是指商业银行对单一客户或一组关联客户超过其一
级资本净额2.5%的风险暴露(包括银行账簿和交易账簿内风险暴露)。报告期内,本公司将大额风险暴露管理纳
入全面风险管理体系,不断完善客户授信管理要求,持续优化风险暴露计量规则,定期向监管机构报告大额风险
暴露指标及相关管理情况,有效管控客户集中度风险。截至报告期末,除监管豁免客户外,本公司达到大额风险
暴露标准的非同业单一客户、非同业集团客户、同业单一客户、同业集团客户均符合监管要求。
3.11.3 国别风险管理
国别风险是指由于某一国家或地区政治、经济、社会变化及事件,导致该国家或地区债务人没有能力或者拒绝偿
付银行债务,或使本公司在该国家或地区的业务存在遭受损失,或使本公司遭受其他损失的风险。
本公司严格执行监管相关要求,遵循稳健、审慎的原则,建立与战略目标、风险状况和复杂程度相适应的国别风
险管理体系,将国别风险管理纳入全面风险管理体系,及时对国别风险进行识别、计量、评估、监测、报告、控
制和缓释,定期评估国别风险并进行限额管理,引导业务向风险较低的国家或地区倾斜",600036.SH,招商银行,2025-06-30,2025,半年报,招商银行2025半年报,招商银行2025半年报.pdf,C:\Users\Administrator\Desktop\financial-poc\data\raw\pdf\招商银行2025半年报.pdf,,,,187,679,管理层讨论,35,35,60,
600036_SH_pdf_招商银行2025半年报_pdf_e6770b40_chunk_188,pdf,pdf,"复杂程度相适应的国别风
险管理体系,将国别风险管理纳入全面风险管理体系,及时对国别风险进行识别、计量、评估、监测、报告、控
制和缓释,定期评估国别风险并进行限额管理,引导业务向风险较低的国家或地区倾斜。
报告期内,面对更加复杂多变的国际政治经济形势,本公司持续关注全球重点国家或地区局势变化,并根据风险
变化情况,动态更新国别风险评级,加强国别风险监测和国别风险限额管控,严格限制高风险国家或地区业务增
长。报告期末,本公司国别风险敞口主要集中在风险较低的国家或地区,国别风险不会对本公司业务经营产生重
大影响。
3.11.4 市场风险管理
本公司的市场风险来自交易账簿和银行账簿,利率风险和汇率风险是本公司面临的主要市场风险。
利率风险管理
交易账簿
本公司采用规模指标、市场风险价值指标(VaR,覆盖交易账簿业务涉及的各币种和期限的利率风险因子)、利
率情景压力测试损失指标、利率敏感性指标、累计损失指标等风险指标对交易账簿利率风险进行计量、监控管
理。风险计量方面,所用利率风险因子覆盖交易账簿全部业务,由约200条利率或债券收益率曲线构成。市场风
险价值使用历史模拟法计算,置信度为99%,观",600036.SH,招商银行,2025-06-30,2025,半年报,招商银行2025半年报,招商银行2025半年报.pdf,C:\Users\Administrator\Desktop\financial-poc\data\raw\pdf\招商银行2025半年报.pdf,,,,188,679,管理层讨论,35,35,60,
600036_SH_pdf_招商银行2025半年报_pdf_e6770b40_chunk_189,pdf,pdf,"损失指标等风险指标对交易账簿利率风险进行计量、监控管
理。风险计量方面,所用利率风险因子覆盖交易账簿全部业务,由约200条利率或债券收益率曲线构成。市场风
险价值使用历史模拟法计算,置信度为99%,观察期长度为250天,持有期为10天;利率压力测试情景包括不
同程度的利率平行上移、陡峭上移、扭曲变化情景及根据投资组合特征设计的多个不利市场情景,其中极端利率
情景上移幅度达到300个基点,可覆盖极端市场不利情况;主要利率敏感性指标为债券久期、债券及利率衍生品
PV01(在利率不利变动1个基点时的市值变动)。日常管理方面,年初根据董事会风险偏好、经营规划、风险预
测,设定年度交易账簿利率风险相关业务授权和市场风险限额,由市场风险管理部执行日常监控和持续报告。
报告期内,国内利率整体先升后降,10年期国债收益率从1.67%下降至1.65%。全球经济复苏分化、地缘政治
冲突等不确定性依然存在。本公司交易账簿投资范围以人民币债券为主,总体采取了谨慎的交易策略和审慎的风
险管控措施,确保了交易账簿各项利率风险指标均在目标范围内。
招商银行股份有限公司
2025年半年度报告(A股)
57
第三章 管",600036.SH,招商银行,2025-06-30,2025,半年报,招商银行2025半年报,招商银行2025半年报.pdf,C:\Users\Administrator\Desktop\financial-poc\data\raw\pdf\招商银行2025半年报.pdf,,,,189,679,管理层讨论,35,35,60,
600036_SH_pdf_招商银行2025半年报_pdf_e6770b40_chunk_190,pdf,pdf,"司交易账簿投资范围以人民币债券为主,总体采取了谨慎的交易策略和审慎的风
险管控措施,确保了交易账簿各项利率风险指标均在目标范围内。
招商银行股份有限公司
2025年半年度报告(A股)
57
第三章 管理层讨论与分析
银行账簿
本公司根据外部监管要求及内部银行账簿利率风险管理政策,建设并不断完善银行账簿利率风险管理体系,明确
利率风险治理架构,建立利率风险识别、计量、监测、控制和报告的管理流程。本公司主要采用重定价缺口分
析、久期分析、利率基准关联分析、情景模拟等方法定期计量并分析银行账簿利率风险。重定价缺口分析主要监
测资产负债的重定价期限分布及错配情况;久期分析监测主要产品类型的久期及全行资产负债的久期缺口变动;
基准关联分析通过内部模型得出的基准关联系数,评估不同定价基准利率曲线之间和曲线上不同期限点之间存在
的基准风险;情景模拟是本公司进行利率风险分析和计量的主要手段,涵盖了多个常规场景和压力场景,包括利
率标准冲击、收益率曲线平移和形状变化、历史极端利率变动,以及经专家判断的未来最可能利率变动等场景。
通过对利率变动场景的模拟计算出净利息收入(NII)及权益经济价值(EVE)的",600036.SH,招商银行,2025-06-30,2025,半年报,招商银行2025半年报,招商银行2025半年报.pdf,C:\Users\Administrator\Desktop\financial-poc\data\raw\pdf\招商银行2025半年报.pdf,,,,190,679,管理层讨论,35,35,60,
600036_SH_pdf_招商银行2025半年报_pdf_e6770b40_chunk_191,pdf,pdf,"场景和压力场景,包括利
率标准冲击、收益率曲线平移和形状变化、历史极端利率变动,以及经专家判断的未来最可能利率变动等场景。
通过对利率变动场景的模拟计算出净利息收入(NII)及权益经济价值(EVE)的变动,部分场景的NII变动和EVE变动
被纳入全行利率风险限额指标体系。此外,内部限额指标体系纳入了《商业银行银行账簿利率风险管理指引(修
订)》中所提出的标准化计量指标。
报告期内,本公司秉承稳健、审慎的利率风险偏好,密切关注外部环境和内部利率风险敞口结构的变化,持续监
测分析各类利率风险,尤其是资产负债重定价错配导致的缺口风险、产品定价基准变动不一致形成的基准风险、
以及外部利率变化触发的客户贷款提前还款等行为的期权性风险。本公司基于宏观量化模型及专家研判对利率走
势进行预测分析,结合风险敞口变化趋势,前瞻布局利率风险主动管理策略并灵活调整,运用表内资产负债结构
调整和表外利率衍生品对冲手段开展风险管理。截至报告期末,本公司各项表内外管理措施均按计划推进,利率
风险水平控制在年度利率风险管控目标范围内,包括压力测试结果在内的各项指标均保持在限额和预警值内,银
行账簿利率风险整体稳定。",600036.SH,招商银行,2025-06-30,2025,半年报,招商银行2025半年报,招商银行2025半年报.pdf,C:\Users\Administrator\Desktop\financial-poc\data\raw\pdf\招商银行2025半年报.pdf,,,,191,679,管理层讨论,35,35,60,
600036_SH_pdf_招商银行2025半年报_pdf_e6770b40_chunk_192,pdf,pdf,"段开展风险管理。截至报告期末,本公司各项表内外管理措施均按计划推进,利率
风险水平控制在年度利率风险管控目标范围内,包括压力测试结果在内的各项指标均保持在限额和预警值内,银
行账簿利率风险整体稳定。
汇率风险管理
交易账簿
本公司采用敞口指标、市场风险价值指标(VaR,覆盖交易账簿业务涉及的各币种汇率风险因子)、汇率情景压力
测试损失指标、期权敏感性指标、累计损失指标等风险指标进行风险计量、监控管理。风险计量方面,所用汇率
风险因子覆盖交易账簿全部交易币种的即期、远期价格和波动率。市场风险价值使用历史模拟法计算,置信度为
99%,观察期长度为250天,持有期为10天;汇率压力测试情景包括各交易币种对人民币汇率向不利方向变动
5%、10%、15%或更大幅度,外汇期权波动率变动等;主要期权敏感性指标包括Delta、Gamma、Vega等。日
常管理方面,年初根据董事会风险偏好、经营规划、风险预测,设定年度交易账簿汇率风险相关业务授权和市场
风险限额,由市场风险管理部执行日常监控和持续报告。
报告期内,美元受到其国内政策不确定性的影响而走弱,美元指数降至2022年3月以来最低点。人民币汇率在",600036.SH,招商银行,2025-06-30,2025,半年报,招商银行2025半年报,招商银行2025半年报.pdf,C:\Users\Administrator\Desktop\financial-poc\data\raw\pdf\招商银行2025半年报.pdf,,,,192,679,管理层讨论,35,35,60,
600036_SH_pdf_招商银行2025半年报_pdf_e6770b40_chunk_193,pdf,pdf,"测,设定年度交易账簿汇率风险相关业务授权和市场
风险限额,由市场风险管理部执行日常监控和持续报告。
报告期内,美元受到其国内政策不确定性的影响而走弱,美元指数降至2022年3月以来最低点。人民币汇率在全
球经济形势复杂多变的背景下,展现出了较强的稳定性和韧性。本公司交易账簿主要通过代客外汇业务支持客户
外汇避险需求,获取相关服务收入,并通过成熟、高效的管理体系执行严密的内部控制和管理,密切监测敏感性
指标、止损等限额指标的变化,截至报告期末,交易账簿各项汇率风险指标均在目标范围内。
银行账簿
本公司银行账簿汇率风险计量、分析方法主要采用外汇敞口分析、情景模拟分析和压力测试等。外汇敞口采用短
边法、相关性法、合计法计量;情景模拟和压力测试分析是本公司管理汇率风险的重要方法之一,涵盖了标准情
景、历史情景、远期情景、压力情景等内容,包括各币种的即期、远期汇率波动和历史极端汇率波动等情景。每
个情景均能模拟出对本公司损益的影响,部分情景模拟的损益影响占资本净额比重作为限额指标,纳入日常管
理。本公司定期对相关模型参数进行回测和评估,以验证计量模型的有效性。
本公司定期计量和分析银行账簿外汇敞",600036.SH,招商银行,2025-06-30,2025,半年报,招商银行2025半年报,招商银行2025半年报.pdf,C:\Users\Administrator\Desktop\financial-poc\data\raw\pdf\招商银行2025半年报.pdf,,,,193,679,管理层讨论,35,35,60,
600036_SH_pdf_招商银行2025半年报_pdf_e6770b40_chunk_194,pdf,pdf,"情景均能模拟出对本公司损益的影响,部分情景模拟的损益影响占资本净额比重作为限额指标,纳入日常管
理。本公司定期对相关模型参数进行回测和评估,以验证计量模型的有效性。
本公司定期计量和分析银行账簿外汇敞口和情景模拟结果,在限额框架中按月监测和报告当期汇率风险,并根据
汇率变动趋势对外汇敞口进行相应的调整,以规避有关的银行账簿汇率风险。
招商银行股份有限公司
2025年半年度报告(A股)
58
第三章 管理层讨论与分析
报告期内,本公司密切关注汇率走势,结合国内外宏观经济形势,研究分析汇率变化影响,提出资产负债优化方
案,为管理决策提供了科学的参照标准。报告期内,本公司加强了对外汇敞口的监测分析,严格控制外汇敞口规
模。本公司汇率风险偏好审慎,截至报告期末,本公司银行账簿外汇敞口规模处于相对较低水平,汇率风险水平
总体稳定,各项核心限额指标、一般情景和压力测试结果均满足限额要求。
有关本公司市场风险管理的更多内容请参阅财务报告附注49(b)。
3.11.5 操作风险管理
操作风险是指由不完善或有问题的内部程序、员工、信息科技系统,以及外部事件所造成损失的风险。针对操作
风险点多面广的特点,",600036.SH,招商银行,2025-06-30,2025,半年报,招商银行2025半年报,招商银行2025半年报.pdf,C:\Users\Administrator\Desktop\financial-poc\data\raw\pdf\招商银行2025半年报.pdf,,,,194,679,管理层讨论,35,35,60,
600036_SH_pdf_招商银行2025半年报_pdf_e6770b40_chunk_195,pdf,pdf,"场风险管理的更多内容请参阅财务报告附注49(b)。
3.11.5 操作风险管理
操作风险是指由不完善或有问题的内部程序、员工、信息科技系统,以及外部事件所造成损失的风险。针对操作
风险点多面广的特点,本公司操作风险管理遵循审慎性、全面性、匹配性和有效性管理原则,加强操作风险管理
体系建设,落实内部控制制度,持续稳健开展各项业务,降低或避免操作风险损失。在操作风险管理过程中,本
公司在董事会设定的风险限额内,通过完善风险管理机制、加强重点领域风险防控、深入开展风险监测预警、健
全考核评价机制、培育防控操作风险文化等措施,进一步提升操作风险管理能力和有效性,防范和降低操作风险
损失。
报告期内,本公司以防范系统性操作风险和重大操作风险损失为目标,持续完善操作风险管理体系。一是强化操
作风险事件及损失管理机制,建立操作风险事件预计损失的处理规则,完成操作风险新标准法下操作风险压力测
试。二是聚焦重点业务领域风险管控,抽选机构开展操作风险监测与评估。三是聚焦网络安全和数据安全,加强
系统运行风险管理,夯实科技安全管理基础。四是进一步完善业务连续性管理,强化业务连续性风险应对。五是
完善系统管理",600036.SH,招商银行,2025-06-30,2025,半年报,招商银行2025半年报,招商银行2025半年报.pdf,C:\Users\Administrator\Desktop\financial-poc\data\raw\pdf\招商银行2025半年报.pdf,,,,195,679,管理层讨论,35,35,60,
600036_SH_pdf_招商银行2025半年报_pdf_e6770b40_chunk_196,pdf,pdf,"重点业务领域风险管控,抽选机构开展操作风险监测与评估。三是聚焦网络安全和数据安全,加强
系统运行风险管理,夯实科技安全管理基础。四是进一步完善业务连续性管理,强化业务连续性风险应对。五是
完善系统管理工具和功能,提升数字化能力。
3.11.6 流动性风险管理
流动性风险是指本公司无法以合理成本及时获得充足资金,以应对资产增长、偿付到期债务或其他支付义务的风
险。本公司流动性风险管理遵循审慎性、前瞻性、全面性等原则,较好地适应了本公司当前发展阶段。目前的流
动性风险管理政策及制度符合监管要求和本公司自身管理需要。
本公司根据流动性风险管理的政策制定、策略执行和监督职能相分离原则,建立流动性风险管理治理架构,明确
董事会及风险与资本管理委员会、监事会、高级管理层及专门委员会、相关部门在流动性风险管理中的职责和报
告路线,以提高流动性风险管理的有效性。
报告期内,本公司结合宏观经济及市场趋势分析,动态量化预测未来风险状况,前瞻布局资产负债管理策略,实
现风险与收益的平衡。一是持续优化资产负债结构,促进客户存款稳定增长,加强资产组织与支持力度,实现资
产负债平稳运行。二是加强流动性风险的前瞻预",600036.SH,招商银行,2025-06-30,2025,半年报,招商银行2025半年报,招商银行2025半年报.pdf,C:\Users\Administrator\Desktop\financial-poc\data\raw\pdf\招商银行2025半年报.pdf,,,,196,679,管理层讨论,35,35,60,
600036_SH_pdf_招商银行2025半年报_pdf_e6770b40_chunk_197,pdf,pdf,",动态量化预测未来风险状况,前瞻布局资产负债管理策略,实
现风险与收益的平衡。一是持续优化资产负债结构,促进客户存款稳定增长,加强资产组织与支持力度,实现资
产负债平稳运行。二是加强流动性风险的前瞻预判,基于主要业务及指标运行情况,结合市场走势,灵活开展司
库主动负债管理,拓展多样化融资渠道,通过发债等手段稳定长期负债来源。三是加强对业务条线及境外分行、
附属机构的流动性风险监测和管理,合理管控期限错配。四是持续开展流动性压力测试及应急演练,落实流动性
应急管理工作,切实提高流动性风险事件的应对能力。
截至报告期末,本公司各项流动性指标均满足监管要求,且有充足的资金来源满足业务持续健康发展的需要;按
照中国人民银行规定,本公司人民币法定存款准备金率按照5.5%执行,外汇法定存款准备金率按照4%执行。
本公司流动性指标运行良好,存款保持稳定增长,流动性储备充足,整体流动性安全。
有关本公司流动性风险管理的更多内容请参阅财务报告附注49(c)。
招商银行股份有限公司
2025年半年度报告(A股)
59
第三章 管理层讨论与分析
3.11.7 声誉风险管理
声誉风险是指由本公司机构行为、员工",600036.SH,招商银行,2025-06-30,2025,半年报,招商银行2025半年报,招商银行2025半年报.pdf,C:\Users\Administrator\Desktop\financial-poc\data\raw\pdf\招商银行2025半年报.pdf,,,,197,679,管理层讨论,35,35,60,
600036_SH_pdf_招商银行2025半年报_pdf_e6770b40_chunk_198,pdf,pdf,"动性风险管理的更多内容请参阅财务报告附注49(c)。
招商银行股份有限公司
2025年半年度报告(A股)
59
第三章 管理层讨论与分析
3.11.7 声誉风险管理
声誉风险是指由本公司机构行为、员工行为或外部事件等,导致利益相关方、社会公众、媒体等对本公司形成负
面评价,从而损害本公司品牌价值,不利于本公司正常经营,甚至影响到市场稳定和社会稳定的风险。声誉风险
管理作为公司治理及全面风险管理体系的重要组成部分,覆盖本公司及附属机构的所有行为、经营活动和业务领
域,本公司通过建立和制定声誉风险管理相关规章制度,主动、有效地防范声誉风险和应对声誉事件,最大程度
地减少损失和降低负面影响。
报告期内,本公司严格落实《银行保险机构声誉风险管理办法(试行)》有关要求,结合自身经营实际,修订完善
声誉风险管理制度,秉持前瞻性、匹配性、全覆盖、有效性、主体性的声誉风险管理原则,持续优化声誉风险管
理机制。严格推进声誉风险全流程管理,靠前站位,抓早抓小,开展常态化排查;优化舆情监测识别机制,并妥
善应对声誉风险事件;强化标本兼治,在妥善处置舆情的基础上,查找舆情成因,推动经营管理和服务的改进;
加强",600036.SH,招商银行,2025-06-30,2025,半年报,招商银行2025半年报,招商银行2025半年报.pdf,C:\Users\Administrator\Desktop\financial-poc\data\raw\pdf\招商银行2025半年报.pdf,,,,198,679,管理层讨论,35,35,60,
600036_SH_pdf_招商银行2025半年报_pdf_e6770b40_chunk_199,pdf,pdf,"制。严格推进声誉风险全流程管理,靠前站位,抓早抓小,开展常态化排查;优化舆情监测识别机制,并妥
善应对声誉风险事件;强化标本兼治,在妥善处置舆情的基础上,查找舆情成因,推动经营管理和服务的改进;
加强舆情应急处置演练和管理培训,培育声誉风险管理文化;开展正面宣传活动,持续提升本公司形象。
3.11.8 合规风险管理
合规风险是指因金融机构经营管理行为或者员工履职行为违反合规规范,造成金融机构或者其员工承担刑事、行
政、民事法律责任,财产损失,声誉损失,以及其他负面影响的可能性。本公司通过搭建由董事会风险与资本管
理委员会、总分行风险与合规管理委员会、合规负责人、合规官、合规督导官组成的管理组织架构,建立业务条
线、合规管理部门、审计部门的合规管理三道防线,形成了组织健全、权责清晰、分工合理、相互协调配合的合
规管理组织体系。同时通过制度管理、法律合规审查、合规风险评估监测、合规文化建设、员工行为管理、系统
建设等不断提升合规风险管理技术和完善管理程序,建立了完整、有效的合规风险管理体系,实现了对合规风险
的有效管控。
报告期内,面对严峻复杂的国内外环境及风险挑战,本公司积极应对,多措并",600036.SH,招商银行,2025-06-30,2025,半年报,招商银行2025半年报,招商银行2025半年报.pdf,C:\Users\Administrator\Desktop\financial-poc\data\raw\pdf\招商银行2025半年报.pdf,,,,199,679,管理层讨论,35,35,60,
600036_SH_pdf_招商银行2025半年报_pdf_e6770b40_chunk_200,pdf,pdf,"工行为管理、系统
建设等不断提升合规风险管理技术和完善管理程序,建立了完整、有效的合规风险管理体系,实现了对合规风险
的有效管控。
报告期内,面对严峻复杂的国内外环境及风险挑战,本公司积极应对,多措并举持续夯固内控合规管理体系。一
是持续做好外规内化,加强新规解读传导,推动《金融机构合规管理办法》等监管新规在本公司的落地实施;二
是落实法律合规审查硬约束要求,审慎把控创新产品、重大项目法律合规风险;三是组织开展“2025合规履职
年” “法律合规大讲堂” 等合规文化宣传活动,持续加强员工行为管理;四是强化监督检查及问题整改管理,
提升检查及整改工作质效;五是积极推动合规数智化建设,为本公司高质量发展保驾护航。
3.11.9 洗钱风险管理
洗钱风险指本公司在开展业务和经营管理过程中可能被“洗钱活动” “恐怖融资” “扩散融资” 三类活动利用",600036.SH,招商银行,2025-06-30,2025,半年报,招商银行2025半年报,招商银行2025半年报.pdf,C:\Users\Administrator\Desktop\financial-poc\data\raw\pdf\招商银行2025半年报.pdf,,,,200,679,管理层讨论,35,35,60,
600036_SH_pdf_招商银行2025半年报_pdf_e6770b40_chunk_201,pdf,pdf,"而面临的风险。本公司已建立了较为完善的洗钱风险管理机制,包括董事会、监事会、高级管理层、职能部门、
分支机构和附属机构职责明确的洗钱风险管理架构,覆盖全面的反洗钱制度体系,运行有效的风险评估与动态监
测机制,科学合理的反洗钱数据治理机制,针对高风险客户与业务的管理策略,先进高效的IT系统支持,独立的
检查与审计机制,以及持续的反洗钱培训与宣传机制等,为本公司稳健运营提供合规保障。
报告期内,本公司积极履行反洗钱义务并不断提升洗钱风险管理质效。一是强化《反洗钱法》培训宣导,贯彻落
实《反洗钱法》等反洗钱法律法规和监管要求,优化洗钱风险管理政策和程序,完善反洗钱工作机制;二是持续
强化客户与产品的洗钱风险管理,重点识别、评估、管理高风险客户与产品;三是完善可疑交易监测工具,着力
提高可疑交易监测分析工作质效;四是继续加大反洗钱重点领域的科技投入,推动反洗钱数智化建设水平,提供
更高效的数智管理工具和数据决策支持。
招商银行股份有限公司
2025年半年度报告(A股)
60",600036.SH,招商银行,2025-06-30,2025,半年报,招商银行2025半年报,招商银行2025半年报.pdf,C:\Users\Administrator\Desktop\financial-poc\data\raw\pdf\招商银行2025半年报.pdf,,,,201,679,风险提示,60,60,61,
600036_SH_pdf_招商银行2025半年报_pdf_e6770b40_chunk_202,pdf,pdf,"第三章 管理层讨论与分析
3.12 前景展望与应对措施
海外方面,受财政扩张支撑,主要经济体经济总量或延续温和增长。美联储有望开启降息,但降息空间或受关税
的通胀效应制约。高通胀高利率环境下,需警惕部分经济体主权债务风险发酵。
国内方面,2025年全年经济增长达成5%左右的目标存在坚实支撑。一是消费对经济增长的贡献增强,提振消费
政策多措并举、商品消费“追新赶潮”、服务消费提质增效。二是房地产投资或延续下行,但对经济总量增长
的拖累弱化。三是经济政策将锚定经济社会发展任务,持续发力、适时加力。反内卷政策将有助于改善经济供强
需弱、物价低位运行的格局。
下半年,本公司将深入推进价值银行战略,筑本固基、加快转型,积极应对低利率时代挑战,为客户、员工、股
东、合作伙伴、社会创造更多更大价值,为金融强国建设和中国特色金融发展之路贡献招行力量。
一是夯实基础,保持质量、效益、规模协调发展。立足本源,做好存款、贷款、中间业务三项基础业务,巩固客
群、资产质量、市场份额三个基本盘。不断强化高质量获客与经营,以做大客群规模牵引各项业务发展;保持资
产质量、拨备覆盖率、资本充足率等指标的领先优势;持续巩",600036.SH,招商银行,2025-06-30,2025,半年报,招商银行2025半年报,招商银行2025半年报.pdf,C:\Users\Administrator\Desktop\financial-poc\data\raw\pdf\招商银行2025半年报.pdf,,,,202,679,管理层讨论,61,61,87,
600036_SH_pdf_招商银行2025半年报_pdf_e6770b40_chunk_203,pdf,pdf,"做好存款、贷款、中间业务三项基础业务,巩固客
群、资产质量、市场份额三个基本盘。不断强化高质量获客与经营,以做大客群规模牵引各项业务发展;保持资
产质量、拨备覆盖率、资本充足率等指标的领先优势;持续巩固提升各项业务市场份额,加大高质量负债拓展与
资产组织力度,促进非息业务恢复性增长。
二是加快“四化” 转型,打造可持续发展的能力。加快国际化发展,推动境外机构尤其是在港机构发展提质增
效,提升国际化服务能力,积极拓展境外业务、跨境业务、外汇业务。深入推进综合化经营,充分发挥金融牌照
和业务布局优势,提升客户综合服务能力,提升收入多元化水平。打造差异化竞争优势,坚持零售金融战略主体
地位,巩固提升零售业务体系化优势,加快大财富管理转型升级,加快重点区域发展,打造更多细分领域新优
势。加快数智化转型,以“AI First” 引领数智招行建设,赋予AI能力建设优先地位,率先打造AI型组织,努力
成为全球领先的智能银行;持续夯实“云+AI+中台” 数智化底座,提升全员的AI思维和能力,强化业技共创,
探索“AI+金融” “人+数智化” 模式,加快打造数智招行。
三是坚守底线,持之以恒加强风险合规",600036.SH,招商银行,2025-06-30,2025,半年报,招商银行2025半年报,招商银行2025半年报.pdf,C:\Users\Administrator\Desktop\financial-poc\data\raw\pdf\招商银行2025半年报.pdf,,,,203,679,管理层讨论,61,61,87,
600036_SH_pdf_招商银行2025半年报_pdf_e6770b40_chunk_204,pdf,pdf,"为全球领先的智能银行;持续夯实“云+AI+中台” 数智化底座,提升全员的AI思维和能力,强化业技共创,
探索“AI+金融” “人+数智化” 模式,加快打造数智招行。
三是坚守底线,持之以恒加强风险合规管理。加强重点领域风险防范化解,强化对房地产、产能供需错配、零售
信贷等领域的风险前瞻防范,加强不良资产清收处置;加强全面管理和穿透管理,完善并表风险管理体系;强化
合规管理,扎实推进法治企业建设,强化反洗钱与制裁合规管理;持续提升风险合规管理能力,不断创新风险管
理的方法、技术、工具,加快AI技术在风险合规管理中的应用;持续营造稳健审慎的风险文化和遵纪守法的合规
文化。
四是持续打造“严格管理、守正创新” 的高质量发展新模式。加强资产负债管理,提升资产负债管理的精细
化、前瞻性水平,优化资产负债组合管理,强化客户视角的资产负债管理,保持净利息收益率优势和流动性安
全。加强全成本管理,统筹管理负债、运营、信用等各类成本,提升精益化水平,以战略为导向优化资源配置,
实现降本增效。加强创新驱动发展,紧紧围绕国家所需、客户所求、招行所能,加大产品、服务、管理、技术、
模式、体制机制创新,大力弘扬",600036.SH,招商银行,2025-06-30,2025,半年报,招商银行2025半年报,招商银行2025半年报.pdf,C:\Users\Administrator\Desktop\financial-poc\data\raw\pdf\招商银行2025半年报.pdf,,,,204,679,管理层讨论,61,61,87,
600036_SH_pdf_招商银行2025半年报_pdf_e6770b40_chunk_205,pdf,pdf,"负债、运营、信用等各类成本,提升精益化水平,以战略为导向优化资源配置,
实现降本增效。加强创新驱动发展,紧紧围绕国家所需、客户所求、招行所能,加大产品、服务、管理、技术、
模式、体制机制创新,大力弘扬“敢为天下先” 的创新文化,营造创新氛围,增强创新动力,保持行业领先。
招商银行股份有限公司
2025年半年度报告(A股)
61
第四章 环境、社会与治理(ESG)
环境、社会与治理(ESG)
4.1 环境、社会与治理情况综述
本公司积极践行ESG理念,切实履行社会责任,持续为客户、员工、股东、合作伙伴、社会创造综合价值,为经
济与社会可持续发展作出贡献。
4.2 环境信息
报告期内,本公司积极响应国家碳达峰、碳中和战略目标,加快发展绿色金融,健全绿色运营管理体系,推动绿
色发展转型,促进人与自然和谐共生。报告期内,本公司未发生突发重大环境事件,未发生因环境事件受到生态
环境等有关部门重大行政处罚或追究刑事责任的情况。
4.2.1 环境(气候)相关治理架构
本公司董事会发挥其在环境(气候)管理及绿色金融方面的战略引领职能,与监事会定期审议可持续发展报告、
战略执行报告和全面风险报告等,切实",600036.SH,招商银行,2025-06-30,2025,半年报,招商银行2025半年报,招商银行2025半年报.pdf,C:\Users\Administrator\Desktop\financial-poc\data\raw\pdf\招商银行2025半年报.pdf,,,,205,679,管理层讨论,61,61,87,
600036_SH_pdf_招商银行2025半年报_pdf_e6770b40_chunk_206,pdf,pdf,"处罚或追究刑事责任的情况。
4.2.1 环境(气候)相关治理架构
本公司董事会发挥其在环境(气候)管理及绿色金融方面的战略引领职能,与监事会定期审议可持续发展报告、
战略执行报告和全面风险报告等,切实承担在环境治理、气候风险管理、绿色金融等方面的主体责任,推动本公
司ESG管理水平和管理绩效提升。同时,董事会下设相关专门委员会加强对环境(气候)管理及绿色金融、绿色
运营的关注度,为董事会提供专业意见和建议。
绿色金融方面,本公司绿色金融业务发展委员会负责统筹和推进全行绿色金融工作,包括制定绿色金融战略规
划、发展目标、重点客群和业务经营策略,推动绿色金融产品服务体系和绿色风险管理体系建设,研究资源配置
及绿色金融考核配套政策,推动信息披露能力建设,打造绿色金融品牌,提升本公司ESG治理成效等。同时,专
门委员会下设相关项目小组,各小组间有效协作、紧密配合。报告期内,绿色金融业务发展委员会制定并审议通
过《2025年绿色金融行动方案》,明确年度绿色金融发展目标,推动全行绿色金融业务发展。绿色运营方面,本
公司绿色运营管理委员会主要负责绿色运营相关的规划、议案审议、落实及督导等工作,保障绿",600036.SH,招商银行,2025-06-30,2025,半年报,招商银行2025半年报,招商银行2025半年报.pdf,C:\Users\Administrator\Desktop\financial-poc\data\raw\pdf\招商银行2025半年报.pdf,,,,206,679,管理层讨论,61,61,87,
600036_SH_pdf_招商银行2025半年报_pdf_e6770b40_chunk_207,pdf,pdf,"定并审议通
过《2025年绿色金融行动方案》,明确年度绿色金融发展目标,推动全行绿色金融业务发展。绿色运营方面,本
公司绿色运营管理委员会主要负责绿色运营相关的规划、议案审议、落实及督导等工作,保障绿色运营相关决策
措施有效执行,统筹总行13个成员部门和7家主要子公司协同推动自身运营碳管理体系建设。报告期内,绿色运
营管理委员会制定《2025年绿色运营工作计划》,推动本集团绿色运营工作扎实开展。
同时,本公司在总行公司金融总部设立绿色金融团队,负责全行绿色金融业务发展的协调运作,包括绿色客群经
营策略制定及客群建设、产品服务体系建设和资产组织、综合管理及专业人才培养等工作。
本公司境内外分支机构、子公司因地制宜,结合区域特点与自身业务发展优势,持续丰富和完善绿色金融产品与
服务。截至报告期末,境内分行的公司金融部均设置绿色金融业务人员,负责推动辖内绿色金融业务发展。
4.2.2 业务端环境(气候)风险应对
报告期内,本公司制定适用于全部投融资业务的《招商银行2025年授信与投资政策》,在政策中配套绿色金融专
章,明确绿色金融的总体目标和具体策略,要求持续完善政策制度体系,切实加强ESG",600036.SH,招商银行,2025-06-30,2025,半年报,招商银行2025半年报,招商银行2025半年报.pdf,C:\Users\Administrator\Desktop\financial-poc\data\raw\pdf\招商银行2025半年报.pdf,,,,207,679,管理层讨论,61,61,87,
600036_SH_pdf_招商银行2025半年报_pdf_e6770b40_chunk_208,pdf,pdf,"(气候)风险应对
报告期内,本公司制定适用于全部投融资业务的《招商银行2025年授信与投资政策》,在政策中配套绿色金融专
章,明确绿色金融的总体目标和具体策略,要求持续完善政策制度体系,切实加强ESG风险(含气候风险)的全
流程管理。
招商银行股份有限公司
2025年半年度报告(A股)
62
第四章 环境、社会与治理(ESG)
风险偏好方面,基于外部宏观形势、监管政策变化和本公司战略规划,结合现有风险管理情况,将包括气候在
内的ESG因素纳入风险偏好,明确要求加强对重点领域绿色发展趋势的认知,加大对绿色、低碳和循环经济的支
持,提高ESG风险管理水平,严格管控存在重大ESG风险的客户和项目;通过政策引导,形成全行统一的绿色金
融风险偏好。
客户准入方面,明确要求客户及项目需在企业选址、生产工艺、资源消耗、污染物排放等方面符合国家政策要
求,严格ESG风险评审标准,加强高碳资产风险管理,坚决遏制高耗能、高排放、低水平项目盲目发展。
客户分类方面,制定《招商银行对公客户与贷款绿色分类管理办法》,按照企业或项目的环境影响程度,以及面
临的耗能、污染、土地、健康、安全、移民安置、生态保护、气候",600036.SH,招商银行,2025-06-30,2025,半年报,招商银行2025半年报,招商银行2025半年报.pdf,C:\Users\Administrator\Desktop\financial-poc\data\raw\pdf\招商银行2025半年报.pdf,,,,208,679,管理层讨论,61,61,87,
600036_SH_pdf_招商银行2025半年报_pdf_e6770b40_chunk_209,pdf,pdf,"遏制高耗能、高排放、低水平项目盲目发展。
客户分类方面,制定《招商银行对公客户与贷款绿色分类管理办法》,按照企业或项目的环境影响程度,以及面
临的耗能、污染、土地、健康、安全、移民安置、生态保护、气候变化等ESG风险高低程度,将对公客户与贷款
分为绿色(友好一类、友好二类)、蓝色和红色等“三色四类”。
风险监测方面,综合采集国家发展与改革委员会、生态环境部、工业和信息化部等政府及监管部门官方信息,媒
体、社会公众反馈信息,以及业务人员实地调查信息,动态监测评估投融资客户或项目的ESG风险。持续丰富客
户ESG风险数据,优化专项模型,形成ESG风险信号并对接至预警系统、在线风控等平台,不断提高ESG风险监
测的全面性与准确性。
管理举措方面,将ESG风险信息嵌入授信业务流程,及时提示风险,针对绿色分类高风险客户定期开展专项检
查。同时,从严审查“高污染、高耗能” 等相关行业企业,对不符合ESG(含气候)和相关产业政策规定的项目
和企业,不得发放授信,并收回已发放的融资。
检查监督方面,制定《关于2025年风险检查监督工作的指导意见》,明确将绿色金融、客户ESG风险纳入风险日
常检查监督范",600036.SH,招商银行,2025-06-30,2025,半年报,招商银行2025半年报,招商银行2025半年报.pdf,C:\Users\Administrator\Desktop\financial-poc\data\raw\pdf\招商银行2025半年报.pdf,,,,209,679,管理层讨论,61,61,87,
600036_SH_pdf_招商银行2025半年报_pdf_e6770b40_chunk_210,pdf,pdf,"G(含气候)和相关产业政策规定的项目
和企业,不得发放授信,并收回已发放的融资。
检查监督方面,制定《关于2025年风险检查监督工作的指导意见》,明确将绿色金融、客户ESG风险纳入风险日
常检查监督范围,并设置相关的检查监督要点。在对分支机构的检查中,将绿色金融发展作为检查内容之一,及
时发现问题并督促分支机构做好整改工作。
审计检查方面,针对2024年绿色金融管理专项审计发现开展整改验证,推动完善绿色金融管理机制、系统支持
及风险管控。同时,在2025年常规审计中加强绿色金融审计,重点关注分行对绿色金融监管政策和行内制度的
执行情况、风险管理等方面,强化审计评价。
4.2.3 绿色金融
绿色信贷方面,报告期内,本公司围绕监管机构绿色金融指引工作要求,不断完善绿色信贷各项管理制度和激励
约束机制。截至报告期末,本公司绿色贷款余额5,667.99亿元,较年初增长12.55%,主要投向节能降碳、环境
保护、资源循环利用、能源绿色低碳转型、生态保护修复和利用、基础设施绿色升级、绿色服务、绿色贸易、
绿色消费等领域。其中,报告期内向98个项目发放碳减排贷款46.38亿元,贷款加权平均利率2.8",600036.SH,招商银行,2025-06-30,2025,半年报,招商银行2025半年报,招商银行2025半年报.pdf,C:\Users\Administrator\Desktop\financial-poc\data\raw\pdf\招商银行2025半年报.pdf,,,,210,679,管理层讨论,61,61,87,
600036_SH_pdf_招商银行2025半年报_pdf_e6770b40_chunk_211,pdf,pdf,"、环境
保护、资源循环利用、能源绿色低碳转型、生态保护修复和利用、基础设施绿色升级、绿色服务、绿色贸易、
绿色消费等领域。其中,报告期内向98个项目发放碳减排贷款46.38亿元,贷款加权平均利率2.82%,带动碳
减排量128.08万吨。报告期内,本公司发放碳挂钩贷款0.46亿元,本公司子公司招银金租绿色租赁业务投放额
363.06亿元,占其总投放额的65.50%,绿色租赁期末业务余额1,585.70亿元,较上年末增长9.42%。
绿色存款29方面,本公司在满足企业客户存款需求的同时,帮助客户将环境保护责任和自身发展实践紧密结合。
报告期内,本公司深入开展绿色存款宣导与培训,推动绿色存款业务落地。截至报告期末,累计办理绿色存款
137.60亿元,较上年末增长13.14%。
绿色债券方面,截至报告期末,本公司存续期内的人民币绿色金融债券募集资金余额150亿元,境外美元绿色债
券募集资金余额15亿美元。此外,本公司存续期内还有境外美元社会责任、可持续发展及蓝色债券募集资金余
额7亿美元。本公司境内外ESG金融债券募集资金重点支持节能环保、清洁生产、清洁交通、海洋资源保护、清
洁能源及基础设",600036.SH,招商银行,2025-06-30,2025,半年报,招商银行2025半年报,招商银行2025半年报.pdf,C:\Users\Administrator\Desktop\financial-poc\data\raw\pdf\招商银行2025半年报.pdf,,,,211,679,管理层讨论,61,61,87,
600036_SH_pdf_招商银行2025半年报_pdf_e6770b40_chunk_212,pdf,pdf,"5亿美元。此外,本公司存续期内还有境外美元社会责任、可持续发展及蓝色债券募集资金余
额7亿美元。本公司境内外ESG金融债券募集资金重点支持节能环保、清洁生产、清洁交通、海洋资源保护、清
洁能源及基础设施绿色升级等产业。报告期内,本公司助力21家企业发行23笔绿色债券,其中,本公司主承销
规模78.89亿元,募集资金投向可再生能源设施建设与运营、清洁能源汽车配套设施、先进环保装备制造、工业
节能改造、新能源汽车和绿色船舶、城镇环境基础设施等领域。报告期内,本公司子公司招银国际协助18家企
业发行20笔绿色债券,融资规模63.56亿美元,同比增长95.09%。
29
绿色存款为绿色金融产品,募集到的资金用于可持续型绿色经济项目,助力推动经济向低碳、适应气候变化及可持续发展转型。
招商银行股份有限公司
2025年半年度报告(A股)
63
第四章 环境、社会与治理(ESG)
绿色投资方面,本公司及子公司持续践行ESG投资理念。截至报告期末,本公司持有绿色债券规模241.11亿元。
招银理财优先支持绿色债券投资,截至报告期末,投资的绿色债券余额191.66亿元。招商基金积极推广ESG产
品,发行",600036.SH,招商银行,2025-06-30,2025,半年报,招商银行2025半年报,招商银行2025半年报.pdf,C:\Users\Administrator\Desktop\financial-poc\data\raw\pdf\招商银行2025半年报.pdf,,,,212,679,管理层讨论,61,61,87,
600036_SH_pdf_招商银行2025半年报_pdf_e6770b40_chunk_213,pdf,pdf,"子公司持续践行ESG投资理念。截至报告期末,本公司持有绿色债券规模241.11亿元。
招银理财优先支持绿色债券投资,截至报告期末,投资的绿色债券余额191.66亿元。招商基金积极推广ESG产
品,发行成立多只中证A系列指数产品,截至报告期末,共存续19只ESG相关产品,存续规模201.37亿元。招银
国际积极推进绿色产业转型升级和可持续发展,报告期内投资2个绿色金融产业项目、1只绿色产业投资基金(备
案规模5.60亿元)。
绿色理财方面,截至报告期末,本公司代销的ESG主题理财产品合计存续18只,存续规模123.85亿元。本公司
子公司招银理财主动引入具有ESG理念的理财产品。截至报告期末,招银理财累计发行21只ESG主题类产品(包
含ESG主题和ESG科技联合主题理财产品),存续规模127.27亿元。
4.2.4 绿色运营
绿色运营方面,本公司根据绿色运营工作规划,持续健全绿色运营管理体系,深化碳减排举措,加强绿色理念宣
导,同步提升能源、纸张、水资源及废弃物等方面的精细化管理水平,纵深推进绿色运营工作。
运营碳管理方面,本公司迭代升级碳管理系统,优化碳排放源数据采集、处理、分析流程",600036.SH,招商银行,2025-06-30,2025,半年报,招商银行2025半年报,招商银行2025半年报.pdf,C:\Users\Administrator\Desktop\financial-poc\data\raw\pdf\招商银行2025半年报.pdf,,,,213,679,管理层讨论,61,61,87,
600036_SH_pdf_招商银行2025半年报_pdf_e6770b40_chunk_214,pdf,pdf,"系,深化碳减排举措,加强绿色理念宣
导,同步提升能源、纸张、水资源及废弃物等方面的精细化管理水平,纵深推进绿色运营工作。
运营碳管理方面,本公司迭代升级碳管理系统,优化碳排放源数据采集、处理、分析流程,为绿色运营工作提
供可靠的数智化工具;推动碳管理知识储备和能力培养,充实专业人才队伍;在总分行和子公司设置“绿色运
营” 绩效考核指标,并将运营碳核算纳入数据质量考核。
运营碳减排方面,本公司进一步深化减排行动,发布《招商银行绿色低碳运营碳减排工具箱》,提供场景化减排
建议;设立节能改造专项资金,支持空调、电梯、照明等设备节能改造与技术升级;同步建立闭环管理机制,定
期评估各机构节能项目进展与成效,助力减排目标达成。
运营碳宣导方面,本公司开设“绿色运营低碳招行” 内部专栏,建立常态化征稿、刊登和优化机制,共享总分
支机构低碳实践成果,促进绿色理念传播与经验交流,以绿色文化推进低碳转型。
能源管理方面,本公司持续加大节能降耗工作推进力度,制定并发布《招商银行2025年办公物业绿色运营行动方
案》,为年度绿色运营工作提供工作指引;建立全行办公物业绿色运营荣誉体系,从用电、用水、可再生能源利",600036.SH,招商银行,2025-06-30,2025,半年报,招商银行2025半年报,招商银行2025半年报.pdf,C:\Users\Administrator\Desktop\financial-poc\data\raw\pdf\招商银行2025半年报.pdf,,,,214,679,管理层讨论,61,61,87,
600036_SH_pdf_招商银行2025半年报_pdf_e6770b40_chunk_215,pdf,pdf,"源管理方面,本公司持续加大节能降耗工作推进力度,制定并发布《招商银行2025年办公物业绿色运营行动方
案》,为年度绿色运营工作提供工作指引;建立全行办公物业绿色运营荣誉体系,从用电、用水、可再生能源利
用等维度设置评价指标,驱动全行绿色运营工作再上新台阶。对总、分行办公楼宇及营业网点用电数据开展收集
及分析,编制《全行电力能耗情况分析报告》,开展精准“诊断”,为能源管理科学决策提供有力支撑。
纸张管理方面,积极开展节约用纸宣传。办公无纸化方面,推广无纸化办公和电子名片功能,提倡双面打印;报
销无纸化方面,作为全国首家实现“无纸单据、智能审核、无感报销” 报销流程改造的银行业金融机构,报告
期内实现无纸化报销单据54.86万笔,节约用纸219.44万张;印章电子化方面,自研电子印章全场景应用与防伪
认证服务体系,报告期内电子印章使用7,176.03万次,节约用纸1.13亿张;业务运营无纸化方面,通过“E栈协
议管理平台” 实现业务协议电子化,通过“无纸化平台” 实现全行业务运营审批及交接无纸化,同时为对公客
户提供电子回单服务,报告期内节约纸张3.45亿张;信用卡服务无纸化方面,全部个人",600036.SH,招商银行,2025-06-30,2025,半年报,招商银行2025半年报,招商银行2025半年报.pdf,C:\Users\Administrator\Desktop\financial-poc\data\raw\pdf\招商银行2025半年报.pdf,,,,215,679,管理层讨论,61,61,87,
600036_SH_pdf_招商银行2025半年报_pdf_e6770b40_chunk_216,pdf,pdf,"面,通过“E栈协
议管理平台” 实现业务协议电子化,通过“无纸化平台” 实现全行业务运营审批及交接无纸化,同时为对公客
户提供电子回单服务,报告期内节约纸张3.45亿张;信用卡服务无纸化方面,全部个人信用卡产品均支持无纸
化申请,鼓励信用卡客户使用电子账单,报告期内节约纸质账单用纸9.74亿张;采购无纸化方面,逐步实现全
行集中采购和分散采购全流程电子化,引入第三方数字证书,实现招投标及合同签署的线上化,报告期内节约纸
张约991.25万张。
水资源管理方面,本公司倡导废水回收,加强用水行为管理,减少水资源消耗。通过加大内部宣传力度,普及节
水常识,提高全体员工节水意识和责任感。总行大厦通过高压水枪清洗、滴灌技术等节水作业方式,提升外围清
洁与绿化灌溉效率,实现水资源集约化利用,并将空调冷凝水处理后用于景观水体补给。
废弃物管理方面,制定《废弃物管理工作流程》,在总行深圳地区办公场地规范存储、分拣及资源化利用流程,
实现源头减量和经济效益提升。针对总行深圳地区员工餐厅,推行单品称重,科学备餐,减少食材消耗;结合美
食节主题开展“光盘有礼” 快闪活动;增设“适量取餐,禁止外带” 提示牌,",600036.SH,招商银行,2025-06-30,2025,半年报,招商银行2025半年报,招商银行2025半年报.pdf,C:\Users\Administrator\Desktop\financial-poc\data\raw\pdf\招商银行2025半年报.pdf,,,,216,679,管理层讨论,61,61,87,
600036_SH_pdf_招商银行2025半年报_pdf_e6770b40_chunk_217,pdf,pdf,"储、分拣及资源化利用流程,
实现源头减量和经济效益提升。针对总行深圳地区员工餐厅,推行单品称重,科学备餐,减少食材消耗;结合美
食节主题开展“光盘有礼” 快闪活动;增设“适量取餐,禁止外带” 提示牌,安排反食品浪费监督员巡场,加
强现场管理。截至报告期末,总行深圳地区厨余垃圾同比减少18.34%。
招商银行股份有限公司
2025年半年度报告(A股)
64
第四章 环境、社会与治理(ESG)
绿色网点方面,持续推进网点装配式装修工作,编制网点装配式装修《设计标准化手册》《管理流程指导手册》;
开展网点装配式装修专项培训工作,提高建设的专业能力。报告期内,实施14家网点的装配式装修建设,其中5
家已建成。
绿色宣传方面,对内,利用“员工服务平台” “能源管理助手” 等平台持续开展绿色运营宣传,报告期内,通
过“绿色生活” 专栏宣传环保节日,发布绿色科普资讯,获得关注5.13万次;通过发布反食品浪费宣传资讯,
鼓励员工积极践行光盘行动,获得关注2.32万次。对外,于官方自媒体持续开展低碳环保、生物多样性保护、
可持续生活方式倡导等主题的宣传,引导公众关注环境生态保护,参与物品循环利用,报告期",600036.SH,招商银行,2025-06-30,2025,半年报,招商银行2025半年报,招商银行2025半年报.pdf,C:\Users\Administrator\Desktop\financial-poc\data\raw\pdf\招商银行2025半年报.pdf,,,,217,679,管理层讨论,61,61,87,
600036_SH_pdf_招商银行2025半年报_pdf_e6770b40_chunk_218,pdf,pdf,"浪费宣传资讯,
鼓励员工积极践行光盘行动,获得关注2.32万次。对外,于官方自媒体持续开展低碳环保、生物多样性保护、
可持续生活方式倡导等主题的宣传,引导公众关注环境生态保护,参与物品循环利用,报告期内发布相关内容
14篇,总曝光量664.39万次。
4.3 社会责任信息
4.3.1 服务实体经济
本公司紧跟国民经济转型发展趋势,坚决贯彻落实国家政策要求,加大对绿色经济、制造业、科技创新、普惠
小微等重点领域的贷款投放,服务实体经济质效不断提升。截至报告期末,本公司制造业贷款余额6,913.08亿
元,较上年末增长7.77% ;科技企业贷款余额6,962.05亿元,较上年末增长17.91% ;报告期内,本公司向普惠
型小微企业发放贷款3,159.80亿元,期末普惠型小微企业贷款余额9,133.47亿元。同时,本公司积极支持全面
推进乡村振兴,加大涉农贷款投放,促进城乡融合发展。截至报告期末,本公司涉农贷款余额2,665.74亿元,
较上年末增长10.59%,其中,普惠型涉农贷款余额219.90亿元30。
本公司子公司招银理财持续引导理财资金流向实体经济,尤其是支持符合经济转型升级的科技",600036.SH,招商银行,2025-06-30,2025,半年报,招商银行2025半年报,招商银行2025半年报.pdf,C:\Users\Administrator\Desktop\financial-poc\data\raw\pdf\招商银行2025半年报.pdf,,,,218,679,管理层讨论,61,61,87,
600036_SH_pdf_招商银行2025半年报_pdf_e6770b40_chunk_219,pdf,pdf,",本公司涉农贷款余额2,665.74亿元,
较上年末增长10.59%,其中,普惠型涉农贷款余额219.90亿元30。
本公司子公司招银理财持续引导理财资金流向实体经济,尤其是支持符合经济转型升级的科技创新、基建能源等
企业融资。截至报告期末,招银理财的理财投资资产支持实体经济的业务余额1.93万亿元。
本公司子公司招商基金围绕服务国家战略和实体经济,主动布局国家重点鼓励的领域和赛道,引导资金流向战略
性新兴产业和“专精特新” 中小企业。截至报告期末,招商基金直接投资战略性新兴产业926.86亿元,投资中
小型企业1,818.23亿元。
本公司子公司招银金租全面聚焦新质生产力,报告期内新质生产力租赁业务投放425.96亿元。报告期内在航天
金融领域实现突破,将卫星资产作为租赁物,落地金融租赁行业首单卫星租赁项目。积极支持中国船舶制造,
深化产融结合,截至报告期末,招银金租持有国内三大央企造船集团旗下多家船厂及地方造船企业建造船舶122
艘,资产余额243.84亿元。同时,招银金租紧跟中资企业海外投资布局和对外承包工程的脚步,服务中资企业
“走出去”,率先以经营租赁产品开展跨境租赁项目,成",600036.SH,招商银行,2025-06-30,2025,半年报,招商银行2025半年报,招商银行2025半年报.pdf,C:\Users\Administrator\Desktop\financial-poc\data\raw\pdf\招商银行2025半年报.pdf,,,,219,679,管理层讨论,61,61,87,
600036_SH_pdf_招商银行2025半年报_pdf_e6770b40_chunk_220,pdf,pdf,"集团旗下多家船厂及地方造船企业建造船舶122
艘,资产余额243.84亿元。同时,招银金租紧跟中资企业海外投资布局和对外承包工程的脚步,服务中资企业
“走出去”,率先以经营租赁产品开展跨境租赁项目,成功为中资企业解决海外融资难题,助力“中国制造”
的设备厂商拓展市场。
本公司子公司招银国际充分发挥差异化专业优势,为企业客户提供香港上市保荐与承销、上市公司配售及供股、
债券发行、资产管理、财务顾问等综合化金融服务。招银国际重点关注与科技金融、绿色金融相关的新质生产力
和有助于国家供应链关键环节补链强链的核心产业,报告期内共投资5个项目,助力实体经济高质量发展。
4.3.2 支持民生改善
教育领域,自2022年起,本公司持续为国家开发银行生源地助学贷款学生提供代理结算服务,服务内容包括线
上账户开立、贷款发放、续贷申请身份核实、贷款还款等,同时为国家开发银行生源地助学贷款学生提供“筑
梦奖学金”、就业实习支持。截至报告期末,本公司与全国178家各级教育主管部门开展合作,协助保障学生
家长预付费购课的合法权益,累计保障家长购课资金安全1.37亿人次;本公司通过金融科技已赋能超过1,800家",600036.SH,招商银行,2025-06-30,2025,半年报,招商银行2025半年报,招商银行2025半年报.pdf,C:\Users\Administrator\Desktop\financial-poc\data\raw\pdf\招商银行2025半年报.pdf,,,,220,679,管理层讨论,61,61,87,
600036_SH_pdf_招商银行2025半年报_pdf_e6770b40_chunk_221,pdf,pdf,"”、就业实习支持。截至报告期末,本公司与全国178家各级教育主管部门开展合作,协助保障学生
家长预付费购课的合法权益,累计保障家长购课资金安全1.37亿人次;本公司通过金融科技已赋能超过1,800家
K12学校,为131.15万名学生家长提供便捷的校园数字化金融服务,助力推进学校数字化转型。
30
按照2025年国家金融监督管理总局执行的新口径统计。
招商银行股份有限公司
2025年半年度报告(A股)
65
第四章 环境、社会与治理(ESG)
住房领域,本公司通过数字化手段助力灵活就业人员相关政策的落地实施及风险防范。截至报告期末,累计与
27家住房公积金中心开展灵活就业人员缴存公积金业务合作,协助建立适用于灵活就业人员缴存和贷款的制
度、信息系统、业务流程,致力于让住房公积金制度惠及更多民众。同时,本公司积极打造AI智能客服、智能化
审批平台、业务资金管理、AI数字人等数字化产品和服务,助力各地住房公积金中心提升运营、服务与管理的数
字化和智能化水平,为缴存人提供7×24小时不间断服务。截至报告期末,已与111家住房公积金中心开展数字
化合作。
本公司作为住房和城乡建设部全国住房公积",600036.SH,招商银行,2025-06-30,2025,半年报,招商银行2025半年报,招商银行2025半年报.pdf,C:\Users\Administrator\Desktop\financial-poc\data\raw\pdf\招商银行2025半年报.pdf,,,,221,679,管理层讨论,61,61,87,
600036_SH_pdf_招商银行2025半年报_pdf_e6770b40_chunk_222,pdf,pdf,"助力各地住房公积金中心提升运营、服务与管理的数
字化和智能化水平,为缴存人提供7×24小时不间断服务。截至报告期末,已与111家住房公积金中心开展数字
化合作。
本公司作为住房和城乡建设部全国住房公积金公共服务平台合作银行之一,持续为缴存人提供账户查询、异地转
移接续、信息查询授权等服务,配合推广住房公积金个人证明事项“亮码可办”。报告期内,本公司住房公积
金场景线上服务人数达861.42万人。
医疗保障领域,本公司协助推广医保码激活和应用,并为参保人提供医保码激活、支付、查询和异地就医备案等
线上化服务,推出长按招商银行App一键展码功能,不断优化操作便利性。参与基本医保扩面,支持多省参保人
通过招商银行App、网点渠道缴纳医保费用。本公司通过引入大语言模型、人工智能技术帮助医保机构提升管理
效能,并支持医保“就近办” “掌上办”,让医保服务更有温度和精度。截至报告期末,累计激活医保电子凭
证(医保码)3,324.71万张,报告期内服务1,652.72万名参保人。
本公司积极配合劳动监察部门开展劳动保障工作,持续深化农民工工资监管综合金融服务,协助各地政府部门解
决农民工“欠薪” 问",600036.SH,招商银行,2025-06-30,2025,半年报,招商银行2025半年报,招商银行2025半年报.pdf,C:\Users\Administrator\Desktop\financial-poc\data\raw\pdf\招商银行2025半年报.pdf,,,,222,679,管理层讨论,61,61,87,
600036_SH_pdf_招商银行2025半年报_pdf_e6770b40_chunk_223,pdf,pdf,"凭
证(医保码)3,324.71万张,报告期内服务1,652.72万名参保人。
本公司积极配合劳动监察部门开展劳动保障工作,持续深化农民工工资监管综合金融服务,协助各地政府部门解
决农民工“欠薪” 问题。截至报告期末,累计保障农民工工资支付3,183.30亿元,服务农民工人数1,491.49万
人。
本公司作为民政部全国养老机构资金监管平台对接合作银行之一,积极助力各地民政部门开展养老机构预收费资
金监管,防范养老机构资金链断裂“退费难” 及非法集资问题,充分保障老年人合法权益。有关养老金融业务
详情,请参阅3.10.2 “养老金融业务” 章节。
4.3.3 金融服务可及性
本公司持续迭代升级“人+数智化” 的服务能力及体验,通过线下网点为客户提供服务,借助95555远程经营服
务中心等电话渠道为客户提供一对一人工解答,并以各类App为基础提供全天候线上服务,着力通过线下网点及
线上渠道满足各类人群的金融和非金融需求。
线下渠道方面,本公司持续推进境内分支机构建设和布局优化工作。报告期内,净增营业网点6家,存量营业网
点迁址优化59家,通过科学优化网点布局,有序推进网点建设,进一步扩大",600036.SH,招商银行,2025-06-30,2025,半年报,招商银行2025半年报,招商银行2025半年报.pdf,C:\Users\Administrator\Desktop\financial-poc\data\raw\pdf\招商银行2025半年报.pdf,,,,223,679,管理层讨论,61,61,87,
600036_SH_pdf_招商银行2025半年报_pdf_e6770b40_chunk_224,pdf,pdf,"足各类人群的金融和非金融需求。
线下渠道方面,本公司持续推进境内分支机构建设和布局优化工作。报告期内,净增营业网点6家,存量营业网
点迁址优化59家,通过科学优化网点布局,有序推进网点建设,进一步扩大网点有效覆盖范围,为客户提供更
加高效的线下金融服务。
线上渠道方面,本公司积极推进服务渠道的适老化改造,为年长客户提供专业有温度的服务。在95555客服热线
中,向年长客户提供更简洁适配的服务菜单,实现菜单极简查询及人工服务一键接入;组建专业适配的适老化服
务团队,为年长客户提供专属服务,针对交易流水打印、生活缴费咨询等高频需求场景,为年长客户提供标准化
与个性化相结合的服务;建立金融术语通俗化转换机制,对容易引发理解障碍的金融专业术语进行优化,减少沟
通壁垒,持续提升年长客户服务体验。报告期内,为年长客户提供27.57万次电话及文本快捷接入服务,电话专
线接通率99.17%,客户满意度100%。在招商银行App“长辈版” 客服界面,聚焦常用功能,突出重点消息提
醒,协助年长用户快速直达目的页面,帮助年长用户独立完成日常操作。同时,不断优化语音同屏功能,支持年
长用户一键接入语音客服进行",600036.SH,招商银行,2025-06-30,2025,半年报,招商银行2025半年报,招商银行2025半年报.pdf,C:\Users\Administrator\Desktop\financial-poc\data\raw\pdf\招商银行2025半年报.pdf,,,,224,679,管理层讨论,61,61,87,
600036_SH_pdf_招商银行2025半年报_pdf_e6770b40_chunk_225,pdf,pdf,"0%。在招商银行App“长辈版” 客服界面,聚焦常用功能,突出重点消息提
醒,协助年长用户快速直达目的页面,帮助年长用户独立完成日常操作。同时,不断优化语音同屏功能,支持年
长用户一键接入语音客服进行咨询与沟通,持续提升适老交互体验。截至报告期末,招商银行App“长辈版” 客
户达241.49万户。
报告期内,本公司积极开展优化支付服务专项工作,聚焦现金服务、外币兑换等重点领域,为老年人、外籍来华
人员等群体提供优质、高效、便捷的支付服务。全面提供零钞兑换服务,设置便捷办理通道;积极参与重点机场
支付服务示范区建设;提供招商银行App英文版服务,聚焦用户核心场景,提升外籍来华人员支付便利性。与此
同时,优化跨境支付服务,作为境内首批试点银行,上线跨境支付通产品,为内地与香港居民开辟了更高效便捷
的跨境支付服务新通道。
招商银行股份有限公司
2025年半年度报告(A股)
66
第四章 环境、社会与治理(ESG)
4.3.4 网络、信息与数据安全
本公司董事会始终将网络、信息与数据安全相关工作置于重要地位。董事会及其专门委员会在战略引领和风险管
理两大方面加强履职,并将相关职责写入《招商银",600036.SH,招商银行,2025-06-30,2025,半年报,招商银行2025半年报,招商银行2025半年报.pdf,C:\Users\Administrator\Desktop\financial-poc\data\raw\pdf\招商银行2025半年报.pdf,,,,225,679,管理层讨论,61,61,87,
600036_SH_pdf_招商银行2025半年报_pdf_e6770b40_chunk_226,pdf,pdf,"社会与治理(ESG)
4.3.4 网络、信息与数据安全
本公司董事会始终将网络、信息与数据安全相关工作置于重要地位。董事会及其专门委员会在战略引领和风险管
理两大方面加强履职,并将相关职责写入《招商银行股份有限公司章程》。报告期内,董事会审议通过《2024年
数据安全工作总结及2025年工作计划》《2024年度网络安全分析报告》。
本公司设立信息安全管理委员会,由行长担任主任委员,首席信息官担任执行副主任委员,负责统筹管理网络和
数据安全工作。信息安全管理委员会下设数据安全工作组,由总行信息技术部牵头,统筹推进全行数据安全管理
工作。
本公司建立了全面的网络安全管理框架,覆盖互联网服务安全、内网安全、办公安全、第三方安全四大领域,并
持续开展研发安全管理、应急响应与处置工作;建立了全方位的网络安全防御体系,持续开展网络安全运营,针
对各类网络安全威胁和攻击行为开展监测、响应和处置,针对网络安全典型场景制定了应急预案,并开展应急演
练。
本公司持续完善数据安全统筹管理机制,构建覆盖数据收集、存储、使用、加工、传输、提供、删除、销毁等数
据生命周期各环节的管理体系。2025年6月,对照国家",600036.SH,招商银行,2025-06-30,2025,半年报,招商银行2025半年报,招商银行2025半年报.pdf,C:\Users\Administrator\Desktop\financial-poc\data\raw\pdf\招商银行2025半年报.pdf,,,,226,679,管理层讨论,61,61,87,
600036_SH_pdf_招商银行2025半年报_pdf_e6770b40_chunk_227,pdf,pdf,"安全典型场景制定了应急预案,并开展应急演
练。
本公司持续完善数据安全统筹管理机制,构建覆盖数据收集、存储、使用、加工、传输、提供、删除、销毁等数
据生命周期各环节的管理体系。2025年6月,对照国家金融监督管理总局《银行保险机构数据安全管理办法》,
修订并发布了《招商银行数据安全管理规定(第二版)》和《招商银行数据分级管理办法(第三版)》。按计划持续推
动教育培训、数据分级、重点数据活动管控、技术保护措施、评估和检查、境外分支附属机构安全水平提升等各
项工作,严守规则,防范风险。
报告期内,本公司未发生重大网络安全、信息与数据安全事件。
4.3.5 客户隐私保护
本公司董事会风险与资本管理委员会切实履行包括隐私保护在内的信息科技安全风险管理职能。零售客户方面,
在总行设立个人信息保护融合型团队,由零售金融总部、信息技术部、法律合规部组成,与总行数据安全工作组
衔接,负责统筹、指导、协调全行个人信息保护管理工作。公司客户方面,总行公司金融总部牵头负责公司客户
信息的数据安全与隐私保护工作,公司条线各业务管理部门承担其主管领域内公司客户信息保护的职责。公司业
务条线涉及关联自然人信息的,",600036.SH,招商银行,2025-06-30,2025,半年报,招商银行2025半年报,招商银行2025半年报.pdf,C:\Users\Administrator\Desktop\financial-poc\data\raw\pdf\招商银行2025半年报.pdf,,,,227,679,管理层讨论,61,61,87,
600036_SH_pdf_招商银行2025半年报_pdf_e6770b40_chunk_228,pdf,pdf,"行个人信息保护管理工作。公司客户方面,总行公司金融总部牵头负责公司客户
信息的数据安全与隐私保护工作,公司条线各业务管理部门承担其主管领域内公司客户信息保护的职责。公司业
务条线涉及关联自然人信息的,按照本公司个人信息保护相关要求执行。
本公司高度重视客户隐私保护。零售客户方面,本公司严格遵守《中华人民共和国个人信息保护法》等国家法律
法规,持续加强客户个人信息保护,保障个人客户查阅、更正、删除其个人信息的合法权益,各业务管理部门建
立便捷的个人客户行使权利的申请受理和处理机制。个人客户可通过95555热线、招商银行App“小招”、邮箱
apppersonalprivate@ cmbchina.com 、营业网点等线上线下渠道行使个人信息的查阅权、更正权、删除权。公司
客户方面,本公司保障客户对于其信息获取、更正、删除、限制处理、撤销授权、拒绝处理等权利。客户有权通
过柜面、招商银行企业App等渠道访问、更正、更新信息,法律法规、监管政策另有规定的除外。在本公司产品
服务页面中,客户可以直接清除或删除绑定的企业账号、消息记录、缓存记录等信息,同时,可根据特定情况向
本公司提出删除个人信",600036.SH,招商银行,2025-06-30,2025,半年报,招商银行2025半年报,招商银行2025半年报.pdf,C:\Users\Administrator\Desktop\financial-poc\data\raw\pdf\招商银行2025半年报.pdf,,,,228,679,管理层讨论,61,61,87,
600036_SH_pdf_招商银行2025半年报_pdf_e6770b40_chunk_229,pdf,pdf,"pp等渠道访问、更正、更新信息,法律法规、监管政策另有规定的除外。在本公司产品
服务页面中,客户可以直接清除或删除绑定的企业账号、消息记录、缓存记录等信息,同时,可根据特定情况向
本公司提出删除个人信息的请求。用户可以通过删除信息、关闭设备功能、App隐私设置等方式,改变部分授权
本公司继续收集个人信息的范围或撤回授权,也可以通过注销用户的方式,撤回本公司继续收集个人信息的全部
授权。
本公司采用符合业界标准的安全防护措施保护零售客户和公司客户信息,采取加密、去标识化等安全技术措施,
确保客户信息处理活动合法合规,防止未经授权的访问及客户信息的泄露、篡改、丢失。
专项审计方面,报告期内,本公司通过实施个人信息保护专项审计,检查和评估管理体系建设的完备性、相关工
作开展的有效性。
报告期内,本公司未发生重大客户隐私泄露事件。
招商银行股份有限公司
2025年半年度报告(A股)
67
第四章 环境、社会与治理(ESG)
4.3.6 消费者权益保护
本公司高度重视消费者权益保护工作,切实履行主体责任,将消费者权益保护作为经营发展战略和企业文化的重
要组成部分,持续强化消费者权益保护管理,在业",600036.SH,招商银行,2025-06-30,2025,半年报,招商银行2025半年报,招商银行2025半年报.pdf,C:\Users\Administrator\Desktop\financial-poc\data\raw\pdf\招商银行2025半年报.pdf,,,,229,679,管理层讨论,61,61,87,
600036_SH_pdf_招商银行2025半年报_pdf_e6770b40_chunk_230,pdf,pdf,"环境、社会与治理(ESG)
4.3.6 消费者权益保护
本公司高度重视消费者权益保护工作,切实履行主体责任,将消费者权益保护作为经营发展战略和企业文化的重
要组成部分,持续强化消费者权益保护管理,在业务经营全过程公平、公正、诚信对待消费者,积极营造健康、
有序的金融市场环境,切实保障消费者合法权益。
报告期内,本公司持续完善并深入落实消费者权益保护各项工作机制。在适当性管理方面,进一步强化适当性
管理质效,坚持“了解产品” 和“了解客户” 的经营理念,充分揭示代销产品风险,向客户销售与其相匹配的
金融产品。在消保审查方面,全面开展消费者权益保护审查,报告期内共审查产品和服务9.77万项,产品和服
务审查覆盖率为100%。在金融教育方面,统一视觉形象,以“招行消保,守护权益” 为宣传标语,建立消保子
品牌并常态化开展金融教育,普及金融知识,切实提升消费者风险防范意识,报告期内金融教育活动覆盖消费者
2.87亿人次。在消保数智化建设方面,综合运用AI等技术手段,优化投诉管理系统和消保审查系统,有效赋能一
线,持续提升效率,提高监测及预警质量。在投诉溯源整改方面,按月召开投诉专项治理会议,深",600036.SH,招商银行,2025-06-30,2025,半年报,招商银行2025半年报,招商银行2025半年报.pdf,C:\Users\Administrator\Desktop\financial-poc\data\raw\pdf\招商银行2025半年报.pdf,,,,230,679,管理层讨论,61,61,87,
600036_SH_pdf_招商银行2025半年报_pdf_e6770b40_chunk_231,pdf,pdf,"消费者
2.87亿人次。在消保数智化建设方面,综合运用AI等技术手段,优化投诉管理系统和消保审查系统,有效赋能一
线,持续提升效率,提高监测及预警质量。在投诉溯源整改方面,按月召开投诉专项治理会议,深入剖析客户投
诉根源,制定针对性整改举措,切实提升客户服务体验。在投诉监督方面,本公司持续提升管理水平。一是强化
投诉常态化监督管理:上线“智能质检功能”,保障客户投诉问题得到及时回应、处置过程符合行内外规范要
求;加强投诉全流程管理,密切监测投诉处置情况,依托分级分类处理机制妥善解决客户问题;落实投诉核查机
制,根据客户申请,全面核查投诉处理过程、处理时限和处理结果,并及时告知客户核查结果。二是落实投诉审
计监督,本公司审计部门已将投诉管理工作质效纳入年度消保内部专项审计,覆盖44家一级分行及总行相关部
门,切实监督全行投诉管理等消保工作履职情况,并结合审计结果提出管理建议。
此外,本公司针对2024年消费者权益保护内部专项审计中的审计发现开展整改跟踪验证,督促总分行深入开展
整改工作,在制度建设、系统控制、流程优化等方面完善消费者权益保护工作体制和机制。
4.3.7 乡村振兴
本公司坚",600036.SH,招商银行,2025-06-30,2025,半年报,招商银行2025半年报,招商银行2025半年报.pdf,C:\Users\Administrator\Desktop\financial-poc\data\raw\pdf\招商银行2025半年报.pdf,,,,231,679,管理层讨论,61,61,87,
600036_SH_pdf_招商银行2025半年报_pdf_e6770b40_chunk_232,pdf,pdf,"对2024年消费者权益保护内部专项审计中的审计发现开展整改跟踪验证,督促总分行深入开展
整改工作,在制度建设、系统控制、流程优化等方面完善消费者权益保护工作体制和机制。
4.3.7 乡村振兴
本公司坚决贯彻落实中共中央、国务院乡村振兴战略部署,紧扣“五大振兴” 要求,以高度的社会责任感落实
定点帮扶工作,连续五年获得中央单位定点帮扶工作考核评价最高等级。本公司坚持“教育铺路、医疗保障、
产业支撑、人居打造” 的思路,制定2025年乡村振兴帮扶工作计划、定点帮扶项目规划,明确帮扶工作的年度
指导思想、主要工作目标和具体帮扶举措。
报告期内,本公司派出第二十四批帮扶干部到对口帮扶的云南省武定县、永仁县,精准实施23个帮扶项目,直
接投入帮扶资金2,478.40万元,打造可持续的乡村振兴帮扶新模式,持续巩固拓展脱贫攻坚成果。其中,在永
仁县实施的“幸福里” 产业工人社区被农业农村部选为区域协作优秀案例。
4.3.8 公益慈善
报告期内,本公司持续参与公益慈善,对外捐赠总额953.03万元,为促进社会公平、增进民生福祉贡献招行力
量。
本公司“小积分•微公益” 平台自2012年搭建以来,积极响",600036.SH,招商银行,2025-06-30,2025,半年报,招商银行2025半年报,招商银行2025半年报.pdf,C:\Users\Administrator\Desktop\financial-poc\data\raw\pdf\招商银行2025半年报.pdf,,,,232,679,管理层讨论,61,61,87,
600036_SH_pdf_招商银行2025半年报_pdf_e6770b40_chunk_233,pdf,pdf,"秀案例。
4.3.8 公益慈善
报告期内,本公司持续参与公益慈善,对外捐赠总额953.03万元,为促进社会公平、增进民生福祉贡献招行力
量。
本公司“小积分•微公益” 平台自2012年搭建以来,积极响应国家号召,聚焦社会热点,上线“儿童免费午
餐” “扬帆公益图书” 等公益项目。截至报告期末,平台累计捐赠6.29亿积分,累计捐赠288.79万份儿童免费
午餐、35.08万本公益图书等。
招商银行股份有限公司
2025年半年度报告(A股)
68
第四章 环境、社会与治理(ESG)
4.3.9 人力资本发展
人才发展战略
本公司始终坚持“人才强行”战略,致力于打造“最佳员工成长银行”,着力建设“专业化、多元化、市场化、
国际化” 的人才体系。加强人才规划布局,持续完善组织架构,推动人力资源投放向一线倾斜,加强对重点领
域、重点机构、重点岗位人员配置力度。加强干部队伍建设,严格落实“一岗双责”,重视干部能力培养,强化
干部多岗位历练,加强干部后备队伍建设,锻造忠诚干净担当的高素质专业化金融干部人才队伍。拓展员工能力边
界,提升员工复合能力;加强专业能力培养,强化岗位专业认证机制,推行持证上岗",600036.SH,招商银行,2025-06-30,2025,半年报,招商银行2025半年报,招商银行2025半年报.pdf,C:\Users\Administrator\Desktop\financial-poc\data\raw\pdf\招商银行2025半年报.pdf,,,,233,679,管理层讨论,61,61,87,
600036_SH_pdf_招商银行2025半年报_pdf_e6770b40_chunk_234,pdf,pdf,"重视干部能力培养,强化
干部多岗位历练,加强干部后备队伍建设,锻造忠诚干净担当的高素质专业化金融干部人才队伍。拓展员工能力边
界,提升员工复合能力;加强专业能力培养,强化岗位专业认证机制,推行持证上岗;打通总分支、境内外员工的
职业发展通道,促进人才循环,推动人才交流,建立多层次、全方位、立体式培训培养体系。加强“六能机制31”
应用,营造“能者上、庸者下、劣者汰” 的干事创业环境,激发队伍活力,增强凝聚力、战斗力。加强文化感
召,将中国特色金融文化和企业文化有机结合,持续营造风清气正、干事创业的环境,锻造热爱招行、珍惜招
行、维护招行、奉献招行的干部员工队伍。
本公司积极拥抱技术变革机遇,做好人才布局规划。全面结合AI升级数字金融训练营,积极探索人工智能在金融
领域的应用,研究“AI+金融” 领域人才定位,构建线上+线下的人才选拔模式,加强对AI技术人才的前置培养
和招聘规划。
本公司关注国际化人才培养,对于有外语特长和复合专业类背景的人才,实施境外人才专项交流计划和外派计
划,提升员工复合能力和语言应用能力,加快培养和储备一批具有国际化视野的优秀人才。
平等雇佣
本公司不以应聘者性",600036.SH,招商银行,2025-06-30,2025,半年报,招商银行2025半年报,招商银行2025半年报.pdf,C:\Users\Administrator\Desktop\financial-poc\data\raw\pdf\招商银行2025半年报.pdf,,,,234,679,管理层讨论,61,61,87,
600036_SH_pdf_招商银行2025半年报_pdf_e6770b40_chunk_235,pdf,pdf,"注国际化人才培养,对于有外语特长和复合专业类背景的人才,实施境外人才专项交流计划和外派计
划,提升员工复合能力和语言应用能力,加快培养和储备一批具有国际化视野的优秀人才。
平等雇佣
本公司不以应聘者性别、年龄、民族、国籍、宗教、家庭情况等与个人素质和工作能力无关的因素作为评价依
据,规定对外招聘公告中严禁出现形象、性别、籍贯、婚育情况等歧视性描述。
薪酬管理与非薪酬福利
本公司的薪酬政策与文化理念、经营目标、企业价值观相一致,以“完善市场化薪酬激励约束机制,服务战略
和业务发展,充分调动队伍积极性” 为目标,遵循“价值引领、工效挂钩、风险约束” 的薪酬管理原则,坚持
“能高能低,多劳多得” 的薪酬支付理念。同时,为缓释各类经营和管理风险,本公司根据监管要求及经营管
理需要,建立了薪酬延期支付和绩效薪酬追索扣回相关机制,报告期内,本公司按照相关办法,对出现违法违规
违纪行为或职责范围内风险超常暴露等情形的,根据情节轻重对相关人员绩效薪酬执行了扣减、止付或追索扣
回。
本公司非薪酬福利体系包括法定福利和补充福利,法定福利包括依法为全体员工缴纳五险一金,全行严格执行各
地区规定的产假、育儿假",600036.SH,招商银行,2025-06-30,2025,半年报,招商银行2025半年报,招商银行2025半年报.pdf,C:\Users\Administrator\Desktop\financial-poc\data\raw\pdf\招商银行2025半年报.pdf,,,,235,679,管理层讨论,61,61,87,
600036_SH_pdf_招商银行2025半年报_pdf_e6770b40_chunk_236,pdf,pdf,"常暴露等情形的,根据情节轻重对相关人员绩效薪酬执行了扣减、止付或追索扣
回。
本公司非薪酬福利体系包括法定福利和补充福利,法定福利包括依法为全体员工缴纳五险一金,全行严格执行各
地区规定的产假、育儿假、子女护理假等政策要求,补充福利包括为员工购买补充商业医疗保险等。
本公司坚持男女平等的薪酬福利原则,性别不是影响薪酬福利待遇的因素。报告期内,未发现不同性别薪酬福利
待遇的异常情况。
人才培养
本公司建立了专业序列体系,畅通员工纵向发展通道。同时,建立了后备人才库、岗位资格认证、人才交流、职
业培训等体系作为人才储备和人才培养的重要方式。
本公司建立后备人才库,为员工内部转岗、学习实践和多岗位历练等横向发展提供助力,通过对全行岗位资格认
证进行梳理,大力推行持证上岗,持续提升队伍专业能力,并依托短期派出交流、境内外人才交流等计划建立全
方位、多层次的人才交流体系,支持员工复合历练成长。
31
指干部能上能下、员工能进能出、收入能高能低。
招商银行股份有限公司
2025年半年度报告(A股)
69
第四章 环境、社会与治理(ESG)
本公司支持鼓励全体员工自主报名参加外部专业资质认证考试,制",600036.SH,招商银行,2025-06-30,2025,半年报,招商银行2025半年报,招商银行2025半年报.pdf,C:\Users\Administrator\Desktop\financial-poc\data\raw\pdf\招商银行2025半年报.pdf,,,,236,679,管理层讨论,61,61,87,
600036_SH_pdf_招商银行2025半年报_pdf_e6770b40_chunk_237,pdf,pdf,"指干部能上能下、员工能进能出、收入能高能低。
招商银行股份有限公司
2025年半年度报告(A股)
69
第四章 环境、社会与治理(ESG)
本公司支持鼓励全体员工自主报名参加外部专业资质认证考试,制定《关于开展2025年行外专业资质认证工作的
通知》,秉持“价值度、权威性、业务相关度” 原则,优化调整94项专业资质认证的行外专业资质认证清单,支
持员工个性化赋能,提升队伍专业能力。
本公司建立了规范化、专业化、数字化、实战化、多层次的人才培养体系,职业培训内容主要包括文化价值观、
职业操守与安全、业务和产品知识、领导力、员工合规意识教育等方面,覆盖不同层级员工的职业成长需求。
报告期内,本公司首次采用“送教上门” 的教学方式,探索“训战共创” 培训模式,并坚定不移推进培训数字
化转型,以数字化平台建设和运营服务赋能培训高质量发展,将AI、金融和培训融为一体,持续提升员工专业能
力,致力于将员工的自我成长、价值实现与招行价值有机结合。
4.4 治理信息
公司治理
本公司持续推动完善公司治理机制,坚持“两个一以贯之”,不断提升公司治理水平,坚持稳健发展和审慎的
风险管理理念,以自身高质量",600036.SH,招商银行,2025-06-30,2025,半年报,招商银行2025半年报,招商银行2025半年报.pdf,C:\Users\Administrator\Desktop\financial-poc\data\raw\pdf\招商银行2025半年报.pdf,,,,237,679,管理层讨论,61,61,87,
600036_SH_pdf_招商银行2025半年报_pdf_e6770b40_chunk_238,pdf,pdf,"将员工的自我成长、价值实现与招行价值有机结合。
4.4 治理信息
公司治理
本公司持续推动完善公司治理机制,坚持“两个一以贯之”,不断提升公司治理水平,坚持稳健发展和审慎的
风险管理理念,以自身高质量发展服务于国民经济转型升级和人民对美好生活的向往。本公司公司治理机制的
关键是坚持董事会领导下的行长负责制,坚持市场化专业化原则。本公司股权结构合理、股东行为规范,股东大
会、董事会、监事会、高级管理层之间构建了职责清晰边界明确的决策层级和流程机制,为本公司不断强化公司
治理能力、护航高质量发展提供了坚实保障。其中,股东大会是本公司的权力机构,由全体股东组成,负责行使
包括决议本公司注册资本增减、债券发行、利润分配等相关重大事项在内的职权;董事会对股东大会负责,并对
本公司经营和管理承担最终责任;监事会是本公司的监督机构,对股东大会负责,以保护本公司、股东、职工、
债权人和其他利益相关者的合法权益为目标行使相关职权;高级管理层对董事会负责,根据公司章程及董事会的
授权开展经营活动,同时接受监事会监督。
报告期内,本公司董事会积极履行在普惠金融、绿色金融、数据治理、人力资本、消费者权益保护、",600036.SH,招商银行,2025-06-30,2025,半年报,招商银行2025半年报,招商银行2025半年报.pdf,C:\Users\Administrator\Desktop\financial-poc\data\raw\pdf\招商银行2025半年报.pdf,,,,238,679,管理层讨论,61,61,87,
600036_SH_pdf_招商银行2025半年报_pdf_e6770b40_chunk_239,pdf,pdf,"权益为目标行使相关职权;高级管理层对董事会负责,根据公司章程及董事会的
授权开展经营活动,同时接受监事会监督。
报告期内,本公司董事会积极履行在普惠金融、绿色金融、数据治理、人力资本、消费者权益保护、社会责任
等方面的职责,董事会及其相关专门委员会审议了《2024年度可持续发展报告》《2024年度战略执行情况报告》
《2024年度普惠金融发展情况及2025年工作计划报告》《2024年度人力资源管理情况和人才战略实施情况报告》
《2024年度数据治理工作总结及2025年工作计划》《2024年数据安全工作总结及2025年工作计划》《2024年度
网络安全分析报告》《2024年度员工行为评估报告》《2024年度互联网贷款发展情况及2025年工作计划报告》
《2024年度消费者权益保护工作及战略落实情况的报告》《2025年消费者权益保护工作规划的报告》《2024年度
高级管理层消保工作履职情况的报告》《金融监管总局金融消保局2024年前三季度银行业消费投诉情况通报的报
告》《2024年消费者权益保护监管评价情况的报告》、2024年度报告全文及摘要等相关议案,扎实推进本公司做
好“五篇大文章”,",600036.SH,招商银行,2025-06-30,2025,半年报,招商银行2025半年报,招商银行2025半年报.pdf,C:\Users\Administrator\Desktop\financial-poc\data\raw\pdf\招商银行2025半年报.pdf,,,,239,679,管理层讨论,61,61,87,
600036_SH_pdf_招商银行2025半年报_pdf_e6770b40_chunk_240,pdf,pdf,"告》《金融监管总局金融消保局2024年前三季度银行业消费投诉情况通报的报
告》《2024年消费者权益保护监管评价情况的报告》、2024年度报告全文及摘要等相关议案,扎实推进本公司做
好“五篇大文章”,持续服务于国家加紧经济社会发展全面绿色转型战略目标,切实保障全行发展战略、普惠
金融、绿色金融、数据治理、人力资本、消费者权益保护等工作的落地执行,与各利益相关方携手共创高质量发
展。
报告期内,本公司监事会研究审议了《2024年度可持续发展报告》《2024年度战略执行情况报告》《2024年度普
惠金融发展情况及2025年工作计划报告》《2024年度数据治理工作总结及2025年工作计划》《2024年度员工行为
评估报告》《2024年度互联网贷款发展情况及2025年工作计划报告》《2024年度消费者权益保护工作及战略落实
情况的报告》《2025年消费者权益保护工作规划的报告》《2024年度高级管理层消保工作履职情况的报告》《金融
监管总局金融消保局2024年前三季度银行业消费投诉情况通报的报告》《2024年消费者权益保护监管评价情况的
报告》、2024年度报告全文及摘要等议案,对普惠金融、绿",600036.SH,招商银行,2025-06-30,2025,半年报,招商银行2025半年报,招商银行2025半年报.pdf,C:\Users\Administrator\Desktop\financial-poc\data\raw\pdf\招商银行2025半年报.pdf,,,,240,679,管理层讨论,61,61,87,
600036_SH_pdf_招商银行2025半年报_pdf_e6770b40_chunk_241,pdf,pdf,"理层消保工作履职情况的报告》《金融
监管总局金融消保局2024年前三季度银行业消费投诉情况通报的报告》《2024年消费者权益保护监管评价情况的
报告》、2024年度报告全文及摘要等议案,对普惠金融、绿色金融、数据治理、消费者权益保护、社会责任等重
点事项进行监督,同时关注董事会和高级管理层在上述工作中的履职情况,切实履行了监督职责。
招商银行股份有限公司
2025年半年度报告(A股)
70
第四章 环境、社会与治理(ESG)
根据公司章程相关规定,股东大会依法行使决定有关董事、监事报酬事项的职权,充分保障股东对董事、监事
薪酬分配的决策权。本公司分别根据2016年第一次临时股东大会审议通过的《关于调整独立董事报酬的议案》和
《关于调整外部监事报酬的议案》为独立董事和外部监事提供报酬。
关于公司治理的详情,请参阅第五章。
公司行为
本公司高度重视商业道德的监督管理、警示、教育和培训。报告期内,本公司结合监管要求及业务经营发展实
际,通过线上线下结合、总分行联动同步、集中宣导、集体学习和自主学习等方式,面向全体员工(包括劳务派
遣制员工)开展反贪腐制度培训及警示教育等商业道德相关培训活动,",600036.SH,招商银行,2025-06-30,2025,半年报,招商银行2025半年报,招商银行2025半年报.pdf,C:\Users\Administrator\Desktop\financial-poc\data\raw\pdf\招商银行2025半年报.pdf,,,,241,679,管理层讨论,61,61,87,
600036_SH_pdf_招商银行2025半年报_pdf_e6770b40_chunk_242,pdf,pdf,",本公司结合监管要求及业务经营发展实
际,通过线上线下结合、总分行联动同步、集中宣导、集体学习和自主学习等方式,面向全体员工(包括劳务派
遣制员工)开展反贪腐制度培训及警示教育等商业道德相关培训活动,传导合法合规从业要求,自觉抵制并严禁
参与洗钱、商业贿赂、贪污腐败、内幕交易、操纵市场等违法行为,严禁利用职务和工作之便谋取非法利益、侵
占银行及客户资金等违规行为,营造公正、透明、诚信的工作环境。
本公司每年制定涵盖商业道德事项在内的内部审计计划,经董事会审批后严格实施。本公司每年开展反洗钱与制
裁合规管理专项审计,关注反洗钱与制裁合规管理情况与相关制度要求的执行情况,纠正违规行为、揭示风险、
提出管理建议,促进全行反洗钱与制裁合规管理不断完善。每年开展境外机构及子公司常规审计,关注业务经
营、风险管理、内控合规、反洗钱与制裁合规管理、案件风险防控等合规事项管理情况,积极落实国家相关法律
法规及境内外监管机构监管政策。每年开展境内分行常规审计,持续关注案件风险防控机制建设和落实情况、员
工异常行为管理情况、洗钱风险及制裁风险防控的有效性、操作风险管理情况等方面,揭示经营管理中存在的主
要",600036.SH,招商银行,2025-06-30,2025,半年报,招商银行2025半年报,招商银行2025半年报.pdf,C:\Users\Administrator\Desktop\financial-poc\data\raw\pdf\招商银行2025半年报.pdf,,,,242,679,管理层讨论,61,61,87,
600036_SH_pdf_招商银行2025半年报_pdf_e6770b40_chunk_243,pdf,pdf,"规及境内外监管机构监管政策。每年开展境内分行常规审计,持续关注案件风险防控机制建设和落实情况、员
工异常行为管理情况、洗钱风险及制裁风险防控的有效性、操作风险管理情况等方面,揭示经营管理中存在的主
要问题、风险隐患和管理薄弱环节,促进分行进一步提高管理水平。
招商银行股份有限公司
2025年半年度报告(A股)
71
第五章 公司治理
公司治理
5.1 公司治理情况综述
报告期内,本公司股东大会、董事会、监事会及董事会、监事会各专门委员会各司其职、高效运作,充分保障本
公司的合规稳健经营和持续健康发展。报告期内,本公司召开股东大会1次;召开董事会会议10次(其中现场会
议5次,书面传签会议5次),审议议案63项,听取汇报16项;召开董事会专门委员会会议22次(其中战略与可
持续发展委员会会议3次,审计委员会会议4次,关联交易管理与消费者权益保护委员会会议3次,风险与资本管
理委员会会议5次,提名委员会会议4次,薪酬与考核委员会会议3次),审议议案81项,听取汇报17项;召开独
立董事专门会议1次,审议议案1项;召开监事会会议7次(其中现场会议1次,书面传签会议6次),审议议案30
项,听",600036.SH,招商银行,2025-06-30,2025,半年报,招商银行2025半年报,招商银行2025半年报.pdf,C:\Users\Administrator\Desktop\financial-poc\data\raw\pdf\招商银行2025半年报.pdf,,,,243,679,管理层讨论,61,61,87,
600036_SH_pdf_招商银行2025半年报_pdf_e6770b40_chunk_244,pdf,pdf,"提名委员会会议4次,薪酬与考核委员会会议3次),审议议案81项,听取汇报17项;召开独
立董事专门会议1次,审议议案1项;召开监事会会议7次(其中现场会议1次,书面传签会议6次),审议议案30
项,听取汇报21项;召开监事会专门委员会会议2次(其中监督委员会会议1次,提名委员会会议1次),审议议
案6项。本公司通过认真自查,未发现报告期内公司治理实际情况与法律、行政法规和中国证监会有关上市公司
治理的规范性文件要求存在重大差异。
5.2 股东大会召开情况
报告期内,本公司共召开1次股东大会,即2025年6月25日在深圳召开的2024年度股东大会,会议的通知、召
集、召开和表决程序均符合《中华人民共和国公司法》《招商银行股份有限公司章程》及香港上市规则等有关规
定。会议审议通过了2024年度董事会工作报告、2024年度监事会工作报告、2024年度报告(含经审计之财务
报告)、2024年度财务决算报告、2024年度利润分配方案(包括宣派末期股息)、2025年度中期利润分配计划、
2025-2029年资本管理规划、聘请2025年度会计师事务所、选举第十三届董事会董事、不再设置监事会、修订
公",600036.SH,招商银行,2025-06-30,2025,半年报,招商银行2025半年报,招商银行2025半年报.pdf,C:\Users\Administrator\Desktop\financial-poc\data\raw\pdf\招商银行2025半年报.pdf,,,,244,679,管理层讨论,61,61,87,
600036_SH_pdf_招商银行2025半年报_pdf_e6770b40_chunk_245,pdf,pdf,"决算报告、2024年度利润分配方案(包括宣派末期股息)、2025年度中期利润分配计划、
2025-2029年资本管理规划、聘请2025年度会计师事务所、选举第十三届董事会董事、不再设置监事会、修订
公司章程、2024年度关联交易情况报告等13项议案。会议审议议案的相关详情请参阅本公司刊登在上海证券交
易所、香港交易及结算所有限公司和本公司网站的2024年度股东大会文件、股东大会通函及股东大会决议公告
等披露文件。
5.3 董事、监事和高级管理人员
姓名
性别
出生年月
职务
任期
期初持股
(股)
期末持股
(股)
缪建民
男
1965.1
董事长
2020.9-2028.6
–
–
非执行董事
2020.9-2028.6
石 岱
女
1967.9
非执行董事
2024.8-2028.6
–
–
孙云飞
男
1965.8
非执行董事
2022.10-2028.6
–
–
王 良
男
1965.12
执行董事
2019.8-2028.6
300,000
300,000
行长兼首席执行官
2022.6-2028.6
朱立伟
男
1971.8
非执行董事
2025.1-2028.6
–
–",600036.SH,招商银行,2025-06-30,2025,半年报,招商银行2025半年报,招商银行2025半年报.pdf,C:\Users\Administrator\Desktop\financial-poc\data\raw\pdf\招商银行2025半年报.pdf,,,,245,679,管理层讨论,61,61,87,
600036_SH_pdf_招商银行2025半年报_pdf_e6770b40_chunk_246,pdf,pdf,"5.12
执行董事
2019.8-2028.6
300,000
300,000
行长兼首席执行官
2022.6-2028.6
朱立伟
男
1971.8
非执行董事
2025.1-2028.6
–
–
黄 坚
男
1969.8
非执行董事
2025.3-2028.6
–
–
钟德胜
男
1967.7
执行董事
2024.12-2028.6
177,300
177,300
首席风险官
2024.12-2028.6
李孟刚
男
1967.4
独立非执行董事
2018.11-(注1)
–
–
刘 俏
男
1970.5
独立非执行董事
2018.11-(注1)
–
–
田宏启
男
1957.5
独立非执行董事
2019.8-(注1)
–
–
李朝鲜
男
1958.9
独立非执行董事
2021.8-(注2)
–
–
史永东
男
1968.11
独立非执行董事
2021.8-(注2)
–
–
李 健
女
1953.9
独立非执行董事
2024.11-2028.6
–
–
李金明
男
1968.2
股东监事
2024.6-(注3)
–
–
招商银行股份有限公司
2025年半年度报告(A股)
72
第五",600036.SH,招商银行,2025-06-30,2025,半年报,招商银行2025半年报,招商银行2025半年报.pdf,C:\Users\Administrator\Desktop\financial-poc\data\raw\pdf\招商银行2025半年报.pdf,,,,246,679,管理层讨论,61,61,87,
600036_SH_pdf_招商银行2025半年报_pdf_e6770b40_chunk_247,pdf,pdf,"1953.9
独立非执行董事
2024.11-2028.6
–
–
李金明
男
1968.2
股东监事
2024.6-(注3)
–
–
招商银行股份有限公司
2025年半年度报告(A股)
72
第五章 公司治理
姓名
性别
出生年月
职务
任期
期初持股
(股)
期末持股
(股)
吴 珩
男
1976.8
股东监事
2016.6-(注3)
–
–
蔡洪平
男
1954.12
外部监事
2022.6-(注3)
–
–
张 翔
男
1963.12
外部监事
2022.6-(注3)
–
–
曹 建
男
1970.10
职工监事
2023.3-(注3)
158,400
158,400
杨 盛
男
1972.8
职工监事
2023.6-(注3)
197,700
197,700
赵卫朋
男
1972.3
纪委书记
2023.8-至今
56,800
56,800
王 颖
女
1972.11
副行长
2023.11-2028.6
230,000
230,000
彭家文
男
1969.5
副行长
2023.11-2028.6
221,900
221,900
财务负责人
2023.2-2028.6
董事",600036.SH,招商银行,2025-06-30,2025,半年报,招商银行2025半年报,招商银行2025半年报.pdf,C:\Users\Administrator\Desktop\financial-poc\data\raw\pdf\招商银行2025半年报.pdf,,,,247,679,管理层讨论,61,61,87,
600036_SH_pdf_招商银行2025半年报_pdf_e6770b40_chunk_248,pdf,pdf,"023.11-2028.6
230,000
230,000
彭家文
男
1969.5
副行长
2023.11-2028.6
221,900
221,900
财务负责人
2023.2-2028.6
董事会秘书
2023.6-2028.6
雷财华
男
1974.9
副行长
2025.5-2028.6
264,400
264,400
徐明杰
男
1968.9
副行长
2025.6-2028.6
200,000
200,000
周天虹
男
1967.12
首席信息官
2024.12-2028.6
204,300
204,300
张 健
男
1964.10
原非执行董事
2016.11-2025.2
–
–
陈 冬
男
1974.12
原非执行董事
2022.10-2025.3
–
–
朱江涛
男
1972.12
原执行董事
2023.8-2025.5
198,800
198,800
原副行长
2021.9-2025.5
罗 胜
男
1970.9
原股东监事
2022.6-2025.3
–
–
徐政军
男
1955.9
原外部监事
2019.6-2025.6
–
–
蔡 进
女
1970.7
原",600036.SH,招商银行,2025-06-30,2025,半年报,招商银行2025半年报,招商银行2025半年报.pdf,C:\Users\Administrator\Desktop\financial-poc\data\raw\pdf\招商银行2025半年报.pdf,,,,248,679,管理层讨论,61,61,87,
600036_SH_pdf_招商银行2025半年报_pdf_e6770b40_chunk_249,pdf,pdf,"21.9-2025.5
罗 胜
男
1970.9
原股东监事
2022.6-2025.3
–
–
徐政军
男
1955.9
原外部监事
2019.6-2025.6
–
–
蔡 进
女
1970.7
原职工监事
2021.12-2025.6
169,550
169,550
王小青
男
1971.10
原副行长
2023.7-2025.8
62,000
62,000
注:
(1)
李孟刚先生、刘俏先生、田宏启先生因任职期满,已向本公司董事会提请辞去独立非执行董事职务。根据相关法律法规和公司章程的有
关规定,其辞任将自国家金融监督管理总局核准新任独立非执行董事任职资格以填补其空缺后生效。
(2)
根据《上市公司独立董事管理办法》,独立董事连任时间不得超过六年,故独立董事李朝鲜先生、史永东先生的实际任期到期时间将早
于本公司第十三届董事会到期时间。
(3)
本公司第十二届监事会监事任期届满后不再换届,依照法律法规和公司章程有关规定继续履职至本公司不再设置监事会的调整生效之
日。
(4)
截至报告期末,杨盛先生配偶持有本公司143,300股A股;蔡进女士持有本公司169,550股股票,其中A股1",600036.SH,招商银行,2025-06-30,2025,半年报,招商银行2025半年报,招商银行2025半年报.pdf,C:\Users\Administrator\Desktop\financial-poc\data\raw\pdf\招商银行2025半年报.pdf,,,,249,679,管理层讨论,61,61,87,
600036_SH_pdf_招商银行2025半年报_pdf_e6770b40_chunk_250,pdf,pdf,"届,依照法律法规和公司章程有关规定继续履职至本公司不再设置监事会的调整生效之
日。
(4)
截至报告期末,杨盛先生配偶持有本公司143,300股A股;蔡进女士持有本公司169,550股股票,其中A股165,000股,H股4,550股;
本表其余人员所持股份均为A股。
(5)
本表所述人员近三年没有受到证券监管机构处罚。
(6)
本表所述人员未持有本公司股票期权或被授予限制性股票。
(7)
非执行董事为股东董事。
招商银行股份有限公司
2025年半年度报告(A股)
73
第五章 公司治理
5.3.1 新任及离任人员情况
董事
2025年1月,朱立伟先生的董事任职资格获国家金融监督管理总局核准。
2025年2月,张健先生因工作变动原因不再担任本公司非执行董事。
2025年3月,黄坚先生的董事任职资格获国家金融监督管理总局核准,陈冬先生因工作变动原因不再担任本公司
非执行董事。
2025年5月,朱江涛先生因工作原因不再担任本公司执行董事。
监事
2025年3月,罗胜先生因个人工作原因不再担任本公司股东监事。
2025年6月,徐政军先生因任职期满不再担任本公司外部监事,蔡进女士因年龄原因不再担",600036.SH,招商银行,2025-06-30,2025,半年报,招商银行2025半年报,招商银行2025半年报.pdf,C:\Users\Administrator\Desktop\financial-poc\data\raw\pdf\招商银行2025半年报.pdf,,,,250,679,管理层讨论,61,61,87,
600036_SH_pdf_招商银行2025半年报_pdf_e6770b40_chunk_251,pdf,pdf,"朱江涛先生因工作原因不再担任本公司执行董事。
监事
2025年3月,罗胜先生因个人工作原因不再担任本公司股东监事。
2025年6月,徐政军先生因任职期满不再担任本公司外部监事,蔡进女士因年龄原因不再担任本公司职工监事。
高级管理人员
2025年5月,雷财华先生的副行长任职资格获国家金融监督管理总局核准。
2025年5月,朱江涛先生因工作原因不再担任本公司副行长。
2025年6月,徐明杰先生的副行长任职资格获国家金融监督管理总局核准。
2025年8月,王小青先生因工作原因不再担任本公司副行长。
有关董事、监事和高级管理人员新任及离任详情,请参阅本公司刊登在上海证券交易所、香港交易及结算所有限
公司和本公司网站的相关公告。
5.3.2 董事和监事资料变更情况
1.
李健女士不再兼任中央财经大学教学委员会主任。
2.
张翔先生兼任中国光大环境(集团)有限公司(香港联交所上市公司)独立非执行董事。
招商银行股份有限公司
2025年半年度报告(A股)
74
第五章 公司治理
5.3.3 股东单位派驻的董事和监事在股东单位的任职情况
姓名
任职单位名称
主要职务
任期
缪建民
招商局集团有限公司",600036.SH,招商银行,2025-06-30,2025,半年报,招商银行2025半年报,招商银行2025半年报.pdf,C:\Users\Administrator\Desktop\financial-poc\data\raw\pdf\招商银行2025半年报.pdf,,,,251,679,管理层讨论,61,61,87,
600036_SH_pdf_招商银行2025半年报_pdf_e6770b40_chunk_252,pdf,pdf,"招商银行股份有限公司
2025年半年度报告(A股)
74
第五章 公司治理
5.3.3 股东单位派驻的董事和监事在股东单位的任职情况
姓名
任职单位名称
主要职务
任期
缪建民
招商局集团有限公司
董事长
2020年7月至今
石 岱
招商局集团有限公司
董事、总经理
2023年10月至今
孙云飞
中国远洋海运集团有限公司
副总经理、总会计师
2018年8月至今
朱立伟
招商局金融控股有限公司
副总经理
2022年9月至今
黄 坚
中国远洋海运集团有限公司
资本运营本部总经理
2016年9月至今
李金明
中交财务有限公司
党委书记
2023年6月至今
吴 珩
上海汽车集团股份有限公司
金融事业部总经理
2019年8月至今
5.4 利润分配
2024年度利润分配方案
本公司于2025年6月25日召开的2024年度股东大会审议通过了本公司2024年度利润分配方案。
按照经审计的本公司2024年度净利润1,391.48亿元的10%提取法定盈余公积139.15亿元;按照本公司承担风险
和损失的资产期末余额1.5%差额计提一般准备133.23亿元;针对中等、较高、高风险国别评级的国别风险暴露
按",600036.SH,招商银行,2025-06-30,2025,半年报,招商银行2025半年报,招商银行2025半年报.pdf,C:\Users\Administrator\Desktop\financial-poc\data\raw\pdf\招商银行2025半年报.pdf,,,,252,679,管理层讨论,61,61,87,
600036_SH_pdf_招商银行2025半年报_pdf_e6770b40_chunk_253,pdf,pdf,"度净利润1,391.48亿元的10%提取法定盈余公积139.15亿元;按照本公司承担风险
和损失的资产期末余额1.5%差额计提一般准备133.23亿元;针对中等、较高、高风险国别评级的国别风险暴露
按监管要求计提国别风险准备0.22亿元;按照本公司2024年度公募基金托管费收入的2.5%计提公募基金托管
业务风险准备金0.56亿元;以实施利润分配股权登记日A股和H股总股本为基数,向登记在册的全体股东派发现
金股息,每股现金分红2.000元(含税),以人民币计值和宣布,以人民币向A股股东支付,以港币向H股股东支
付。其余未分配利润结转下年。2024年度,本公司不实施资本公积金转增股本。
本公司董事会已具体实施了上述分红派息方案。详情请参阅本公司在上海证券交易所、香港交易及结算所有限公
司及本公司网站刊登的相关分红派息公告。
2025年度中期利润分配计划
本公司2025年度中期利润分配计划如下:以经安永华明会计师事务所审阅的2025年半年度归属于本行股东的净
利润,相应计算2025年半年度归属于本行普通股股东净利润。2025年度中期利润分配现金分红金额占2025年半
年度归属于本行普通股股",600036.SH,招商银行,2025-06-30,2025,半年报,招商银行2025半年报,招商银行2025半年报.pdf,C:\Users\Administrator\Desktop\financial-poc\data\raw\pdf\招商银行2025半年报.pdf,,,,253,679,管理层讨论,61,61,87,
600036_SH_pdf_招商银行2025半年报_pdf_e6770b40_chunk_254,pdf,pdf,":以经安永华明会计师事务所审阅的2025年半年度归属于本行股东的净
利润,相应计算2025年半年度归属于本行普通股股东净利润。2025年度中期利润分配现金分红金额占2025年半
年度归属于本行普通股股东净利润的比例为35%。届时实际现金分红时,因计算每股现金分红金额需要对小数
点后相应位数进行四舍五入处理,最终本公司实际现金分红总金额所占比例可能与前述比例略有差异。本公司后
续制定2025年度利润分配方案时,将考虑已派发的中期利润分配金额。2025年度中期利润分配现金分红时间为
2026年1月至2月之间,具体现金分红日期及股权登记日本公司将另行公告。
上述中期利润分配计划已经本公司2024年度股东大会批准,后续将由董事会根据股东大会批准的各项内容具体
实施本次中期利润分配。
有关详情,请参阅本公司在上海证券交易所、香港交易及结算所有限公司及本公司网站刊登的2024年度股东大
会文件和2024年度股东大会决议。
招商银行股份有限公司
2025年半年度报告(A股)
75
第五章 公司治理
5.5 员工情况
截至2025年6月30日,本集团共有员工118,068人32(含派遣人员)。
本集团",600036.SH,招商银行,2025-06-30,2025,半年报,招商银行2025半年报,招商银行2025半年报.pdf,C:\Users\Administrator\Desktop\financial-poc\data\raw\pdf\招商银行2025半年报.pdf,,,,254,679,管理层讨论,61,61,87,
600036_SH_pdf_招商银行2025半年报_pdf_e6770b40_chunk_255,pdf,pdf,"4年度股东大会决议。
招商银行股份有限公司
2025年半年度报告(A股)
75
第五章 公司治理
5.5 员工情况
截至2025年6月30日,本集团共有员工118,068人32(含派遣人员)。
本集团员工的性别构成为:男性50,575人,女性67,493人,性别比例较为均衡。
本集团员工的专业构成为:公司金融20,584人,零售金融52,813人,风险管理6,990人,运营操作及管理
17,264人,研发人员10,782人,行政后勤1,091人,综合管理8,544人。
本集团员工的学历构成为:硕士及以上31,629人,大学本科75,464人,大专及以下10,975人。
本集团员工的区域分布情况为:长江三角洲地区28,257人,环渤海地区15,124人,珠江三角洲及海西地区
36,178人,东北地区5,333人,中部地区13,033人,西部地区16,629人,境外3,514人。
本集团研发人员的学历构成为:硕士及以上5,221人,大学本科5,456人,大专及以下105人;年龄结构为:30
岁及以下4,254人,30-40岁(不含30岁,含40岁)5,249人,40-50岁(不含40岁,含",600036.SH,招商银行,2025-06-30,2025,半年报,招商银行2025半年报,招商银行2025半年报.pdf,C:\Users\Administrator\Desktop\financial-poc\data\raw\pdf\招商银行2025半年报.pdf,,,,255,679,管理层讨论,61,61,87,
600036_SH_pdf_招商银行2025半年报_pdf_e6770b40_chunk_256,pdf,pdf,"员的学历构成为:硕士及以上5,221人,大学本科5,456人,大专及以下105人;年龄结构为:30
岁及以下4,254人,30-40岁(不含30岁,含40岁)5,249人,40-50岁(不含40岁,含50岁)1,061人,50-60岁
(不含50岁,含60岁)217人,60岁以上1人。
5.6 总分支机构
区域划分
机构名称
营业地址
机构数量
(个)
资产规模
(百万元)
总行
总行
深圳市福田区深南大道7088号
1
3,805,336
信用卡中心
上海市浦东新区来安路686号
1
878,480
资金营运中心
上海市浦东新区陆家嘴环路1088号
1
1,258,104
长江三角洲地区
上海分行
上海市浦东新区陆家嘴环路1088号
104
519,341
上海自贸试验区分行
上海市浦东新区博航路56号
4
14,309
南京分行
南京市建邺区庐山路199号
86
308,274
杭州分行
杭州市上城区富春路300号
81
289,278
宁波分行
宁波市鄞州区民安东路342号
34
122,687
苏州分行
苏州市工业园区万盛街36号
35
168,773
无锡分行
无锡市滨湖区金",600036.SH,招商银行,2025-06-30,2025,半年报,招商银行2025半年报,招商银行2025半年报.pdf,C:\Users\Administrator\Desktop\financial-poc\data\raw\pdf\招商银行2025半年报.pdf,,,,256,679,管理层讨论,61,61,87,
600036_SH_pdf_招商银行2025半年报_pdf_e6770b40_chunk_257,pdf,pdf,"行
杭州市上城区富春路300号
81
289,278
宁波分行
宁波市鄞州区民安东路342号
34
122,687
苏州分行
苏州市工业园区万盛街36号
35
168,773
无锡分行
无锡市滨湖区金融一街6-107、6-108
21
78,949
温州分行
温州市鹿城区府东路464号
16
40,330
南通分行
南通市崇川区科融路88号
18
44,447
环渤海地区
北京分行
北京市西城区复兴门内大街156号
131
584,477
青岛分行
青岛市崂山区海尔路65号
53
86,893
天津分行
天津市河西区广东路255号、前进道9号
46
116,699
济南分行
济南市高新区经十路7000号
64
151,804
烟台分行
烟台市经济技术开发区长江路117号
18
31,985
石家庄分行
石家庄市桥西区中华南大街172号
22
44,127
唐山分行
唐山市路北区北新西道45号
12
18,769
32
包括本公司、招商永隆银行及其子公司、招银金租、招银国际及其子公司、招银理财、招商基金及其子公司、招商信诺、招商信诺资管、招联消
金、招银网络科技、招银云创等人员。
招商银",600036.SH,招商银行,2025-06-30,2025,半年报,招商银行2025半年报,招商银行2025半年报.pdf,C:\Users\Administrator\Desktop\financial-poc\data\raw\pdf\招商银行2025半年报.pdf,,,,257,679,管理层讨论,61,61,87,
600036_SH_pdf_招商银行2025半年报_pdf_e6770b40_chunk_258,pdf,pdf,"号
12
18,769
32
包括本公司、招商永隆银行及其子公司、招银金租、招银国际及其子公司、招银理财、招商基金及其子公司、招商信诺、招商信诺资管、招联消
金、招银网络科技、招银云创等人员。
招商银行股份有限公司
2025年半年度报告(A股)
76
第五章 公司治理
区域划分
机构名称
营业地址
机构数量
(个)
资产规模
(百万元)
珠江三角洲及海西地区
广州分行
广州市天河区华穗路5号
81
330,143
深圳分行
深圳市福田区深南大道2016号
117
578,843
福州分行
福州市台江区江滨中大道316号
40
92,021
厦门分行
厦门市思明区领事馆路18号
33
89,555
泉州分行
泉州市丰泽区宝洲路东段南侧中骏•国金中心
17
35,898
东莞分行
东莞市南城区鸿福路200号
31
89,109
佛山分行
佛山市南海区灯湖东路12号
36
91,656
东北地区
沈阳分行
沈阳市和平区十一纬路12号
50
54,370
大连分行
大连市中山区人民路17号
35
44,371
哈尔滨分行
哈尔滨市道里区中央大街3号
42
46,062
长春分行
长春市南关区人",600036.SH,招商银行,2025-06-30,2025,半年报,招商银行2025半年报,招商银行2025半年报.pdf,C:\Users\Administrator\Desktop\financial-poc\data\raw\pdf\招商银行2025半年报.pdf,,,,258,679,管理层讨论,61,61,87,
600036_SH_pdf_招商银行2025半年报_pdf_e6770b40_chunk_259,pdf,pdf,"沈阳分行
沈阳市和平区十一纬路12号
50
54,370
大连分行
大连市中山区人民路17号
35
44,371
哈尔滨分行
哈尔滨市道里区中央大街3号
42
46,062
长春分行
长春市南关区人民大街9999号
23
26,972
中部地区
武汉分行
武汉市江汉区云霞路188号
101
212,654
南昌分行
南昌市红谷滩新区会展路1111号
48
107,456
长沙分行
长沙市岳麓区茶子山东路39号
49
108,841
合肥分行
合肥市阜南路169号
42
117,301
郑州分行
郑州市农业东路96号
53
111,826
太原分行
太原市小店区南中环街265号
23
51,020
海口分行
海口市世贸北路1号
12
46,737
西部地区
成都分行
成都市高新区天府四街488号
59
146,483
兰州分行
兰州市城关区庆阳路9号
24
43,979
西安分行
西安市高新区高新二路1号
73
160,831
重庆分行
重庆市北部新区星光大道88号
51
144,769
乌鲁木齐分行
乌鲁木齐市黄河路2号
18
38,458
昆明分行
昆明市五华区崇仁街1号
55
8",600036.SH,招商银行,2025-06-30,2025,半年报,招商银行2025半年报,招商银行2025半年报.pdf,C:\Users\Administrator\Desktop\financial-poc\data\raw\pdf\招商银行2025半年报.pdf,,,,259,679,管理层讨论,61,61,87,
600036_SH_pdf_招商银行2025半年报_pdf_e6770b40_chunk_260,pdf,pdf,"新区高新二路1号
73
160,831
重庆分行
重庆市北部新区星光大道88号
51
144,769
乌鲁木齐分行
乌鲁木齐市黄河路2号
18
38,458
昆明分行
昆明市五华区崇仁街1号
55
80,505
呼和浩特分行
呼和浩特市赛罕区敕勒川大街9号
23
40,116
南宁分行
南宁市青秀区民族大道136-5号
19
40,295
贵阳分行
贵阳市观山湖区国际金融中心西二塔
18
35,089
银川分行
银川市金凤区北京中路138号
14
17,946
西宁分行
西宁市城西区海晏路79号
11
12,382
境外
香港分行
香港中环康乐广场8号交易广场三期31楼
1
121,692
纽约分行
18/F, 535 Madison Avenue, New York, U.S.A
1
46,880
新加坡分行
1 Raffles Place, Tower2, #32-61, Singapore
1
25,200
台北代表处
台北市信义区基隆路一段333号
1
–
卢森堡分行
20 Boulevard Royal, L-2449, Luxembourg
1
15,917
伦敦分行
18",600036.SH,招商银行,2025-06-30,2025,半年报,招商银行2025半年报,招商银行2025半年报.pdf,C:\Users\Administrator\Desktop\financial-poc\data\raw\pdf\招商银行2025半年报.pdf,,,,260,679,管理层讨论,61,61,87,
600036_SH_pdf_招商银行2025半年报_pdf_e6770b40_chunk_261,pdf,pdf,"ore
1
25,200
台北代表处
台北市信义区基隆路一段333号
1
–
卢森堡分行
20 Boulevard Royal, L-2449, Luxembourg
1
15,917
伦敦分行
18/F, 20 Fenchurch Street, London, UK
1
14,996
悉尼分行
L39, GPT, 1 Farrer Place, Sydney, NSW
1
16,293
合计
/
/
1,953
11,799,728
招商银行股份有限公司
2025年半年度报告(A股)
77
第六章 重要事项
重要事项
6.1 买卖或回购本公司上市证券
报告期内,本公司及子公司均未购买、出售或回购本公司任何上市证券(包括库存股份)。
截至报告期末,本公司无库存股份。
6.2 本公司、董事、监事、高级管理人员受处罚情况
报告期内,本公司没有涉嫌犯罪被依法立案调查;本公司、本公司董事、监事及高级管理人员没有受到刑事处
罚,没有涉嫌违法违规被中国证监会立案调查或者受到中国证监会行政监管措施或行政处罚,没有被证券交易所
采取纪律处分,也没有受到其他有权机关对本公司经营有重大影响的行政处罚;本",600036.SH,招商银行,2025-06-30,2025,半年报,招商银行2025半年报,招商银行2025半年报.pdf,C:\Users\Administrator\Desktop\financial-poc\data\raw\pdf\招商银行2025半年报.pdf,,,,261,679,管理层讨论,61,61,87,
600036_SH_pdf_招商银行2025半年报_pdf_e6770b40_chunk_262,pdf,pdf,"高级管理人员没有受到刑事处
罚,没有涉嫌违法违规被中国证监会立案调查或者受到中国证监会行政监管措施或行政处罚,没有被证券交易所
采取纪律处分,也没有受到其他有权机关对本公司经营有重大影响的行政处罚;本公司董事、监事及高级管理人
员没有涉嫌犯罪被依法采取强制措施,没有涉嫌严重违纪违法或者职务犯罪被纪检监察机关采取留置措施且影响
其履行职责,没有因涉嫌违法违规被其他有权机关采取强制措施且影响其履行职责。
6.3 本公司诚信状况的说明
报告期内,本公司不存在未履行法院生效法律文书确定的义务,无所负数额较大的债务到期未清偿的情形。
6.4 重大关联交易事项
6.4.1 关联交易综述
本公司关联交易包括授信类关联交易和非授信类关联交易,均按照一般商业原则进行,交易条款公平合理,符合
本公司和股东的整体利益。
存贷款等金融服务属本公司日常业务。报告期内,本公司向存在关联关系的关联方包括财务公司提供存贷款等金
融服务时,存贷款利率严格按照中国人民银行公布的存贷款利率管理规定执行,所有关联交易业务定价公允且程
序合规。
有关关联交易的详情,请参阅财务报告附注52。
6.4.2 授信类关联交易
本公司作",600036.SH,招商银行,2025-06-30,2025,半年报,招商银行2025半年报,招商银行2025半年报.pdf,C:\Users\Administrator\Desktop\financial-poc\data\raw\pdf\招商银行2025半年报.pdf,,,,262,679,管理层讨论,61,61,87,
600036_SH_pdf_招商银行2025半年报_pdf_e6770b40_chunk_263,pdf,pdf,"款等金
融服务时,存贷款利率严格按照中国人民银行公布的存贷款利率管理规定执行,所有关联交易业务定价公允且程
序合规。
有关关联交易的详情,请参阅财务报告附注52。
6.4.2 授信类关联交易
本公司作为上市商业银行,经营范围包括贷款和资金业务等。本公司向主要股东及关联方发放的贷款严格依据中
国人民银行、国家金融监督管理总局、中国证监会等监管机构及上海证券交易所的有关规定开展。
截至报告期末,本公司向关联方发放的贷款(含票据贴现、进口代付等)余额1,310.24亿元,占本公司贷款和垫
款总额的1.94%,本公司关联贷款资产质量良好。从关联交易的数量、结构、质量及面临的潜在风险角度分析,
现有的关联贷款对本公司的正常经营不会产生重大影响。
招商银行股份有限公司
2025年半年度报告(A股)
78
第六章 重要事项
6.4.3 非授信类关联交易
根据香港上市规则第14A章,本公司非授信类关联交易中符合最低豁免水平的交易占绝大多数,未获豁免的非授
信类关联交易均履行了香港上市规则要求的有关申报及公告等程序。
截至报告期末,本公司和招商证券股份有限公司分别持有招商基金55%和45%的股权,根据香",600036.SH,招商银行,2025-06-30,2025,半年报,招商银行2025半年报,招商银行2025半年报.pdf,C:\Users\Administrator\Desktop\financial-poc\data\raw\pdf\招商银行2025半年报.pdf,,,,263,679,管理层讨论,61,61,87,
600036_SH_pdf_招商银行2025半年报_pdf_e6770b40_chunk_264,pdf,pdf,"中符合最低豁免水平的交易占绝大多数,未获豁免的非授
信类关联交易均履行了香港上市规则要求的有关申报及公告等程序。
截至报告期末,本公司和招商证券股份有限公司分别持有招商基金55%和45%的股权,根据香港上市规则,招
商基金及其联系人(简称招商基金集团)为本公司的关连方33,本公司向招商基金集团提供的基金代理销售服务为
本公司在香港上市规则下非豁免的持续关连交易。
2022年12月28日,本公司与招商基金订立了业务合作协议,协议有效期为2023年1月1日至2025年12月31
日。该协议按公平基准磋商及一般商业原则订立,招商基金集团按照基金发售文件及/或发售章程列明的费率计
价,并根据协议向本公司支付代理服务费。同时,本公司公告了经董事会批准的与招商基金集团2023年、2024
年及2025年年度持续关连交易上限分别为15亿元、18亿元及22亿元。该服务费用年度上限不超过根据香港上市
规则第14.07条计算的有关百分比率的5%,因此该等交易仅需符合香港上市规则的申报、公告及年度审核的规
定,并豁免遵守独立股东批准的规定。有关详情,请参阅本公司日期为2022年12月28日的相关公告。
报告",600036.SH,招商银行,2025-06-30,2025,半年报,招商银行2025半年报,招商银行2025半年报.pdf,C:\Users\Administrator\Desktop\financial-poc\data\raw\pdf\招商银行2025半年报.pdf,,,,264,679,管理层讨论,61,61,87,
600036_SH_pdf_招商银行2025半年报_pdf_e6770b40_chunk_265,pdf,pdf,"14.07条计算的有关百分比率的5%,因此该等交易仅需符合香港上市规则的申报、公告及年度审核的规
定,并豁免遵守独立股东批准的规定。有关详情,请参阅本公司日期为2022年12月28日的相关公告。
报告期内,本公司与招商基金集团的持续关连交易金额为5.34亿元。
6.5 重大诉讼、仲裁事项
本公司在日常经营过程中涉及若干法律诉讼,其中大部分是为收回不良贷款而主动提起的。截至报告期末,本公
司未取得终审判决的被诉案件(含诉讼、仲裁)308件,诉讼标的折合人民币20.72亿元。本公司认为上述诉讼及
仲裁不会对本公司财务或经营结果构成重大不利影响。
6.6 重大合同及其履行情况
重大托管、承包、租赁事项
报告期内,本公司签署的重大合同中没有在银行正常业务范围之外的托管、承包、租赁其他公司资产或其他公司
托管、承包、租赁本公司资产事项。
重大担保事项
担保业务属本公司日常业务。报告期内,本公司除监管机构批准的经营范围内的金融担保业务外,没有其他需要
披露的重大担保事项,也不存在违反法律、行政法规和中国证监会规定的对外担保决议程序订立担保合同的情
形。
6.7 重大投资的说明
报告期内,本公司董事",600036.SH,招商银行,2025-06-30,2025,半年报,招商银行2025半年报,招商银行2025半年报.pdf,C:\Users\Administrator\Desktop\financial-poc\data\raw\pdf\招商银行2025半年报.pdf,,,,265,679,管理层讨论,61,61,87,
600036_SH_pdf_招商银行2025半年报_pdf_e6770b40_chunk_266,pdf,pdf,"机构批准的经营范围内的金融担保业务外,没有其他需要
披露的重大担保事项,也不存在违反法律、行政法规和中国证监会规定的对外担保决议程序订立担保合同的情
形。
6.7 重大投资的说明
报告期内,本公司董事会审议批准了投资设立金融资产投资公司的相关议案。2025年7月3日,国家金融监督管
理总局正式批准本公司筹建招银投资。招银投资注册资本150亿元,拟定位于开展市场化债转股业务及股权投资
试点业务,正式成立后,根据公司治理安排,招银投资将为本公司的全资子公司。有关详情,请参阅本公司日期
为2025年5月8日的《关于投资设立金融资产投资公司的公告》和日期为2025年7月3日的《关于招银金融资产投
资有限公司获准筹建的公告》。招银投资的开业尚需国家金融监督管理总局批准。
33
本节中“关连交易” “关连方” 均为香港上市规则用语。
招商银行股份有限公司
2025年半年度报告(A股)
79
第六章 重要事项
6.8 重大资产收购、出售及吸收合并事项
报告期内,本公司未发生重大资产收购、出售及吸收合并事项。
6.9 关联方占用资金情况
报告期内,本公司不存在关联方非经营性占用本公司资金的情况,也不存",600036.SH,招商银行,2025-06-30,2025,半年报,招商银行2025半年报,招商银行2025半年报.pdf,C:\Users\Administrator\Desktop\financial-poc\data\raw\pdf\招商银行2025半年报.pdf,,,,266,679,管理层讨论,61,61,87,
600036_SH_pdf_招商银行2025半年报_pdf_e6770b40_chunk_267,pdf,pdf,"要事项
6.8 重大资产收购、出售及吸收合并事项
报告期内,本公司未发生重大资产收购、出售及吸收合并事项。
6.9 关联方占用资金情况
报告期内,本公司不存在关联方非经营性占用本公司资金的情况,也不存在通过不公允关联交易等方式变相占用
本公司资金等问题。
6.10 聘请会计师事务所的情况
经本公司2024年度股东大会审议通过,本公司聘请安永华明会计师事务所为本公司及境内附属子公司2025年度
国内会计师事务所,聘请安永会计师事务所等为本公司及境外附属子公司2025年度国际会计师事务所,聘期为
一年。有关详情请参阅本公司2024年度股东大会文件、股东大会通函及相关决议公告。
6.11 公司章程的主要修订
为进一步完善公司治理制度,本公司根据《中华人民共和国公司法》《中华人民共和国证券法》等法律法规和境内
外监管机构的最新监管要求,对公司章程进行了全面梳理修订。有关详情,请参阅本公司刊登在上海证券交易
所、香港交易及结算所有限公司和本公司网站的2024年度股东大会文件和股东大会通函。修订后的公司章程尚
待国家金融监督管理总局核准,并将于获核准后刊登在上海证券交易所、香港交易及结算所有限公司",600036.SH,招商银行,2025-06-30,2025,半年报,招商银行2025半年报,招商银行2025半年报.pdf,C:\Users\Administrator\Desktop\financial-poc\data\raw\pdf\招商银行2025半年报.pdf,,,,267,679,管理层讨论,61,61,87,
600036_SH_pdf_招商银行2025半年报_pdf_e6770b40_chunk_268,pdf,pdf,"证券交易
所、香港交易及结算所有限公司和本公司网站的2024年度股东大会文件和股东大会通函。修订后的公司章程尚
待国家金融监督管理总局核准,并将于获核准后刊登在上海证券交易所、香港交易及结算所有限公司和本公司网
站。
6.12 审阅中期业绩
安永华明会计师事务所和安永会计师事务所已分别对本公司按照中国会计准则和国际财务报告会计准则编制的
2025年中期财务报告进行审阅。同时本公司董事会审计委员会已审阅本报告并同意将本报告提交本公司董事会
审议,本公司董事会已于2025年8月29日审议通过本报告。
6.13 发布中期报告
本公司按照国际财务报告会计准则和香港上市规则编制的中英文两种语言版本的中期报告,可在香港交易及结算
所有限公司网站和本公司网站查阅。在对中期报告的中英文版本理解上发生歧义时,以中文版本为准。
本公司按照中国会计准则和中国证监会半年度报告编制规则编制的中文版本半年度报告,可在上海证券交易所网
站和本公司网站查阅。
招商银行股份有限公司
2025年半年度报告(A股)
80
股份变动及股东情况
第七章 股份变动及股东情况
7.1 报告期内本公司普通股股份变动情况
2024年1",600036.SH,招商银行,2025-06-30,2025,半年报,招商银行2025半年报,招商银行2025半年报.pdf,C:\Users\Administrator\Desktop\financial-poc\data\raw\pdf\招商银行2025半年报.pdf,,,,268,679,管理层讨论,61,61,87,
600036_SH_pdf_招商银行2025半年报_pdf_e6770b40_chunk_269,pdf,pdf,"上海证券交易所网
站和本公司网站查阅。
招商银行股份有限公司
2025年半年度报告(A股)
80
股份变动及股东情况
第七章 股份变动及股东情况
7.1 报告期内本公司普通股股份变动情况
2024年12月31日
报告期内
变动数量
(股)
2025年6月30日
数量(股)
比例(%)
数量(股)
比例(%)
1 .
有限售条件股份
–
–
–
–
–
2 .
无限售条件股份
25,219,845,601
100.00
–
25,219,845,601
100.00
(1) 人民币普通股(A股)
20,628,944,429
81.80
–
20,628,944,429
81.80
(2) 境内上市外资股
–
–
–
–
–
(3) 境外上市外资股(H股)
4,590,901,172
18.20
–
4,590,901,172
18.20
(4) 其他
–
–
–
–
–
3 .
股份总数
25,219,845,601
100.00
–
25,219,845,601
100.00
截至报告期末,本公司普通股股东总数410,379户,全部为无限售条件股东,其中,A股股东总数383,571户",600036.SH,招商银行,2025-06-30,2025,半年报,招商银行2025半年报,招商银行2025半年报.pdf,C:\Users\Administrator\Desktop\financial-poc\data\raw\pdf\招商银行2025半年报.pdf,,,,269,679,管理层讨论,61,61,87,
600036_SH_pdf_招商银行2025半年报_pdf_e6770b40_chunk_270,pdf,pdf,"25,219,845,601
100.00
–
25,219,845,601
100.00
截至报告期末,本公司普通股股东总数410,379户,全部为无限售条件股东,其中,A股股东总数383,571户,H
股股东总数26,808户。
基于公开资料并就本公司董事所知,本公司截至本报告发布日一直维持香港上市规则所要求的公众持股量。
7.2 前十名普通股股东和前十名无限售条件普通股股东
序号
股东名称
股东性质
期末持股数
(股)
占总股本
比例
(%)
股份类别
报告期内
增减(股)
持有
有限售条件
股份数量
(股)
质押、
标记或
冻结的
股份数量
(股)
1
香港中央结算(代理人)有限公司
境外法人
4,555,265,548
18.06
无限售条件H股
597,050
–
未知
2
招商局轮船有限公司
国有法人
3,289,470,337
13.04
无限售条件A股
–
–
–
3
中国远洋运输有限公司
国有法人
1,574,729,111
6.24
无限售条件A股
–
–
–
4
香港中央结算有限公司
境外法人
1,365,629,002
5.41
无限售条件A股
94,509,",600036.SH,招商银行,2025-06-30,2025,半年报,招商银行2025半年报,招商银行2025半年报.pdf,C:\Users\Administrator\Desktop\financial-poc\data\raw\pdf\招商银行2025半年报.pdf,,,,270,679,管理层讨论,61,61,87,
600036_SH_pdf_招商银行2025半年报_pdf_e6770b40_chunk_271,pdf,pdf,"国远洋运输有限公司
国有法人
1,574,729,111
6.24
无限售条件A股
–
–
–
4
香港中央结算有限公司
境外法人
1,365,629,002
5.41
无限售条件A股
94,509,653
–
–
5
深圳市晏清投资发展有限公司
国有法人
1,258,542,349
4.99
无限售条件A股
–
–
–
6
招商局金融控股有限公司
国有法人
1,147,377,415
4.55
无限售条件A股
–
–
–
7
和谐健康保险股份有限公司
-传统-普通保险产品
境内法人
1,130,991,537
4.48
无限售条件A股
–
–
–
8
深圳市楚源投资发展有限公司
国有法人
944,013,171
3.74
无限售条件A股
–
–
–
9
中远海运(广州)有限公司
国有法人
696,450,214
2.76
无限售条件A股
–
–
–
10
中国证券金融股份有限公司
境内法人
524,229,972
2.08
无限售条件A股
–
–
–
注:
(1)
香港中央结算(代理人)有限公司所持股份为其代理的在香港中央结算(代理人)有限公司交易平台上交易的招商银行H股股东账户的股",600036.SH,招商银行,2025-06-30,2025,半年报,招商银行2025半年报,招商银行2025半年报.pdf,C:\Users\Administrator\Desktop\financial-poc\data\raw\pdf\招商银行2025半年报.pdf,,,,271,679,管理层讨论,61,61,87,
600036_SH_pdf_招商银行2025半年报_pdf_e6770b40_chunk_272,pdf,pdf,"人
524,229,972
2.08
无限售条件A股
–
–
–
注:
(1)
香港中央结算(代理人)有限公司所持股份为其代理的在香港中央结算(代理人)有限公司交易平台上交易的招商银行H股股东账户的股
份总和。香港中央结算有限公司是以名义持有人身份,受他人指定并代表他人持有股份的机构,其所持股份为投资者持有的招商银行沪
股通股份。
(2)
截至报告期末,上述前10名股东中,香港中央结算(代理人)有限公司是香港中央结算有限公司的子公司;招商局轮船有限公司、深圳
市晏清投资发展有限公司、招商局金融控股有限公司和深圳市楚源投资发展有限公司同为招商局集团有限公司的子公司;中国远洋运输
有限公司和中远海运(广州)有限公司同为中国远洋海运集团有限公司的子公司。其余股东之间本公司未知其关联关系或一致行动关系。
(3)
上述A股股东不存在委托、受托或放弃表决权的情况。
(4)
报告期内,上述A股股东没有参与融资融券业务的情况。上述A股股东期初和期末转融通出借且尚未归还的本公司A股股份数量均为0股。
招商银行股份有限公司
2025年半年度报告(A股)
81
第七章 股份变动及股东情况
7.3 主要普通股",600036.SH,招商银行,2025-06-30,2025,半年报,招商银行2025半年报,招商银行2025半年报.pdf,C:\Users\Administrator\Desktop\financial-poc\data\raw\pdf\招商银行2025半年报.pdf,,,,272,679,管理层讨论,61,61,87,
600036_SH_pdf_招商银行2025半年报_pdf_e6770b40_chunk_273,pdf,pdf,"与融资融券业务的情况。上述A股股东期初和期末转融通出借且尚未归还的本公司A股股份数量均为0股。
招商银行股份有限公司
2025年半年度报告(A股)
81
第七章 股份变动及股东情况
7.3 主要普通股股东情况
7.3.1 本公司第一大股东情况
截至报告期末,招商局集团有限公司通过下属的招商局轮船有限公司、招商局金融控股有限公司、深圳市晏清投
资发展有限公司、深圳市楚源投资发展有限公司、China Merchants Union (BVI) Limited、Best Winner Investment
Limited和招商局实业发展(深圳)有限公司合并间接持有本公司29.97%的股份,不存在出质本公司股份的情
况。其中,截至报告期末,招商局轮船有限公司直接持有本公司13.04%的股份,是本公司第一大股东,注册资
本170亿元,法定代表人缪建民。招商局轮船有限公司主要从事水上客货运输、码头、仓库及车辆运输、拖船和
驳船运输业务的投资和管理;船舶和海上石油钻探设备的修理、建造和买卖业务;各类交通运输设备、零配件、
物料的销售、采购及供应;船舶、客货代理业务;水上及陆上建筑工程的建造业务;金融",600036.SH,招商银行,2025-06-30,2025,半年报,招商银行2025半年报,招商银行2025半年报.pdf,C:\Users\Administrator\Desktop\financial-poc\data\raw\pdf\招商银行2025半年报.pdf,,,,273,679,管理层讨论,61,61,87,
600036_SH_pdf_招商银行2025半年报_pdf_e6770b40_chunk_274,pdf,pdf,"库及车辆运输、拖船和
驳船运输业务的投资和管理;船舶和海上石油钻探设备的修理、建造和买卖业务;各类交通运输设备、零配件、
物料的销售、采购及供应;船舶、客货代理业务;水上及陆上建筑工程的建造业务;金融、保险、信托、证券、
期货行业的投资和管理等业务。
截至报告期末,招商局集团有限公司直接持有招商局轮船有限公司100%的股权,是本公司第一大股东的控股股
东,注册资本169亿元,法定代表人缪建民。招商局集团有限公司是国务院国有资产监督管理委员会监管的中央
企业,该公司的前身是轮船招商局,创立于1872年中国晚清洋务运动时期,曾是对中国近代民族工商业现代化
进程起到过重要推动作用的企业之一。目前,该公司已经成为一家业务多元的综合企业,主要业务集中于交通物
流、综合金融、地产园区、科创产业。当前该公司正在锚定成为创新驱动的国际化综合型世界一流企业目标,推
动传统产业转型升级和战略性新兴产业培育发展。
本公司无控股股东及实际控制人。截至报告期末,本公司与第一大股东及其控股股东之间的产权关系如下(本报
告中,部分合计数与各加总数直接相加之和在尾数上可能略有差异,是四舍五入所致):
27.59%
1",600036.SH,招商银行,2025-06-30,2025,半年报,招商银行2025半年报,招商银行2025半年报.pdf,C:\Users\Administrator\Desktop\financial-poc\data\raw\pdf\招商银行2025半年报.pdf,,,,274,679,管理层讨论,61,61,87,
600036_SH_pdf_招商银行2025半年报_pdf_e6770b40_chunk_275,pdf,pdf,"。
本公司无控股股东及实际控制人。截至报告期末,本公司与第一大股东及其控股股东之间的产权关系如下(本报
告中,部分合计数与各加总数直接相加之和在尾数上可能略有差异,是四舍五入所致):
27.59%
13.04%
1.89%
100%
100%
100%
4.99%
1.53%
4.55%
0.22%
100%
Best Winner
Investment Limited
招商局中国基金
有限公司
招商局实业发展
(深圳)有限公司
招商局轮船有限公司
招商银行股份有限公司
招商局集团有限公司
3.74%
深圳市楚源投资
发展有限公司
100%
100%
招商局金融控股
(香港)有限公司
深圳市晏清投资
发展有限公司
50%
100%
China Merchants
Union (BVI) Limited
招商局集团
(香港)有限公司
招商局金融控股有限公司
100%
招商银行股份有限公司
2025年半年度报告(A股)
82
第七章 股份变动及股东情况
7.3.2 其他持股5%以上股东情况
截至报告期末,中国远洋海运集团有限公司通过其控股子公司中国远洋运输有限公司、中远海运(广州)有限公",600036.SH,招商银行,2025-06-30,2025,半年报,招商银行2025半年报,招商银行2025半年报.pdf,C:\Users\Administrator\Desktop\financial-poc\data\raw\pdf\招商银行2025半年报.pdf,,,,275,679,管理层讨论,61,61,87,
600036_SH_pdf_招商银行2025半年报_pdf_e6770b40_chunk_276,pdf,pdf,"025年半年度报告(A股)
82
第七章 股份变动及股东情况
7.3.2 其他持股5%以上股东情况
截至报告期末,中国远洋海运集团有限公司通过其控股子公司中国远洋运输有限公司、中远海运(广州)有限公
司、广州中远海运海宁科技有限公司、中远海运(上海)有限公司、中远海运投资控股有限公司和广州市三鼎油
品运输有限公司合并间接持有本公司9.97%的股份,不存在出质本公司股份的情况。其中,中国远洋运输有限
公司持有本公司6.24%的股份。中国远洋运输有限公司的前身中国远洋运输(集团)总公司成立于1983年10月22
日。截至报告期末,中国远洋运输有限公司注册资本161.91亿元,法定代表人万敏,营业范围包括:国际船舶
运输;国际海运辅助业务;接受国内外货主订舱、程租、期租船舶业务;承办租赁、建造、买卖船舶、集装箱及
其维修和备件制造业务;船舶代管业务;国内外与海运业务有关的船舶物资、备件、通信服务;对经营船、货代
理业务及海员外派业务企业的管理。
中国远洋海运集团有限公司持有中国远洋运输有限公司100%的股权,是其控股股东。中国远洋海运集团有限
公司成立于2016年2月5日,其实际控制人为国务",600036.SH,招商银行,2025-06-30,2025,半年报,招商银行2025半年报,招商银行2025半年报.pdf,C:\Users\Administrator\Desktop\financial-poc\data\raw\pdf\招商银行2025半年报.pdf,,,,276,679,管理层讨论,61,61,87,
600036_SH_pdf_招商银行2025半年报_pdf_e6770b40_chunk_277,pdf,pdf,";对经营船、货代
理业务及海员外派业务企业的管理。
中国远洋海运集团有限公司持有中国远洋运输有限公司100%的股权,是其控股股东。中国远洋海运集团有限
公司成立于2016年2月5日,其实际控制人为国务院国有资产监督管理委员会,截至报告期末,注册资本110亿
元,法定代表人万敏,营业范围包括:国际船舶运输、国际海运辅助业务;从事货物及技术的进出口业务;海
上、陆路、航空国际货运代理业务;自有船舶租赁;船舶、集装箱、钢材销售;海洋工程装备设计;码头和港口
投资;通讯设备销售,信息与技术服务;仓储(除危险化学品);从事船舶、备件相关领域内的技术开发、技术
转让、技术咨询、技术服务,股权投资基金。
7.3.3 监管口径下的其他主要股东
1.
截至报告期末,中国交通建设集团有限公司通过其控股子公司中国交通建设股份有限公司、中交资本控
股有限公司、中交广州航道局有限公司、中交第四航务工程局有限公司、中交上海航道局有限公司、振
华工程(深圳)有限公司和中交第三航务工程勘察设计院有限公司合并间接持有本公司1.61%的股份,
向本公司派驻了监事,不存在出质本公司股份的情况。中国交通建设集团有限公司成立于",600036.SH,招商银行,2025-06-30,2025,半年报,招商银行2025半年报,招商银行2025半年报.pdf,C:\Users\Administrator\Desktop\financial-poc\data\raw\pdf\招商银行2025半年报.pdf,,,,277,679,管理层讨论,61,61,87,
600036_SH_pdf_招商银行2025半年报_pdf_e6770b40_chunk_278,pdf,pdf,"交上海航道局有限公司、振
华工程(深圳)有限公司和中交第三航务工程勘察设计院有限公司合并间接持有本公司1.61%的股份,
向本公司派驻了监事,不存在出质本公司股份的情况。中国交通建设集团有限公司成立于2005年12月8
日,法定代表人宋海良,截至报告期末,注册资本72.74亿元,实际控制人为国务院国有资产监督管理委
员会。
2.
截至报告期末,上海汽车集团股份有限公司持有本公司1.23%的股份,向本公司派驻了监事,不存在出
质本公司股份的情况。上海汽车集团股份有限公司成立于1984年4月16日,截至报告期末,法定代表人
王晓秋,注册资本115.75亿元,实际控制人为上海市国有资产监督管理委员会。
7.4 证券发行与上市情况
报告期内,本公司未发行新的普通股。本公司无内部职工股。除本章“优先股” 相关披露外,本公司于报告期
内未订立或于报告期末未存续任何股票挂钩协议。
有关本公司及其子公司债券发行情况,请参阅财务报告附注30。
报告期内,本公司募集资金使用与本公司募集说明书承诺的用途一致。
招商银行股份有限公司
2025年半年度报告(A股)
83
第七章 股份变动及股东情况
7.5 优先",600036.SH,招商银行,2025-06-30,2025,半年报,招商银行2025半年报,招商银行2025半年报.pdf,C:\Users\Administrator\Desktop\financial-poc\data\raw\pdf\招商银行2025半年报.pdf,,,,278,679,管理层讨论,61,61,87,
600036_SH_pdf_招商银行2025半年报_pdf_e6770b40_chunk_279,pdf,pdf,"券发行情况,请参阅财务报告附注30。
报告期内,本公司募集资金使用与本公司募集说明书承诺的用途一致。
招商银行股份有限公司
2025年半年度报告(A股)
83
第七章 股份变动及股东情况
7.5 优先股
7.5.1 优先股的发行与上市情况
经监管机构核准,本公司于2017年12月22日非公开发行了2.75亿股境内优先股,发行价格每股100元,票面
年股息率为4.81%(含税)。本次发行的境内优先股于2018年1月12日起在上海证券交易所综合业务平台挂牌转
让,股票简称“招银优1”,股票代码360028,挂牌数量2.75亿股。本次境内优先股发行募集资金总额为275亿
元,扣除发行费用后已全部用于补充本公司其他一级资本。2022年12月18日,本公司在本次境内优先股发行满
五年之际按照市场规则进行股息调整,票面年股息率调整为3.62%(含税)。有关详情,请参阅本公司刊登在上
海证券交易所、香港交易及结算所有限公司和本公司网站的相关公告。
7.5.2 优先股股东数量及持股情况
截至报告期末,本公司优先股股东总数为24户,全部为境内优先股股东。
截至报告期末,本公司前10名境内优先股股东持股情",600036.SH,招商银行,2025-06-30,2025,半年报,招商银行2025半年报,招商银行2025半年报.pdf,C:\Users\Administrator\Desktop\financial-poc\data\raw\pdf\招商银行2025半年报.pdf,,,,279,679,管理层讨论,61,61,87,
600036_SH_pdf_招商银行2025半年报_pdf_e6770b40_chunk_280,pdf,pdf,"交易及结算所有限公司和本公司网站的相关公告。
7.5.2 优先股股东数量及持股情况
截至报告期末,本公司优先股股东总数为24户,全部为境内优先股股东。
截至报告期末,本公司前10名境内优先股股东持股情况如下:
序号
股东名称
股东性质
股份类别
期末持股
数量(股)
持股比例
(%)
较上年末
增减(股)
持有
有限售条件
股份数量
(股)
质押、
标记或
冻结的
股份数量
(股)
1
中国移动通信集团有限公司
国有法人
境内优先股
106,000,000
38.55
–
–
–
2
苏银理财有限责任公司-苏银理财恒源融达
1号
其他
境内优先股
23,000,000
8.36
–
–
–
3
中国烟草总公司河南省公司
国有法人
境内优先股
20,000,000
7.27
–
–
–
中国平安财产保险股份有限公司-传统
-普通保险产品
其他
境内优先股
20,000,000
7.27
–
–
–
5
中国烟草总公司安徽省公司
国有法人
境内优先股
15,000,000
5.45
–
–
–
中国烟草总公司四川省公司
国有法人
境内优先股
15,000,000
5.45
–
–
–
7",600036.SH,招商银行,2025-06-30,2025,半年报,招商银行2025半年报,招商银行2025半年报.pdf,C:\Users\Administrator\Desktop\financial-poc\data\raw\pdf\招商银行2025半年报.pdf,,,,280,679,管理层讨论,61,61,87,
600036_SH_pdf_招商银行2025半年报_pdf_e6770b40_chunk_281,pdf,pdf,"–
–
5
中国烟草总公司安徽省公司
国有法人
境内优先股
15,000,000
5.45
–
–
–
中国烟草总公司四川省公司
国有法人
境内优先股
15,000,000
5.45
–
–
–
7
光大证券资管-光大银行-光证资管鑫优
2号集合资产管理计划
其他
境内优先股
9,000,000
3.27
–
–
–
8
中信建投基金-中国银行-中信建投基金
-中银优享33号集合资产管理计划
其他
境内优先股
8,700,000
3.16
6,000,000
–
–
9
中诚信托有限责任公司-中诚信托-汇赢
128号集合资金信托计划
其他
境内优先股
8,100,000
2.95
8,000,000
–
–
10
光大证券资管-中国银行-光证资管鑫优
32号集合资产管理计划
其他
境内优先股
7,500,000
2.73
–
–
–
注:
(1)
境内优先股股东持股情况根据本公司优先股股东名册按单一账户列示。
(2)
中国烟草总公司河南省公司、中国烟草总公司安徽省公司和中国烟草总公司四川省公司是中国烟草总公司的子公司;“光大证券资管-
光大银行-光证资管鑫优2号集合资产管理计划” 和“",600036.SH,招商银行,2025-06-30,2025,半年报,招商银行2025半年报,招商银行2025半年报.pdf,C:\Users\Administrator\Desktop\financial-poc\data\raw\pdf\招商银行2025半年报.pdf,,,,281,679,管理层讨论,61,61,87,
600036_SH_pdf_招商银行2025半年报_pdf_e6770b40_chunk_282,pdf,pdf,"名册按单一账户列示。
(2)
中国烟草总公司河南省公司、中国烟草总公司安徽省公司和中国烟草总公司四川省公司是中国烟草总公司的子公司;“光大证券资管-
光大银行-光证资管鑫优2号集合资产管理计划” 和“光大证券资管-中国银行-光证资管鑫优32号集合资产管理计划” 均由光大
证券资产管理有限公司管理。除此之外,本公司未知上述优先股股东之间、上述优先股股东与前10名普通股股东之间是否存在关联关
系或一致行动关系。
(3)
“持股比例” 指优先股股东持有境内优先股的股份数量占境内优先股的股份总数的比例。
招商银行股份有限公司
2025年半年度报告(A股)
84
第七章 股份变动及股东情况
7.5.3 优先股股息分配情况
报告期内,本公司未发生优先股股息的派发事项。
7.5.4 优先股回购或转换情况
报告期内,本公司未发生优先股的回购及转换。
7.5.5 优先股表决权恢复情况
报告期内,本公司已发行境内优先股的表决权未恢复。
7.5.6 对优先股采取的会计政策及理由
本公司依据《企业会计准则第22号—— 金融工具确认和计量》《企业会计准则第37号—— 金融工具列报》等会计
准则相关要求对本公司所",600036.SH,招商银行,2025-06-30,2025,半年报,招商银行2025半年报,招商银行2025半年报.pdf,C:\Users\Administrator\Desktop\financial-poc\data\raw\pdf\招商银行2025半年报.pdf,,,,282,679,管理层讨论,61,61,87,
600036_SH_pdf_招商银行2025半年报_pdf_e6770b40_chunk_283,pdf,pdf,"境内优先股的表决权未恢复。
7.5.6 对优先股采取的会计政策及理由
本公司依据《企业会计准则第22号—— 金融工具确认和计量》《企业会计准则第37号—— 金融工具列报》等会计
准则相关要求对本公司所发行且存续的优先股进行会计判断。本公司已发行且存续的优先股不包括交付现金及现
金等价物的义务,且不包括交付可变数量的自身权益工具进行结算的合同义务,因此作为权益工具核算。
85
第八章 财务报告
财务报告
截至2025年6月30日止6个月期间
招商银行股份有限公司
2025年半年度报告(A股)
内容
页码
8.1 审阅报告
86
8.2 财务报表及附注
87
8.3 未经审计财务报表补充资料
238
86
第八章 财务报告
审阅报告
招商银行股份有限公司
2025年半年度报告(A股)
安永华明(2025)专字第70023674_H04号
招商银行股份有限公司
招商银行股份有限公司董事会:",600036.SH,招商银行,2025-06-30,2025,半年报,招商银行2025半年报,招商银行2025半年报.pdf,C:\Users\Administrator\Desktop\financial-poc\data\raw\pdf\招商银行2025半年报.pdf,,,,283,679,管理层讨论,61,61,87,
600036_SH_pdf_招商银行2025半年报_pdf_e6770b40_chunk_284,pdf,pdf,"我们审阅了招商银行股份有限公司的财务报表,包括2025年6月30日的合并及公司资产负债表,自2025年1月1日至6月",600036.SH,招商银行,2025-06-30,2025,半年报,招商银行2025半年报,招商银行2025半年报.pdf,C:\Users\Administrator\Desktop\financial-poc\data\raw\pdf\招商银行2025半年报.pdf,,,,284,679,资产负债表,87,87,87,资产负债表
600036_SH_pdf_招商银行2025半年报_pdf_e6770b40_chunk_285,pdf,pdf,"30日止期间的合并及公司利润表、现金流量表和股东权益变动表以及相关财务报表附注。这些财务报表的编制是招商
银行股份有限公司管理层的责任,我们的责任是在实施审阅工作的基础上对这些财务报表出具审阅报告。
我们按照《中国注册会计师审阅准则第2101号—— 财务报表审阅》的规定执行了审阅业务。该准则要求我们计划和实施
审阅工作,以对财务报表是否不存在重大错报获取有限保证。审阅主要限于询问公司有关人员和对财务数据实施分析程
序,提供的保证程度低于审计。我们没有实施审计,因而不发表审计意见。
根据我们的审阅,我们没有注意到任何事项使我们相信后附的财务报表没有在所有重大方面按照《企业会计准则第32
号—— 中期财务报告》的规定编制。
安永华明会计师事务所(特殊普通合伙)
中国注册会计师:冯所腾
中国注册会计师:范勋
中国 北京
2025年8月29日
87
第八章 财务报告
招商银行股份有限公司
2025年半年度报告(A股)",600036.SH,招商银行,2025-06-30,2025,半年报,招商银行2025半年报,招商银行2025半年报.pdf,C:\Users\Administrator\Desktop\financial-poc\data\raw\pdf\招商银行2025半年报.pdf,,,,285,679,现金流量表,87,87,88,利润表
600036_SH_pdf_招商银行2025半年报_pdf_e6770b40_chunk_286,pdf,pdf,"未经审计合并资产负债表
(除特别注明外,货币单位均以人民币百万元列示)
项目
附注
2025年
6月30日
2024年
12月31日
资产
现金
14,421
16,622
贵金属
15,601
9,415
存放中央银行款项
5
538,766
557,443
存放同业和其他金融机构款项
6
185,079
220,231
拆出资金
7
482,947
408,955
买入返售金融资产
8
270,360
271,329
贷款和垫款
9
6,854,591
6,632,548
衍生金融资产
49(f)
21,397
32,533
金融投资:
3,951,127
3,673,040
以公允价值计量且其变动计入当期损益的金融投资
10
660,819
617,018
以摊余成本计量的债务工具投资
11
2,006,357
1,941,580
以公允价值计量且其变动计入其他综合收益的债务工具投资
12
1,260,117
1,092,127
指定为以公允价值计量且其变动计入其他综合收益的权益工具投资
13
23,834
22,315
长期股权投资
14
33,048
31,015
投资性房地",600036.SH,招商银行,2025-06-30,2025,半年报,招商银行2025半年报,招商银行2025半年报.pdf,C:\Users\Administrator\Desktop\financial-poc\data\raw\pdf\招商银行2025半年报.pdf,,,,286,679,资产负债表,88,88,90,合并资产负债表
600036_SH_pdf_招商银行2025半年报_pdf_e6770b40_chunk_287,pdf,pdf,"12
1,260,117
1,092,127
指定为以公允价值计量且其变动计入其他综合收益的权益工具投资
13
23,834
22,315
长期股权投资
14
33,048
31,015
投资性房地产
15
1,012
1,117
固定资产
16
119,289
123,991
在建工程
17
4,739
3,825
使用权资产
18
11,996
12,680
无形资产
19
6,153
6,406
商誉
20
9,954
9,954
递延所得税资产
21
88,764
83,674
其他资产
47,907
57,258
资产合计
12,657,151
12,152,036
负债
向中央银行借款
172,300
189,934
同业和其他金融机构存放款项
23
745,599
699,975
拆入资金
24
257,755
235,376
以公允价值计量且其变动计入当期损益的金融负债
25
99,279
67,461
衍生金融负债
49(f)
22,824
31,583
卖出回购金融资产款
26
116,465
84,042
客户存款
27
9,509,526
9,195,329",600036.SH,招商银行,2025-06-30,2025,半年报,招商银行2025半年报,招商银行2025半年报.pdf,C:\Users\Administrator\Desktop\financial-poc\data\raw\pdf\招商银行2025半年报.pdf,,,,287,679,资产负债表,88,88,90,合并资产负债表
600036_SH_pdf_招商银行2025半年报_pdf_e6770b40_chunk_288,pdf,pdf,"25
99,279
67,461
衍生金融负债
49(f)
22,824
31,583
卖出回购金融资产款
26
116,465
84,042
客户存款
27
9,509,526
9,195,329
应付职工薪酬
38,805
34,512
应交税费
28
15,393
11,713
合同负债
3,916
4,193
租赁负债
12,107
12,778
预计负债
29
18,097
16,762
应付债券
30
163,330
222,921
递延所得税负债
21
1,112
1,592
其他负债
183,783
110,390
负债合计
11,360,291
10,918,561
附注为财务报表的组成部分
88
第八章 财务报告
招商银行股份有限公司
2025年半年度报告(A股)
项目
附注
2025年
6月30日
2024年
12月31日
股东权益
股本
31
25,220
25,220
其他权益工具
227,446
180,446
其中:优先股
32(a)
27,468
27,468
永续债
32(b)
199,978
152,978
资本公积
65,420
65,429
其他",600036.SH,招商银行,2025-06-30,2025,半年报,招商银行2025半年报,招商银行2025半年报.pdf,C:\Users\Administrator\Desktop\financial-poc\data\raw\pdf\招商银行2025半年报.pdf,,,,288,679,资产负债表,88,88,90,合并资产负债表
600036_SH_pdf_招商银行2025半年报_pdf_e6770b40_chunk_289,pdf,pdf,"20
其他权益工具
227,446
180,446
其中:优先股
32(a)
27,468
27,468
永续债
32(b)
199,978
152,978
资本公积
65,420
65,429
其他综合收益
33
36,970
43,257
盈余公积
122,652
122,652
一般风险准备
155,258
154,932
未分配利润
656,267
634,078
其中:建议分配利润
34(b)
–
50,440
归属于本行股东权益合计
1,289,233
1,226,014
少数股东权益
7,627
7,461
股东权益合计
1,296,860
1,233,475
负债及股东权益总计
12,657,151
12,152,036
附注为财务报表的组成部分
财务报表由下列负责人签署:
缪建民
王良
彭家文
孙智华
法定代表人
行长兼首席执行官
副行长
财务会计部负责人
财务负责人
董事会秘书
89
第八章 财务报告
招商银行股份有限公司
2025年半年度报告(A股)",600036.SH,招商银行,2025-06-30,2025,半年报,招商银行2025半年报,招商银行2025半年报.pdf,C:\Users\Administrator\Desktop\financial-poc\data\raw\pdf\招商银行2025半年报.pdf,,,,289,679,资产负债表,88,88,90,合并资产负债表
600036_SH_pdf_招商银行2025半年报_pdf_e6770b40_chunk_290,pdf,pdf,"未经审计公司资产负债表
(除特别注明外,货币单位均以人民币百万元列示)
项目
附注
2025年
6月30日
2024年
12月31日
资产
现金
14,055
16,119
贵金属
15,482
9,307
存放中央银行款项
5
529,817
555,154
存放同业和其他金融机构款项
6
124,723
173,859
拆出资金
7
455,387
376,530
买入返售金融资产
8
265,785
269,987
贷款和垫款
9
6,506,215
6,300,684
衍生金融资产
49(f)
20,626
31,815
金融投资:
3,620,387
3,389,906
以公允价值计量且其变动计入当期损益的金融投资
10
585,050
546,965
以摊余成本计量的债务工具投资
11
1,957,849
1,908,600
以公允价值计量且其变动计入其他综合收益的债务工具投资
12
1,065,661
922,824
指定为以公允价值计量且其变动计入其他综合收益的权益工具投资
13
11,827
11,517
长期股权投资
14
88,950
88,411
投资性房地产",600036.SH,招商银行,2025-06-30,2025,半年报,招商银行2025半年报,招商银行2025半年报.pdf,C:\Users\Administrator\Desktop\financial-poc\data\raw\pdf\招商银行2025半年报.pdf,,,,290,679,资产负债表,90,90,92,资产负债表
600036_SH_pdf_招商银行2025半年报_pdf_e6770b40_chunk_291,pdf,pdf,"12
1,065,661
922,824
指定为以公允价值计量且其变动计入其他综合收益的权益工具投资
13
11,827
11,517
长期股权投资
14
88,950
88,411
投资性房地产
15
828
841
固定资产
16
21,706
22,954
在建工程
17
4,739
3,824
使用权资产
18
11,596
12,237
无形资产
19
5,215
5,379
递延所得税资产
21
85,472
80,031
其他资产
28,745
41,576
资产合计
11,799,728
11,378,614
负债
向中央银行借款
172,300
189,934
同业和其他金融机构存放款项
23
727,556
692,390
拆入资金
24
54,599
46,741
以公允价值计量且其变动计入当期损益的金融负债
25
61,450
34,469
衍生金融负债
49(f)
21,540
31,089
卖出回购金融资产款
26
90,052
53,887
客户存款
27
9,148,205
8,874,817
应付职工薪酬
34,835
29,751
应交税费
28",600036.SH,招商银行,2025-06-30,2025,半年报,招商银行2025半年报,招商银行2025半年报.pdf,C:\Users\Administrator\Desktop\financial-poc\data\raw\pdf\招商银行2025半年报.pdf,,,,291,679,资产负债表,90,90,92,资产负债表
600036_SH_pdf_招商银行2025半年报_pdf_e6770b40_chunk_292,pdf,pdf,")
21,540
31,089
卖出回购金融资产款
26
90,052
53,887
客户存款
27
9,148,205
8,874,817
应付职工薪酬
34,835
29,751
应交税费
28
12,623
9,668
合同负债
3,863
4,159
租赁负债
11,668
12,294
预计负债
29
17,956
16,638
应付债券
30
92,541
156,146
其他负债
152,854
83,546
负债合计
10,602,042
10,235,529
附注为财务报表的组成部分
90
第八章 财务报告
招商银行股份有限公司
2025年半年度报告(A股)
项目
附注
2025年
6月30日
2024年
12月31日
股东权益
股本
31
25,220
25,220
其他权益工具
227,446
180,446
其中:优先股
32(a)
27,468
27,468
永续债
32(b)
199,978
152,978
资本公积
76,067
76,076
其他综合收益
33
29,611
36,808
盈余公积
122,652
122,652
一般风险准备
142,4",600036.SH,招商银行,2025-06-30,2025,半年报,招商银行2025半年报,招商银行2025半年报.pdf,C:\Users\Administrator\Desktop\financial-poc\data\raw\pdf\招商银行2025半年报.pdf,,,,292,679,资产负债表,90,90,92,资产负债表
600036_SH_pdf_招商银行2025半年报_pdf_e6770b40_chunk_293,pdf,pdf,"债
32(b)
199,978
152,978
资本公积
76,067
76,076
其他综合收益
33
29,611
36,808
盈余公积
122,652
122,652
一般风险准备
142,486
142,486
未分配利润
574,204
559,397
其中:建议分配利润
34(b)
–
50,440
股东权益合计
1,197,686
1,143,085
负债及股东权益总计
11,799,728
11,378,614
附注为财务报表的组成部分
财务报表由下列负责人签署:
缪建民
王良
彭家文
孙智华
法定代表人
行长兼首席执行官
副行长
财务会计部负责人
财务负责人
董事会秘书
91
第八章 财务报告
招商银行股份有限公司
2025年半年度报告(A股)",600036.SH,招商银行,2025-06-30,2025,半年报,招商银行2025半年报,招商银行2025半年报.pdf,C:\Users\Administrator\Desktop\financial-poc\data\raw\pdf\招商银行2025半年报.pdf,,,,293,679,资产负债表,90,90,92,资产负债表
600036_SH_pdf_招商银行2025半年报_pdf_e6770b40_chunk_294,pdf,pdf,"未经审计合并利润表
(除特别注明外,货币单位均以人民币百万元列示)
截至6月30日止6个月期间
项目
附注
2025年
2024年
营业收入
利息收入
35
177,014
187,997
利息支出
36
(70,929)
(83,548)
净利息收入
106,085
104,449
手续费及佣金收入
37
41,867
42,552
手续费及佣金支出
(4,265)
(4,224)
净手续费及佣金收入
37,602
38,328
公允价值变动损益
38
(4,819)
2,286
投资收益
39
21,894
19,499
其中:对合营企业的投资收益
904
910
对联营企业的投资收益
768
640
以摊余成本计量的金融资产终止确认产生的损益
1,217
3,578
汇兑净收益
1,451
1,949
其他业务收入
40
7,756
6,434
其他净收入小计
26,282
30,168
营业收入合计
169,969
172,945
营业支出
税金及附加
(1,491)
(1,507)
业务及管理费
41
(51,171)
(51,438)
信用减值损失
42
(24,623)",600036.SH,招商银行,2025-06-30,2025,半年报,招商银行2025半年报,招商银行2025半年报.pdf,C:\Users\Administrator\Desktop\financial-poc\data\raw\pdf\招商银行2025半年报.pdf,,,,294,679,利润表,92,92,94,合并利润表
600036_SH_pdf_招商银行2025半年报_pdf_e6770b40_chunk_295,pdf,pdf,"68
营业收入合计
169,969
172,945
营业支出
税金及附加
(1,491)
(1,507)
业务及管理费
41
(51,171)
(51,438)
信用减值损失
42
(24,623)
(26,928)
其他资产减值损失
(11)
(8)
其他业务成本
43
(3,721)
(3,400)
营业支出合计
(81,017)
(83,281)
营业利润
88,952
89,664
加:营业外收入
58
19
减:营业外支出
(104)
(42)
利润总额
88,906
89,641
减:所得税费用
44
(13,501)
(14,262)
净利润
75,405
75,379
归属于:
本行股东的净利润
74,930
74,743
少数股东的净利润
475
636
每股收益
基本及稀释每股收益(人民币元)
45
2.89
2.89
附注为财务报表的组成部分
92
第八章 财务报告
招商银行股份有限公司
2025年半年度报告(A股)
截至6月30日止6个月期间
项目
附注
2025年
2024年
净利润
75,405
75,379
其他综合收益的税后净额
以后将重分类进损益的项目",600036.SH,招商银行,2025-06-30,2025,半年报,招商银行2025半年报,招商银行2025半年报.pdf,C:\Users\Administrator\Desktop\financial-poc\data\raw\pdf\招商银行2025半年报.pdf,,,,295,679,利润表,92,92,94,合并利润表
600036_SH_pdf_招商银行2025半年报_pdf_e6770b40_chunk_296,pdf,pdf,"招商银行股份有限公司
2025年半年度报告(A股)
截至6月30日止6个月期间
项目
附注
2025年
2024年
净利润
75,405
75,379
其他综合收益的税后净额
以后将重分类进损益的项目:
(8,033)
9,238
-分类为以公允价值计量且其变动计入其他综合收益的
金融资产公允价值变动
(4,291)
6,362
-分类为以公允价值计量且其变动计入其他综合收益的
金融资产信用损失准备
(2,337)
519
-现金流量套期损益的有效部分
4
(54)
-权益法下在被投资单位的其他综合收益中享有的份额
374
1,081
-外币财务报表折算差额
(1,783)
1,330
以后不能重分类进损益的项目:
1,734
1,651
-指定为以公允价值计量且其变动计入其他综合收益的
权益工具投资公允价值变动
1,738
1,649
-重新计量设定受益计划净负债或净资产的变动
(4)
2
本期其他综合收益的税后净额
33
(6,299)
10,889
归属于:
本行股东的其他综合收益税后净额
(6,287)
10,809
少数股东的其他综合收益税后净额
(12)
80
本期综合收益",600036.SH,招商银行,2025-06-30,2025,半年报,招商银行2025半年报,招商银行2025半年报.pdf,C:\Users\Administrator\Desktop\financial-poc\data\raw\pdf\招商银行2025半年报.pdf,,,,296,679,利润表,92,92,94,合并利润表
600036_SH_pdf_招商银行2025半年报_pdf_e6770b40_chunk_297,pdf,pdf,"2
本期其他综合收益的税后净额
33
(6,299)
10,889
归属于:
本行股东的其他综合收益税后净额
(6,287)
10,809
少数股东的其他综合收益税后净额
(12)
80
本期综合收益总额
69,106
86,268
归属于:
本行股东的综合收益总额
68,643
85,552
少数股东的综合收益总额
463
716
附注为财务报表的组成部分
财务报表由下列负责人签署:
缪建民
王良
彭家文
孙智华
法定代表人
行长兼首席执行官
副行长
财务会计部负责人
财务负责人
董事会秘书
93
第八章 财务报告
招商银行股份有限公司
2025年半年度报告(A股)",600036.SH,招商银行,2025-06-30,2025,半年报,招商银行2025半年报,招商银行2025半年报.pdf,C:\Users\Administrator\Desktop\financial-poc\data\raw\pdf\招商银行2025半年报.pdf,,,,297,679,利润表,92,92,94,合并利润表
600036_SH_pdf_招商银行2025半年报_pdf_e6770b40_chunk_298,pdf,pdf,"未经审计公司利润表
(除特别注明外,货币单位均以人民币百万元列示)
截至6月30日止6个月期间
项目
附注
2025年
2024年
营业收入
利息收入
35
164,583
174,640
利息支出
36
(61,713)
(72,887)
净利息收入
102,870
101,753
手续费及佣金收入
37
34,670
35,573
手续费及佣金支出
(3,476)
(3,572)
净手续费及佣金收入
31,194
32,001
公允价值变动损益
38
(4,689)
3,421
投资收益
39
20,837
18,134
其中:对合营企业的投资收益
903
980
对联营企业的投资收益
494
652
以摊余成本计量的金融资产终止确认产生的损益
1,188
3,571
汇兑净收益
969
2,001
其他业务收入
40
322
344
其他净收入小计
17,439
23,900
营业收入合计
151,503
157,654
营业支出
税金及附加
(1,376)
(1,414)
业务及管理费
41
(47,272)
(47,739)
信用减值损失
42
(23,523)
(24,77",600036.SH,招商银行,2025-06-30,2025,半年报,招商银行2025半年报,招商银行2025半年报.pdf,C:\Users\Administrator\Desktop\financial-poc\data\raw\pdf\招商银行2025半年报.pdf,,,,298,679,利润表,94,94,96,利润表
600036_SH_pdf_招商银行2025半年报_pdf_e6770b40_chunk_299,pdf,pdf,"入合计
151,503
157,654
营业支出
税金及附加
(1,376)
(1,414)
业务及管理费
41
(47,272)
(47,739)
信用减值损失
42
(23,523)
(24,772)
其他资产减值损失
(11)
(8)
其他业务成本
43
(38)
(32)
营业支出合计
(72,220)
(73,965)
营业利润
79,283
83,689
加:营业外收入
43
12
减:营业外支出
(63)
(31)
利润总额
79,263
83,670
减:所得税费用
44
(12,041)
(12,863)
净利润
67,222
70,807
附注为财务报表的组成部分
94
第八章 财务报告
招商银行股份有限公司
2025年半年度报告(A股)
截至6月30日止6个月期间
项目
附注
2025年
2024年
净利润
67,222
70,807
其他综合收益的税后净额
以后将重分类进损益的项目:
(7,430)
7,777
-分类为以公允价值计量且其变动计入其他
综合收益的金融资产公允价值变动
(5,448)
6,123
-分类为以公允价值计量且其变动计入其他
综合收益的金",600036.SH,招商银行,2025-06-30,2025,半年报,招商银行2025半年报,招商银行2025半年报.pdf,C:\Users\Administrator\Desktop\financial-poc\data\raw\pdf\招商银行2025半年报.pdf,,,,299,679,利润表,94,94,96,利润表
600036_SH_pdf_招商银行2025半年报_pdf_e6770b40_chunk_300,pdf,pdf,"分类进损益的项目:
(7,430)
7,777
-分类为以公允价值计量且其变动计入其他
综合收益的金融资产公允价值变动
(5,448)
6,123
-分类为以公允价值计量且其变动计入其他
综合收益的金融资产信用损失准备
(2,365)
542
-现金流量套期损益的有效部分
22
(13)
-权益法下在被投资单位的其他综合收益中享有的份额
365
1,072
-外币报表折算差额
(4)
53
以后不能重分类进损益的项目:
233
20
-指定为以公允价值计量且其变动计入其他
综合收益的权益工具投资公允价值变动
233
20
本期其他综合收益的税后净额
33
(7,197)
7,797
本期综合收益总额
60,025
78,604
附注为财务报表的组成部分
财务报表由下列负责人签署:
缪建民
王良
彭家文
孙智华
法定代表人
行长兼首席执行官
副行长
财务会计部负责人
财务负责人
董事会秘书
95
第八章 财务报告
招商银行股份有限公司
2025年半年度报告(A股)",600036.SH,招商银行,2025-06-30,2025,半年报,招商银行2025半年报,招商银行2025半年报.pdf,C:\Users\Administrator\Desktop\financial-poc\data\raw\pdf\招商银行2025半年报.pdf,,,,300,679,利润表,94,94,96,利润表
600036_SH_pdf_招商银行2025半年报_pdf_e6770b40_chunk_301,pdf,pdf,"未经审计合并现金流量表
(除特别注明外,货币单位均以人民币百万元列示)
截至6月30日止6个月期间
项目
附注
2025年
2024年
一、经营活动产生的现金流量
存放中央银行款项减少额
46,081
20,198
存放同业和其他金融机构款项净减少额
9,327
–
为交易目的而持有的金融资产净减少额
–
11,114
拆入资金及卖出回购金融资产款净增加额
54,999
–
同业和其他金融机构存放款项净增加额
45,528
10,678
客户存款净增加额
325,792
507,448
收取利息、手续费及佣金的现金
174,630
199,466
收到其他与经营活动有关的现金
74,560
18,439
经营活动现金流入小计
730,917
767,343
存放同业和其他金融机构款项净增加额
–
(2,352)
拆出资金及买入返售金融资产净增加额
(58,158)
(57,003)
贷款和垫款净增加额
(254,837)
(270,755)
为交易目的而持有的金融资产净增加额
(116,107)
–
向中央银行借款净减少额
(17,759)
(153,643)
拆入资金及卖出回购金融资",600036.SH,招商银行,2025-06-30,2025,半年报,招商银行2025半年报,招商银行2025半年报.pdf,C:\Users\Administrator\Desktop\financial-poc\data\raw\pdf\招商银行2025半年报.pdf,,,,301,679,现金流量表,96,96,98,合并现金流量表
600036_SH_pdf_招商银行2025半年报_pdf_e6770b40_chunk_302,pdf,pdf,"垫款净增加额
(254,837)
(270,755)
为交易目的而持有的金融资产净增加额
(116,107)
–
向中央银行借款净减少额
(17,759)
(153,643)
拆入资金及卖出回购金融资产款净减少额
–
(38,125)
支付利息、手续费及佣金的现金
(83,681)
(71,817)
支付给职工以及为职工支付的现金
(31,191)
(30,085)
支付的各项税费
(23,240)
(24,265)
支付其他与经营活动有关的现金
(11,483)
(11,118)
经营活动现金流出小计
(596,456)
(659,163)
经营活动产生的现金流量净额
50(a)
134,461
108,180
二、投资活动产生的现金流量
收回投资收到的现金
1,172,192
987,445
取得投资收益收到的现金
67,112
61,357
处置合营企业和联营企业收取的现金净额
29
78
出售固定资产和其他资产收到的现金
6,892
6,257
投资活动现金流入小计
1,246,225
1,055,137
投资支付的现金
(1,412,699)
(1,091,323)
取得合营",600036.SH,招商银行,2025-06-30,2025,半年报,招商银行2025半年报,招商银行2025半年报.pdf,C:\Users\Administrator\Desktop\financial-poc\data\raw\pdf\招商银行2025半年报.pdf,,,,302,679,现金流量表,96,96,98,合并现金流量表
600036_SH_pdf_招商银行2025半年报_pdf_e6770b40_chunk_303,pdf,pdf,"78
出售固定资产和其他资产收到的现金
6,892
6,257
投资活动现金流入小计
1,246,225
1,055,137
投资支付的现金
(1,412,699)
(1,091,323)
取得合营企业和联营企业支付的现金净额
(716)
(261)
购建固定资产和其他资产所支付的现金
(7,201)
(18,575)
投资活动现金流出小计
(1,420,616)
(1,110,159)
投资活动产生的现金流量净额
(174,391)
(55,022)
附注为财务报表的组成部分
96
第八章 财务报告
招商银行股份有限公司
2025年半年度报告(A股)
截至6月30日止6个月期间
项目
附注
2025年
2024年
三、筹资活动产生的现金流量
发行存款证及其他收到的现金
50(e)
35,668
26,241
发行同业存单收到的现金
50(e)
22,917
142,353
发行债券收到的现金
50(e)
16,406
16,742
发行永续债收到的资金
46,991
–
收到其他与筹资活动有关的现金
50(e)
9,982
1,069
筹资活动现金流入小计
131,964
186,",600036.SH,招商银行,2025-06-30,2025,半年报,招商银行2025半年报,招商银行2025半年报.pdf,C:\Users\Administrator\Desktop\financial-poc\data\raw\pdf\招商银行2025半年报.pdf,,,,303,679,现金流量表,96,96,98,合并现金流量表
600036_SH_pdf_招商银行2025半年报_pdf_e6770b40_chunk_304,pdf,pdf,"的现金
50(e)
16,406
16,742
发行永续债收到的资金
46,991
–
收到其他与筹资活动有关的现金
50(e)
9,982
1,069
筹资活动现金流入小计
131,964
186,405
偿还存款证及其他支付的现金
50(e)
(33,953)
(24,133)
偿还同业存单支付的现金
50(e)
(90,190)
(22,903)
偿还债券支付的现金
50(e)
(9,933)
(40,952)
支付租赁负债的现金
50(e)
(2,205)
(2,315)
赎回永久债务资本支付的现金
–
(2,886)
派发永久债务资本利息支付的现金
50(e)
–
(93)
派发普通股股利支付的现金
50(e)
(297)
(284)
支付筹资活动的利息
50(e)
(2,388)
(2,493)
支付其他与筹资活动有关的现金
50(e)
(14,363)
(7,893)
筹资活动现金流出小计
(153,329)
(103,952)
筹资活动产生的现金流量净额
(21,365)
82,453
四、汇率变动对现金的影响额
(311)
1,276
五、现金及现金等价物净(减少)/",600036.SH,招商银行,2025-06-30,2025,半年报,招商银行2025半年报,招商银行2025半年报.pdf,C:\Users\Administrator\Desktop\financial-poc\data\raw\pdf\招商银行2025半年报.pdf,,,,304,679,现金流量表,96,96,98,合并现金流量表
600036_SH_pdf_招商银行2025半年报_pdf_e6770b40_chunk_305,pdf,pdf,"动现金流出小计
(153,329)
(103,952)
筹资活动产生的现金流量净额
(21,365)
82,453
四、汇率变动对现金的影响额
(311)
1,276
五、现金及现金等价物净(减少)/增加额
50(c)
(61,606)
136,887
加:期初现金及现金等价物
756,527
599,019
六、期末现金及现金等价物
50(b)
694,921
735,906
附注为财务报表的组成部分
财务报表由下列负责人签署:
缪建民
王良
彭家文
孙智华
法定代表人
行长兼首席执行官
副行长
财务会计部负责人
财务负责人
董事会秘书
97
第八章 财务报告
招商银行股份有限公司
2025年半年度报告(A股)",600036.SH,招商银行,2025-06-30,2025,半年报,招商银行2025半年报,招商银行2025半年报.pdf,C:\Users\Administrator\Desktop\financial-poc\data\raw\pdf\招商银行2025半年报.pdf,,,,305,679,现金流量表,96,96,98,合并现金流量表
600036_SH_pdf_招商银行2025半年报_pdf_e6770b40_chunk_306,pdf,pdf,"未经审计公司现金流量表
(除特别注明外,货币单位均以人民币百万元列示)
截至6月30日止6个月期间
项目
附注
2025年
2024年
一、经营活动产生的现金流量
存放中央银行款项减少额
45,895
20,175
存放同业和其他金融机构款项净减少额
25,694
180
为交易目的而持有的金融资产净减少额
–
10,651
拆入资金及卖出回购金融资产款净增加额
44,091
–
同业和其他金融机构存放款项净增加额
35,032
17,774
客户存款净增加额
285,182
464,872
收取利息、手续费及佣金的现金
159,974
180,903
收到其他与经营活动有关的现金
67,544
15,997
经营活动现金流入小计
663,412
710,552
拆出资金和买入返售金融资产净增加额
(71,886)
(55,029)
贷款和垫款净增加额
(237,553)
(264,061)
为交易目的而持有的金融资产净增加额
(104,226)
–
向中央银行借款净减少额
(17,759)
(155,895)
拆入资金及卖出回购金融资产净减少额
–
(50,352)
支付利息、手续费",600036.SH,招商银行,2025-06-30,2025,半年报,招商银行2025半年报,招商银行2025半年报.pdf,C:\Users\Administrator\Desktop\financial-poc\data\raw\pdf\招商银行2025半年报.pdf,,,,306,679,现金流量表,98,98,117,现金流量表
600036_SH_pdf_招商银行2025半年报_pdf_e6770b40_chunk_307,pdf,pdf,")
为交易目的而持有的金融资产净增加额
(104,226)
–
向中央银行借款净减少额
(17,759)
(155,895)
拆入资金及卖出回购金融资产净减少额
–
(50,352)
支付利息、手续费及佣金的现金
(74,985)
(58,018)
支付给职工以及为职工支付的现金
(26,316)
(26,390)
支付的各项税费
(21,943)
(21,295)
支付其他与经营活动有关的现金
(11,892)
(11,595)
经营活动现金流出小计
(566,560)
(642,635)
经营活动产生的现金流量净额
50(a)
96,852
67,917
二、投资活动产生的现金流量
收回投资收到的现金
1,117,213
910,447
取得投资收益收到的现金
61,249
54,780
出售固定资产和其他资产所收到的现金
16
11
投资活动现金流入小计
1,178,478
965,238
投资支付的现金
(1,333,148)
(1,009,572)
购建固定资产和其他资产所支付的现金
(795)
(1,537)
投资活动现金流出小计
(1,333,943)
(1,011,10",600036.SH,招商银行,2025-06-30,2025,半年报,招商银行2025半年报,招商银行2025半年报.pdf,C:\Users\Administrator\Desktop\financial-poc\data\raw\pdf\招商银行2025半年报.pdf,,,,307,679,现金流量表,98,98,117,现金流量表
600036_SH_pdf_招商银行2025半年报_pdf_e6770b40_chunk_308,pdf,pdf,"238
投资支付的现金
(1,333,148)
(1,009,572)
购建固定资产和其他资产所支付的现金
(795)
(1,537)
投资活动现金流出小计
(1,333,943)
(1,011,109)
投资活动产生的现金流量净额
(155,465)
(45,871)
附注为财务报表的组成部分
98
第八章 财务报告
招商银行股份有限公司
2025年半年度报告(A股)
截至6月30日止6个月期间
项目
附注
2025年
2024年
三、筹资活动产生的现金流量
发行存款证收到的现金
50(e)
25,149
16,525
发行同业存单收到的现金
50(e)
22,917
142,353
发行债券收到的现金
50(e)
10,000
5,000
发行永续债收到的现金
46,991
–
筹资活动现金流入小计
105,057
163,878
偿还存款证支付的现金
50(e)
(23,549)
(15,176)
偿还同业存单支付的现金
50(e)
(90,190)
(22,903)
偿还债券支付的现金
50(e)
(7,870)
(30,000)
支付租赁负债的现金
50(e)
(2,053)",600036.SH,招商银行,2025-06-30,2025,半年报,招商银行2025半年报,招商银行2025半年报.pdf,C:\Users\Administrator\Desktop\financial-poc\data\raw\pdf\招商银行2025半年报.pdf,,,,308,679,现金流量表,98,98,117,现金流量表
600036_SH_pdf_招商银行2025半年报_pdf_e6770b40_chunk_309,pdf,pdf,"15,176)
偿还同业存单支付的现金
50(e)
(90,190)
(22,903)
偿还债券支付的现金
50(e)
(7,870)
(30,000)
支付租赁负债的现金
50(e)
(2,053)
(2,130)
支付筹资活动的利息
50(e)
(1,163)
(1,488)
筹资活动现金流出小计
(124,825)
(71,697)
筹资活动产生的现金流量净额
(19,768)
92,181
四、汇率变动对现金及现金等价物的影响额
(847)
1,562
五、现金及现金等价物净(减少)/增加额
50(c)
(79,228)
115,789
加:期初现金及现金等价物余额
715,995
558,451
六、期末现金及现金等价物余额
50(b)
636,767
674,240
附注为财务报表的组成部分
财务报表由下列负责人签署:
缪建民
王良
彭家文
孙智华
法定代表人
行长兼首席执行官
副行长
财务会计部负责人
财务负责人
董事会秘书
99
第八章 财务报告
未经审计合并股东权益变动表
(除特别注明外,货币单位均以人民币百万元列示)
招商银行股份有限公司
2025年半年度报告(A股",600036.SH,招商银行,2025-06-30,2025,半年报,招商银行2025半年报,招商银行2025半年报.pdf,C:\Users\Administrator\Desktop\financial-poc\data\raw\pdf\招商银行2025半年报.pdf,,,,309,679,现金流量表,98,98,117,现金流量表
600036_SH_pdf_招商银行2025半年报_pdf_e6770b40_chunk_310,pdf,pdf,"副行长
财务会计部负责人
财务负责人
董事会秘书
99
第八章 财务报告
未经审计合并股东权益变动表
(除特别注明外,货币单位均以人民币百万元列示)
招商银行股份有限公司
2025年半年度报告(A股)
截至2025年6月30日止6个月期间
归属于母公司股东权益
其他权益工具
其他
综合收益
盈余公积
一般
风险准备
未分配
利润
其中:
建议分配
股利
小计
少数股东
权益
股东权益
合计
项目
附注
股本
优先股
永续债
资本公积
于2025年1月1日
25,220
27,468
152,978
65,429
43,257
122,652
154,932
634,078
50,440
1,226,014
7,461
1,233,475
本期增减变动金额
–
–
47,000
(9)
(6,287)
–
326
22,189
(50,440)
63,219
166
63,385
(一)净利润
–
–
–
–
–
–
–
74,930
–
74,930
475
75,405
(二)其他综合收益总额
33
–
–
–
–
(6,287)
–
–
–
–
(6,287)
(12)
(6,2",600036.SH,招商银行,2025-06-30,2025,半年报,招商银行2025半年报,招商银行2025半年报.pdf,C:\Users\Administrator\Desktop\financial-poc\data\raw\pdf\招商银行2025半年报.pdf,,,,310,679,现金流量表,98,98,117,现金流量表
600036_SH_pdf_招商银行2025半年报_pdf_e6770b40_chunk_311,pdf,pdf,"利润
–
–
–
–
–
–
–
74,930
–
74,930
475
75,405
(二)其他综合收益总额
33
–
–
–
–
(6,287)
–
–
–
–
(6,287)
(12)
(6,299)
本期综合收益总额
–
–
–
–
(6,287)
–
–
74,930
–
68,643
463
69,106
(三)所有者投入和减少的资本
–
–
47,000
(9)
–
–
–
–
–
46,991
–
46,991
1. 发行永续债
32(b)
–
–
47,000
(9)
–
–
–
–
–
46,991
–
46,991
(四)利润分配
–
–
–
–
–
–
326
(52,741)
(50,440)
(52,415)
(297)
(52,712)
1. 计提一般风险准备
34(b)
–
–
–
–
–
–
326
(326)
–
–
–
–
2. 分配2024年度普通股股利
34(a)
–
–
–
–
–
–
–
(50,440)
(50,440)
(50,440)
(297)
(50,737)
3. 分配永续债利息
–
–
–
–
–
–
–
(1,975)
–",600036.SH,招商银行,2025-06-30,2025,半年报,招商银行2025半年报,招商银行2025半年报.pdf,C:\Users\Administrator\Desktop\financial-poc\data\raw\pdf\招商银行2025半年报.pdf,,,,311,679,现金流量表,98,98,117,现金流量表
600036_SH_pdf_招商银行2025半年报_pdf_e6770b40_chunk_312,pdf,pdf,"股利
34(a)
–
–
–
–
–
–
–
(50,440)
(50,440)
(50,440)
(297)
(50,737)
3. 分配永续债利息
–
–
–
–
–
–
–
(1,975)
–
(1,975)
–
(1,975)
于2025年6月30日
25,220
27,468
199,978
65,420
36,970
122,652
155,258
656,267
–
1,289,233
7,627
1,296,860
附注为财务报表的组成部分
100
第八章 财务报告
招商银行股份有限公司
2025年半年度报告(A股)
截至2024年6月30日止6个月期间
归属于母公司股东权益
少数股东权益
项目
附注
股本
其他权益工具
资本公积
其他
综合收益
盈余公积
一般
风险准备
未分配
利润
其中:
建议分配
股利
小计
普通股
少数股东
权益
永久债务
资本
股东权益
合计
优先股
永续债
于2024年1月1日
25,220
27,468
122,978
65,432
16,682
108,737
141,481
568,372
49,734
1,076,370
6,521",600036.SH,招商银行,2025-06-30,2025,半年报,招商银行2025半年报,招商银行2025半年报.pdf,C:\Users\Administrator\Desktop\financial-poc\data\raw\pdf\招商银行2025半年报.pdf,,,,312,679,现金流量表,98,98,117,现金流量表
600036_SH_pdf_招商银行2025半年报_pdf_e6770b40_chunk_313,pdf,pdf,"先股
永续债
于2024年1月1日
25,220
27,468
122,978
65,432
16,682
108,737
141,481
568,372
49,734
1,076,370
6,521
2,838
1,085,729
本期增减变动金额
–
–
–
–
10,790
–
(120)
23,173
(49,734)
33,843
291
(2,838)
31,296
(一)净利润
–
–
–
–
–
–
–
74,743
–
74,743
543
93
75,379
(二)其他综合收益总额
33
–
–
–
–
10,809
–
–
–
–
10,809
32
48
10,889
本期综合收益总额
–
–
–
–
10,809
–
–
74,743
–
85,552
575
141
86,268
(三)所有者投入和减少的资本
–
–
–
–
–
–
–
–
–
–
–
(2,886)
(2,886)
1. 赎回永久债务资本
–
–
–
–
–
–
–
–
–
–
–
(2,886)
(2,886)
(四)利润分配
–
–
–
–
–
–
(120)
(51,589)
(49",600036.SH,招商银行,2025-06-30,2025,半年报,招商银行2025半年报,招商银行2025半年报.pdf,C:\Users\Administrator\Desktop\financial-poc\data\raw\pdf\招商银行2025半年报.pdf,,,,313,679,现金流量表,98,98,117,现金流量表
600036_SH_pdf_招商银行2025半年报_pdf_e6770b40_chunk_314,pdf,pdf,"86)
(2,886)
1. 赎回永久债务资本
–
–
–
–
–
–
–
–
–
–
–
(2,886)
(2,886)
(四)利润分配
–
–
–
–
–
–
(120)
(51,589)
(49,734)
(51,709)
(284)
(93)
(52,086)
1. 转回一般风险准备
–
–
–
–
–
–
(120)
120
–
–
–
–
–
2. 分配2023年度普通股股利
–
–
–
–
–
–
–
(49,734)
(49,734)
(49,734)
(284)
–
(50,018)
3. 分配永续债利息
–
–
–
–
–
–
–
(1,975)
–
(1,975)
–
–
(1,975)
4. 子公司永久债务资本分配
–
–
–
–
–
–
–
–
–
–
–
(93)
(93)
(五)所有者权益内部结转
–
–
–
–
(19)
–
–
19
–
–
–
–
–
其他综合收益结转留存收益
–
–
–
–
(19)
–
–
19
–
–
–
–
–
于2024年6月30日
25,220
27,468
122,978
65,432
27,472
108,737
14",600036.SH,招商银行,2025-06-30,2025,半年报,招商银行2025半年报,招商银行2025半年报.pdf,C:\Users\Administrator\Desktop\financial-poc\data\raw\pdf\招商银行2025半年报.pdf,,,,314,679,现金流量表,98,98,117,现金流量表
600036_SH_pdf_招商银行2025半年报_pdf_e6770b40_chunk_315,pdf,pdf,"他综合收益结转留存收益
–
–
–
–
(19)
–
–
19
–
–
–
–
–
于2024年6月30日
25,220
27,468
122,978
65,432
27,472
108,737
141,361
591,545
–
1,110,213
6,812
–
1,117,025
附注为财务报表的组成部分
财务报表由下列负责人签署:
缪建民
王良
彭家文
孙智华
法定代表人
行长兼首席执行官
副行长
财务会计部负责人
财务负责人
董事会秘书
101
第八章 财务报告
未经审计公司股东权益变动表
(除特别注明外,货币单位均以人民币百万元列示)
招商银行股份有限公司
2025年半年度报告(A股)
截至2025年6月30日止6个月期间
项目
附注
股本
其他权益工具
资本公积
其他
综合收益
盈余公积
一般
风险准备
未分配
利润
其中:
建议分配
股利
股东权益
合计
优先股
永续债
于2025年1月1日
25,220
27,468
152,978
76,076
36,808
122,652
142,486
559,397
50,440
1,143,085
本期增减变动金额
–
–",600036.SH,招商银行,2025-06-30,2025,半年报,招商银行2025半年报,招商银行2025半年报.pdf,C:\Users\Administrator\Desktop\financial-poc\data\raw\pdf\招商银行2025半年报.pdf,,,,315,679,现金流量表,98,98,117,现金流量表
600036_SH_pdf_招商银行2025半年报_pdf_e6770b40_chunk_316,pdf,pdf,"2025年1月1日
25,220
27,468
152,978
76,076
36,808
122,652
142,486
559,397
50,440
1,143,085
本期增减变动金额
–
–
47,000
(9)
(7,197)
–
–
14,807
(50,440)
54,601
(一)净利润
–
–
–
–
–
–
–
67,222
–
67,222
(二)其他综合收益
33
–
–
–
–
(7,197)
–
–
–
–
(7,197)
本期综合收益总额
–
–
–
–
(7,197)
–
–
67,222
–
60,025
(三)所有者投入和减少的资本
–
–
47,000
(9)
–
–
–
–
–
46,991
1. 发行永续债
32(b)
–
–
47,000
(9)
–
–
–
–
–
46,991
(四)利润分配
–
–
–
–
–
–
–
(52,415)
(50,440)
(52,415)
1. 分配2024年度普通股股利
34(a)
–
–
–
–
–
–
–
(50,440)
(50,440)
(50,440)
2. 分配永续债利息
–
–
–
–
–",600036.SH,招商银行,2025-06-30,2025,半年报,招商银行2025半年报,招商银行2025半年报.pdf,C:\Users\Administrator\Desktop\financial-poc\data\raw\pdf\招商银行2025半年报.pdf,,,,316,679,现金流量表,98,98,117,现金流量表
600036_SH_pdf_招商银行2025半年报_pdf_e6770b40_chunk_317,pdf,pdf,"0,440)
(52,415)
1. 分配2024年度普通股股利
34(a)
–
–
–
–
–
–
–
(50,440)
(50,440)
(50,440)
2. 分配永续债利息
–
–
–
–
–
–
–
(1,975)
–
(1,975)
于2025年6月30日
25,220
27,468
199,978
76,067
29,611
122,652
142,486
574,204
–
1,197,686
附注为财务报表的组成部分
102
第八章 财务报告
招商银行股份有限公司
2025年半年度报告(A股)
截至2024年6月30日止6个月期间
项目
附注
股本
其他权益工具
资本公积
其他
综合收益
盈余公积
一般
风险准备
未分配
利润
其中:
建议分配
股利
股东权益
合计
优先股
永续债
于2024年1月1日
25,220
27,468
122,978
76,079
14,725
108,737
129,085
502,902
49,734
1,007,194
本期增减变动金额
–
–
–
–
7,797
–
–
19,098
(49,734)
26,895
(一)净利润",600036.SH,招商银行,2025-06-30,2025,半年报,招商银行2025半年报,招商银行2025半年报.pdf,C:\Users\Administrator\Desktop\financial-poc\data\raw\pdf\招商银行2025半年报.pdf,,,,317,679,现金流量表,98,98,117,现金流量表
600036_SH_pdf_招商银行2025半年报_pdf_e6770b40_chunk_318,pdf,pdf,"5
108,737
129,085
502,902
49,734
1,007,194
本期增减变动金额
–
–
–
–
7,797
–
–
19,098
(49,734)
26,895
(一)净利润
–
–
–
–
–
–
–
70,807
–
70,807
(二)其他综合收益
33
–
–
–
–
7,797
–
–
–
–
7,797
本期综合收益总额
–
–
–
–
7,797
–
–
70,807
–
78,604
(三)利润分配
–
–
–
–
–
–
–
(51,709)
(49,734)
(51,709)
1. 分配2023年度普通股股利
–
–
–
–
–
–
–
(49,734)
(49,734)
(49,734)
2. 分配永续债利息
–
–
–
–
–
–
–
(1,975)
–
(1,975)
于2024年6月30日
25,220
27,468
122,978
76,079
22,522
108,737
129,085
522,000
–
1,034,089
附注为财务报表的组成部分
财务报表由下列负责人签署:
缪建民
王良
彭家文
孙智华
法定代表人
行长兼首",600036.SH,招商银行,2025-06-30,2025,半年报,招商银行2025半年报,招商银行2025半年报.pdf,C:\Users\Administrator\Desktop\financial-poc\data\raw\pdf\招商银行2025半年报.pdf,,,,318,679,现金流量表,98,98,117,现金流量表
600036_SH_pdf_招商银行2025半年报_pdf_e6770b40_chunk_319,pdf,pdf,",079
22,522
108,737
129,085
522,000
–
1,034,089
附注为财务报表的组成部分
财务报表由下列负责人签署:
缪建民
王良
彭家文
孙智华
法定代表人
行长兼首席执行官
副行长
财务会计部负责人
财务负责人
董事会秘书
103
第八章 财务报告
招商银行股份有限公司
2025年半年度报告(A股)
财务报表附注
截至2025年6月30日止6个月期间
(除特别注明外,货币单位均以人民币百万元列示)
1. 集团简介
招商银行股份有限公司(“本行”)是于中国深圳注册成立的商业银行。经中国证券监督管理委员会(“证监会”)批
准,本行A股于2002年4月9日在上海证券交易所上市。本行H股已于2006年9月22日在香港联合交易所有限公司
(“香港联交所”)的主板上市。
截至2025年6月30日止,本行除总行外在中国境内及香港、纽约、新加坡、卢森堡、伦敦、悉尼共设有51家分
行。另外,本行还在台北设有一家代表处。
本行及其子公司(“本集团”)的主要业务为提供公司及个人银行服务、从事资金业务,并提供资产管理及其他金
融服务。
2. 财务报表编制基础
本集团执行中华",600036.SH,招商银行,2025-06-30,2025,半年报,招商银行2025半年报,招商银行2025半年报.pdf,C:\Users\Administrator\Desktop\financial-poc\data\raw\pdf\招商银行2025半年报.pdf,,,,319,679,现金流量表,98,98,117,现金流量表
600036_SH_pdf_招商银行2025半年报_pdf_e6770b40_chunk_320,pdf,pdf,"51家分
行。另外,本行还在台北设有一家代表处。
本行及其子公司(“本集团”)的主要业务为提供公司及个人银行服务、从事资金业务,并提供资产管理及其他金
融服务。
2. 财务报表编制基础
本集团执行中华人民共和国财政部(以下简称“财政部”)颁布的企业会计准则及相关规定(以下简称“企业会计
准则”)。
此外,本集团还按照证监会颁布的《公开发行证券的公司信息披露内容与格式准则第3号—— 半年度报告的内容
与格式》
(2025年修订)披露要求编制和证监会发布的其他相关规定披露有关财务信息。
本集团以持续经营为基础编制财务报表。
3. 重要会计政策和会计估计
(a) 遵循企业会计准则的声明
本中期财务报表符合财政部颁布并生效的企业会计准则要求,真实、完整地反映了本集团及本行2025年6月30日
的合并和公司财务状况、自2025年1月1日至6月30日止期间的合并和公司经营成果及合并和公司现金流量。
(b) 重要会计政策
本中期财务报表根据财政部颁布的《企业会计准则第32号—— 中期财务报告》的要求列示,并不包括在年度财务
报表中列示的所有信息和披露内容。本中期财务报表应与本集团2024年度财务报表",600036.SH,招商银行,2025-06-30,2025,半年报,招商银行2025半年报,招商银行2025半年报.pdf,C:\Users\Administrator\Desktop\financial-poc\data\raw\pdf\招商银行2025半年报.pdf,,,,320,679,现金流量表,98,98,117,现金流量表
600036_SH_pdf_招商银行2025半年报_pdf_e6770b40_chunk_321,pdf,pdf,"b) 重要会计政策
本中期财务报表根据财政部颁布的《企业会计准则第32号—— 中期财务报告》的要求列示,并不包括在年度财务
报表中列示的所有信息和披露内容。本中期财务报表应与本集团2024年度财务报表一并阅读。
本中期财务报表采用的会计政策与2024年度财务报表所采用的会计政策一致。
(c)
重要会计估计和判断
编制本中期财务报表,管理层会对影响会计政策的应用和所呈报告的资产负债及收支的金额等作出系列合理的判
断、估计和假设。
编制本中期财务报表,管理层采用的重大会计估计和判断,与本集团在2024年度财务报表中采用的相同。
104
第八章 财务报告
招商银行股份有限公司
2025年半年度报告(A股)
4. 税项
本集团适用的税项及税率如下:
(a) 增值税
销项税金方面,贷款利息收入、手续费及佣金收入、投资收益等主要业务应税收入按6%税率计缴,部分其他业
务根据政策分别适用13%、9%等相应档次税率。进项税金方面,视购进货物、服务、不动产等具体种类适用相
应档次税率。
(b) 城市维护建设税
按增值税的1%~7%计缴。
(c)
教育费附加
按增值税的3%~5%计缴。
(d) 所得税
(",600036.SH,招商银行,2025-06-30,2025,半年报,招商银行2025半年报,招商银行2025半年报.pdf,C:\Users\Administrator\Desktop\financial-poc\data\raw\pdf\招商银行2025半年报.pdf,,,,321,679,现金流量表,98,98,117,现金流量表
600036_SH_pdf_招商银行2025半年报_pdf_e6770b40_chunk_322,pdf,pdf,"应档次税率。进项税金方面,视购进货物、服务、不动产等具体种类适用相
应档次税率。
(b) 城市维护建设税
按增值税的1%~7%计缴。
(c)
教育费附加
按增值税的3%~5%计缴。
(d) 所得税
(i)
本行于中华人民共和国境内的业务在2025年6月30日止6个月期间的所得税税率为25%(2024年6月30日
止6个月期间:25%)。
(ii)
香港及海外业务按所在地区适用的税率计提税费。
5. 存放中央银行款项
本集团
本行
2025年
6月30日
2024年
12月31日
2025年
6月30日
2024年
12月31日
法定存款准备金(注1)
471,281
507,018
470,939
506,490
超额存款准备金(注2)
57,793
30,335
49,186
28,574
缴存中央银行的其他款项(注3)
9,469
19,813
9,469
19,813
应计利息
223
277
223
277
合计
538,766
557,443
529,817
555,154
注1 :
法定存款准备金为按规定向中国人民银行以及海外监管机构缴存的存款准备金,此存款不可用于日常业务",600036.SH,招商银行,2025-06-30,2025,半年报,招商银行2025半年报,招商银行2025半年报.pdf,C:\Users\Administrator\Desktop\financial-poc\data\raw\pdf\招商银行2025半年报.pdf,,,,322,679,现金流量表,98,98,117,现金流量表
600036_SH_pdf_招商银行2025半年报_pdf_e6770b40_chunk_323,pdf,pdf,"3
277
223
277
合计
538,766
557,443
529,817
555,154
注1 :
法定存款准备金为按规定向中国人民银行以及海外监管机构缴存的存款准备金,此存款不可用于日常业务运作。于2025年6月30日,
本行境内机构按照中国人民银行规定的人民币存款及外币存款的缴存比率分别为5.5%及4%(2024年12月31日:人民币存款6%及外币
存款4%)。存款范围包括机关团体存款、零售存款、企业存款及委托业务负债项目轧减资产项目后的贷方余额以及境外金融机构存放于
本行的境外人民币存款。本集团境外机构的缴存按当地监管机构的规定执行。
注2 :
超额存款准备金为存放于中国人民银行以及境外中央银行用于资金清算的款项。
注3 :
缴存中央银行的其他款项系存放于中国人民银行的财政性存款以及外汇风险准备金。
105
第八章 财务报告
招商银行股份有限公司
2025年半年度报告(A股)
6. 存放同业和其他金融机构款项
本集团
本行
2025年
6月30日
2024年
12月31日
2025年
6月30日
2024年
12月31日
本金(a)
185,288
220,549
125",600036.SH,招商银行,2025-06-30,2025,半年报,招商银行2025半年报,招商银行2025半年报.pdf,C:\Users\Administrator\Desktop\financial-poc\data\raw\pdf\招商银行2025半年报.pdf,,,,323,679,现金流量表,98,98,117,现金流量表
600036_SH_pdf_招商银行2025半年报_pdf_e6770b40_chunk_324,pdf,pdf,"6. 存放同业和其他金融机构款项
本集团
本行
2025年
6月30日
2024年
12月31日
2025年
6月30日
2024年
12月31日
本金(a)
185,288
220,549
125,403
174,664
本金损失准备(a)(b)
(717)
(830)
(696)
(823)
小计
184,571
219,719
124,707
173,841
应计利息
508
512
16
18
合计
185,079
220,231
124,723
173,859
(a) 按交易对手性质分析
本集团
本行
2025年
6月30日
2024年
12月31日
2025年
6月30日
2024年
12月31日
境内
142,606
176,929
109,929
160,149
-同业
119,543
166,974
87,161
150,326
-其他金融机构
23,063
9,955
22,768
9,823
境外
42,682
43,620
15,474
14,515
-同业
41,967
43,042
15,179
14,256
-其他金融机构
715
578
295
259",600036.SH,招商银行,2025-06-30,2025,半年报,招商银行2025半年报,招商银行2025半年报.pdf,C:\Users\Administrator\Desktop\financial-poc\data\raw\pdf\招商银行2025半年报.pdf,,,,324,679,现金流量表,98,98,117,现金流量表
600036_SH_pdf_招商银行2025半年报_pdf_e6770b40_chunk_325,pdf,pdf,"22,768
9,823
境外
42,682
43,620
15,474
14,515
-同业
41,967
43,042
15,179
14,256
-其他金融机构
715
578
295
259
合计
185,288
220,549
125,403
174,664
减:损失准备
(717)
(830)
(696)
(823)
-同业
(624)
(776)
(603)
(769)
-其他金融机构
(93)
(54)
(93)
(54)
净额
184,571
219,719
124,707
173,841
(b) 损失准备变动情况
本集团
本行
2025年
2024年
2025年
2024年
于1月1日余额
830
223
823
204
本期/年计提/(转回)
(附注22)
(104)
607
(119)
619
汇率变动
(9)
–
(8)
–
于6月30日/12月31日余额
717
830
696
823
106
第八章 财务报告
招商银行股份有限公司
2025年半年度报告(A股)
7. 拆出资金
本集团
本行
2025年
6月30日
2024年
12月31日
2025年
6",600036.SH,招商银行,2025-06-30,2025,半年报,招商银行2025半年报,招商银行2025半年报.pdf,C:\Users\Administrator\Desktop\financial-poc\data\raw\pdf\招商银行2025半年报.pdf,,,,325,679,现金流量表,98,98,117,现金流量表
600036_SH_pdf_招商银行2025半年报_pdf_e6770b40_chunk_326,pdf,pdf,"7
830
696
823
106
第八章 财务报告
招商银行股份有限公司
2025年半年度报告(A股)
7. 拆出资金
本集团
本行
2025年
6月30日
2024年
12月31日
2025年
6月30日
2024年
12月31日
本金(a)
480,937
406,817
453,955
375,205
本金损失准备(a)(c)
(1,366)
(1,126)
(1,428)
(1,168)
小计
479,571
405,691
452,527
374,037
应计利息
3,376
3,264
2,860
2,493
合计
482,947
408,955
455,387
376,530
(a) 按交易对手性质分析
本集团
本行
2025年
6月30日
2024年
12月31日
2025年
6月30日
2024年
12月31日
境内
382,055
292,720
387,684
290,595
-同业
34,452
39,380
26,277
28,981
-其他金融机构
347,603
253,340
361,407
261,614
境外
98,882
114,097
66,2",600036.SH,招商银行,2025-06-30,2025,半年报,招商银行2025半年报,招商银行2025半年报.pdf,C:\Users\Administrator\Desktop\financial-poc\data\raw\pdf\招商银行2025半年报.pdf,,,,326,679,现金流量表,98,98,117,现金流量表
600036_SH_pdf_招商银行2025半年报_pdf_e6770b40_chunk_327,pdf,pdf,"0,595
-同业
34,452
39,380
26,277
28,981
-其他金融机构
347,603
253,340
361,407
261,614
境外
98,882
114,097
66,271
84,610
-同业
98,882
114,097
66,271
84,610
合计
480,937
406,817
453,955
375,205
减:损失准备
(1,366)
(1,126)
(1,428)
(1,168)
-同业
(299)
(216)
(295)
(216)
-其他金融机构
(1,067)
(910)
(1,133)
(952)
净额
479,571
405,691
452,527
374,037
107
第八章 财务报告
招商银行股份有限公司
2025年半年度报告(A股)
7. 拆出资金(续)
(b) 按剩余到期日分析
本集团
本行
2025年
6月30日
2024年
12月31日
2025年
6月30日
2024年
12月31日
结余于
-1个月内到期(含)
107,538
125,756
98,568
121,207
-超过1个月但在1年内到期(含)
3",600036.SH,招商银行,2025-06-30,2025,半年报,招商银行2025半年报,招商银行2025半年报.pdf,C:\Users\Administrator\Desktop\financial-poc\data\raw\pdf\招商银行2025半年报.pdf,,,,327,679,现金流量表,98,98,117,现金流量表
600036_SH_pdf_招商银行2025半年报_pdf_e6770b40_chunk_328,pdf,pdf,"24年
12月31日
2025年
6月30日
2024年
12月31日
结余于
-1个月内到期(含)
107,538
125,756
98,568
121,207
-超过1个月但在1年内到期(含)
366,130
264,359
347,955
237,566
-超过1年到期
5,903
15,576
6,004
15,264
合计
479,571
405,691
452,527
374,037
(c)
损失准备变动情况
本集团
本行
2025年
2024年
2025年
2024年
于1月1日余额
1,126
519
1,168
528
本期/年计提(附注22)
240
607
262
639
汇率变动
–
–
(2)
1
于6月30日/12月31日余额
1,366
1,126
1,428
1,168
8. 买入返售金融资产
本集团
本行
2025年
6月30日
2024年
12月31日
2025年
6月30日
2024年
12月31日
本金(a)
271,107
272,043
266,536
270,701
本金损失准备(a)(d)
(792)
(746)
(790)
(745)",600036.SH,招商银行,2025-06-30,2025,半年报,招商银行2025半年报,招商银行2025半年报.pdf,C:\Users\Administrator\Desktop\financial-poc\data\raw\pdf\招商银行2025半年报.pdf,,,,328,679,现金流量表,98,98,117,现金流量表
600036_SH_pdf_招商银行2025半年报_pdf_e6770b40_chunk_329,pdf,pdf,"2025年
6月30日
2024年
12月31日
本金(a)
271,107
272,043
266,536
270,701
本金损失准备(a)(d)
(792)
(746)
(790)
(745)
小计
270,315
271,297
265,746
269,956
应计利息
45
32
39
31
合计
270,360
271,329
265,785
269,987
108
第八章 财务报告
招商银行股份有限公司
2025年半年度报告(A股)
8. 买入返售金融资产(续)
(a) 按交易对手性质分析
本集团
本行
2025年
6月30日
2024年
12月31日
2025年
6月30日
2024年
12月31日
境内
268,328
271,387
264,618
270,701
-同业
27,150
53,048
26,922
52,391
-其他金融机构
241,178
218,339
237,696
218,310
境外
2,779
656
1,918
–
-同业
1,941
72
1,918
–
-其他金融机构
838
584
–
–
合计
271,107
272,043",600036.SH,招商银行,2025-06-30,2025,半年报,招商银行2025半年报,招商银行2025半年报.pdf,C:\Users\Administrator\Desktop\financial-poc\data\raw\pdf\招商银行2025半年报.pdf,,,,329,679,现金流量表,98,98,117,现金流量表
600036_SH_pdf_招商银行2025半年报_pdf_e6770b40_chunk_330,pdf,pdf,"39
237,696
218,310
境外
2,779
656
1,918
–
-同业
1,941
72
1,918
–
-其他金融机构
838
584
–
–
合计
271,107
272,043
266,536
270,701
减:损失准备
(792)
(746)
(790)
(745)
-同业
(173)
(176)
(172)
(176)
-其他金融机构
(619)
(570)
(618)
(569)
净额
270,315
271,297
265,746
269,956
(b) 按剩余到期日分析
本集团
本行
2025年
6月30日
2024年
12月31日
2025年
6月30日
2024年
12月31日
结余于
-1个月内到期(含)
269,958
271,297
265,389
269,956
-超过1个月但在1年内到期(含)
357
–
357
–
合计
270,315
271,297
265,746
269,956
109
第八章 财务报告
招商银行股份有限公司
2025年半年度报告(A股)
8. 买入返售金融资产(续)
(c)
按资产类型分析
本集团
本行
2025",600036.SH,招商银行,2025-06-30,2025,半年报,招商银行2025半年报,招商银行2025半年报.pdf,C:\Users\Administrator\Desktop\financial-poc\data\raw\pdf\招商银行2025半年报.pdf,,,,330,679,现金流量表,98,98,117,现金流量表
600036_SH_pdf_招商银行2025半年报_pdf_e6770b40_chunk_331,pdf,pdf,"71,297
265,746
269,956
109
第八章 财务报告
招商银行股份有限公司
2025年半年度报告(A股)
8. 买入返售金融资产(续)
(c)
按资产类型分析
本集团
本行
2025年
6月30日
2024年
12月31日
2025年
6月30日
2024年
12月31日
债券
265,336
257,549
260,767
256,208
票据
4,979
13,748
4,979
13,748
合计
270,315
271,297
265,746
269,956
(d) 损失准备变动情况
本集团
本行
2025年
2024年
2025年
2024年
于1月1日余额
746
589
745
589
本期/年计提(附注22)
46
157
45
156
于6月30日/12月31日余额
792
746
790
745
110
第八章 财务报告
招商银行股份有限公司
2025年半年度报告(A股)
9. 贷款和垫款
(a) 贷款和垫款分类
本集团
本行
2025年
6月30日
2024年
12月31日
2025年
6月30日
2024年
12月31日
以摊余成本计量的贷款和",600036.SH,招商银行,2025-06-30,2025,半年报,招商银行2025半年报,招商银行2025半年报.pdf,C:\Users\Administrator\Desktop\financial-poc\data\raw\pdf\招商银行2025半年报.pdf,,,,331,679,现金流量表,98,98,117,现金流量表
600036_SH_pdf_招商银行2025半年报_pdf_e6770b40_chunk_332,pdf,pdf,"年半年度报告(A股)
9. 贷款和垫款
(a) 贷款和垫款分类
本集团
本行
2025年
6月30日
2024年
12月31日
2025年
6月30日
2024年
12月31日
以摊余成本计量的贷款和垫款总额(i)
6,500,587
6,300,863
6,143,199
5,960,891
以摊余成本计量的贷款和垫款应计利息
9,684
10,565
7,927
8,738
小计
6,510,271
6,311,428
6,151,126
5,969,629
以摊余成本计量的贷款和垫款损失准备(i)
(270,752)
(265,365)
(259,731)
(254,949)
以摊余成本计量的贷款和垫款应计利息损失准备
(982)
(982)
(871)
(840)
小计
(271,734)
(266,347)
(260,602)
(255,789)
以摊余成本计量的贷款和垫款
6,238,537
6,045,081
5,890,524
5,713,840
以公允价值计量且其变动计入
其他综合收益的贷款和垫款(ii)
550,282
551,692
549,983
551,134",600036.SH,招商银行,2025-06-30,2025,半年报,招商银行2025半年报,招商银行2025半年报.pdf,C:\Users\Administrator\Desktop\financial-poc\data\raw\pdf\招商银行2025半年报.pdf,,,,332,679,现金流量表,98,98,117,现金流量表
600036_SH_pdf_招商银行2025半年报_pdf_e6770b40_chunk_333,pdf,pdf,"238,537
6,045,081
5,890,524
5,713,840
以公允价值计量且其变动计入
其他综合收益的贷款和垫款(ii)
550,282
551,692
549,983
551,134
以公允价值计量且其变动计入
当期损益的贷款和垫款(iii)
65,772
35,775
65,708
35,710
合计
6,854,591
6,632,548
6,506,215
6,300,684
(i)
以摊余成本计量的贷款和垫款
本集团
本行
2025年
6月30日
2024年
12月31日
2025年
6月30日
2024年
12月31日
公司贷款和垫款
2,822,158
2,656,238
2,531,550
2,382,972
零售贷款和垫款
3,678,188
3,644,625
3,611,408
3,577,919
票据贴现
241
–
241
–
-商业承兑汇票
241
–
241
–
以摊余成本计量的贷款和垫款总额
6,500,587
6,300,863
6,143,199
5,960,891
减:损失准备
(270,752)
(265,365)
(259,73",600036.SH,招商银行,2025-06-30,2025,半年报,招商银行2025半年报,招商银行2025半年报.pdf,C:\Users\Administrator\Desktop\financial-poc\data\raw\pdf\招商银行2025半年报.pdf,,,,333,679,现金流量表,98,98,117,现金流量表
600036_SH_pdf_招商银行2025半年报_pdf_e6770b40_chunk_334,pdf,pdf,"1
–
241
–
以摊余成本计量的贷款和垫款总额
6,500,587
6,300,863
6,143,199
5,960,891
减:损失准备
(270,752)
(265,365)
(259,731)
(254,949)
-阶段一(12个月预期信用损失)
(149,301)
(152,598)
(145,453)
(149,313)
-阶段二(整个存续期预期信用损失
-未减值)
(64,734)
(56,926)
(60,923)
(52,965)
-阶段三(整个存续期预期信用损失
-已减值)
(56,717)
(55,841)
(53,355)
(52,671)
以摊余成本计量的贷款和垫款净额
6,229,835
6,035,498
5,883,468
5,705,942
111
第八章 财务报告
招商银行股份有限公司
2025年半年度报告(A股)
9. 贷款和垫款(续)
(a) 贷款和垫款分类(续)
(ii)
以公允价值计量且其变动计入其他综合收益的贷款和垫款
本集团
本行
2025年
6月30日
2024年
12月31日
2025年
6月30日
2024年
12月31日
公司",600036.SH,招商银行,2025-06-30,2025,半年报,招商银行2025半年报,招商银行2025半年报.pdf,C:\Users\Administrator\Desktop\financial-poc\data\raw\pdf\招商银行2025半年报.pdf,,,,334,679,现金流量表,98,98,117,现金流量表
600036_SH_pdf_招商银行2025半年报_pdf_e6770b40_chunk_335,pdf,pdf,"款和垫款分类(续)
(ii)
以公允价值计量且其变动计入其他综合收益的贷款和垫款
本集团
本行
2025年
6月30日
2024年
12月31日
2025年
6月30日
2024年
12月31日
公司贷款和垫款
265,998
206,343
265,699
206,343
票据贴现
284,284
345,349
284,284
344,791
-银行承兑汇票
270,290
280,588
270,290
280,472
-商业承兑汇票
13,994
64,761
13,994
64,319
以公允价值计量且其变动计入
其他综合收益的贷款和垫款
550,282
551,692
549,983
551,134
损失准备
(1,981)
(4,936)
(1,973)
(4,936)
-阶段一(12个月预期信用损失)
(1,971)
(4,515)
(1,963)
(4,515)
-阶段二(整个存续期预期信用损失-未减值)
(10)
(421)
(10)
(421)
-阶段三(整个存续期预期信用损失-已减值)
–
–
–
–
以公允价值计量且其变动计入其他综合收益的贷款和垫款,其账面金",600036.SH,招商银行,2025-06-30,2025,半年报,招商银行2025半年报,招商银行2025半年报.pdf,C:\Users\Administrator\Desktop\financial-poc\data\raw\pdf\招商银行2025半年报.pdf,,,,335,679,现金流量表,98,98,117,现金流量表
600036_SH_pdf_招商银行2025半年报_pdf_e6770b40_chunk_336,pdf,pdf,"(整个存续期预期信用损失-未减值)
(10)
(421)
(10)
(421)
-阶段三(整个存续期预期信用损失-已减值)
–
–
–
–
以公允价值计量且其变动计入其他综合收益的贷款和垫款,其账面金额以公允价值计量,不扣除损失准备。
(iii)
以公允价值计量且其变动计入当期损益的贷款和垫款
本集团
本行
2025年
6月30日
2024年
12月31日
2025年
6月30日
2024年
12月31日
公司贷款和垫款
1,535
1,159
1,471
1,094
票据贴现
64,212
34,601
64,212
34,601
-银行承兑汇票
47,371
15,446
47,371
15,446
-商业承兑汇票
16,841
19,155
16,841
19,155
应计利息
25
15
25
15
合计
65,772
35,775
65,708
35,710
112
第八章 财务报告
招商银行股份有限公司
2025年半年度报告(A股)
9. 贷款和垫款(续)
(b) 贷款和垫款分析
(i)
按行业和品种
本集团
2025年6月30日
2024年12月31日
金额
%
金额
%",600036.SH,招商银行,2025-06-30,2025,半年报,招商银行2025半年报,招商银行2025半年报.pdf,C:\Users\Administrator\Desktop\financial-poc\data\raw\pdf\招商银行2025半年报.pdf,,,,336,679,现金流量表,98,98,117,现金流量表
600036_SH_pdf_招商银行2025半年报_pdf_e6770b40_chunk_337,pdf,pdf,"报告
招商银行股份有限公司
2025年半年度报告(A股)
9. 贷款和垫款(续)
(b) 贷款和垫款分析
(i)
按行业和品种
本集团
2025年6月30日
2024年12月31日
金额
%
金额
%
制造业
722,023
23
669,630
23
交通运输、仓储和邮政业
563,391
18
542,095
19
电力、热力、燃气及水生产和供应业
388,201
13
343,256
12
房地产业
311,554
10
318,551
11
批发和零售业
250,248
8
227,711
8
租赁和商务服务业
227,661
7
194,492
7
信息传输、软件和信息技术服务业
161,196
5
135,017
5
金融业
139,860
5
140,264
5
建筑业
127,144
4
107,966
4
采矿业
59,628
2
51,967
2
水利、环境和公共设施管理业
37,939
1
37,779
1
其他
100,846
4
95,012
3
公司贷款和垫款小计
3,089,691
100
2,863,740
100
票据贴现
348,737
100
37",600036.SH,招商银行,2025-06-30,2025,半年报,招商银行2025半年报,招商银行2025半年报.pdf,C:\Users\Administrator\Desktop\financial-poc\data\raw\pdf\招商银行2025半年报.pdf,,,,337,679,现金流量表,98,98,117,现金流量表
600036_SH_pdf_招商银行2025半年报_pdf_e6770b40_chunk_338,pdf,pdf,"理业
37,939
1
37,779
1
其他
100,846
4
95,012
3
公司贷款和垫款小计
3,089,691
100
2,863,740
100
票据贴现
348,737
100
379,950
100
个人住房贷款
1,438,379
39
1,417,450
39
信用卡贷款
924,489
25
947,843
26
小微贷款
843,644
23
825,443
23
消费贷款
416,288
11
396,161
10
其他
55,388
2
57,728
2
零售贷款和垫款小计
3,678,188
100
3,644,625
100
贷款和垫款总额
7,116,616
100
6,888,315
100
113
第八章 财务报告
招商银行股份有限公司
2025年半年度报告(A股)
9. 贷款和垫款(续)
(b) 贷款和垫款分析(续)
(i)
按行业和品种(续)
本行
2025年6月30日
2024年12月31日
金额
%
金额
%
制造业
691,308
25
641,476
25
交通运输、仓储和邮政业
488,409
17
465,129
18
电力、热",600036.SH,招商银行,2025-06-30,2025,半年报,招商银行2025半年报,招商银行2025半年报.pdf,C:\Users\Administrator\Desktop\financial-poc\data\raw\pdf\招商银行2025半年报.pdf,,,,338,679,现金流量表,98,98,117,现金流量表
600036_SH_pdf_招商银行2025半年报_pdf_e6770b40_chunk_339,pdf,pdf,"本行
2025年6月30日
2024年12月31日
金额
%
金额
%
制造业
691,308
25
641,476
25
交通运输、仓储和邮政业
488,409
17
465,129
18
电力、热力、燃气及水生产和供应业
308,923
11
280,675
11
房地产业
280,305
10
286,365
11
批发和零售业
245,051
9
223,739
9
租赁和商务服务业
214,868
8
181,427
7
信息传输、软件和信息技术服务业
145,206
5
122,375
5
建筑业
126,148
5
106,744
4
金融业
114,217
4
112,367
4
采矿业
58,131
2
50,494
2
水利、环境和公共设施管理业
33,942
1
32,658
1
其他
92,212
3
86,960
3
公司贷款和垫款小计
2,798,720
100
2,590,409
100
票据贴现
348,737
100
379,392
100
个人住房贷款
1,423,859
39
1,403,755
39
信用卡贷款
924,373
26
947,70",600036.SH,招商银行,2025-06-30,2025,半年报,招商银行2025半年报,招商银行2025半年报.pdf,C:\Users\Administrator\Desktop\financial-poc\data\raw\pdf\招商银行2025半年报.pdf,,,,339,679,现金流量表,98,98,117,现金流量表
600036_SH_pdf_招商银行2025半年报_pdf_e6770b40_chunk_340,pdf,pdf,"2,590,409
100
票据贴现
348,737
100
379,392
100
个人住房贷款
1,423,859
39
1,403,755
39
信用卡贷款
924,373
26
947,709
26
小微贷款
841,751
23
823,893
23
消费贷款
416,288
11
396,161
11
其他
5,137
1
6,401
1
零售贷款和垫款小计
3,611,408
100
3,577,919
100
贷款和垫款总额
6,758,865
100
6,547,720
100
114
第八章 财务报告
招商银行股份有限公司
2025年半年度报告(A股)
9. 贷款和垫款(续)
(b) 贷款和垫款分析(续)
(ii)
按地区
本集团
2025年6月30日
2024年12月31日
金额
%
金额
%
总行
990,965
14
982,386
14
长江三角洲地区
1,600,785
22
1,544,721
22
环渤海地区
1,042,978
15
998,754
15
珠江三角洲及海西地区
1,330,307
19
1,256,355
18
东北地区
171,4",600036.SH,招商银行,2025-06-30,2025,半年报,招商银行2025半年报,招商银行2025半年报.pdf,C:\Users\Administrator\Desktop\financial-poc\data\raw\pdf\招商银行2025半年报.pdf,,,,340,679,现金流量表,98,98,117,现金流量表
600036_SH_pdf_招商银行2025半年报_pdf_e6770b40_chunk_341,pdf,pdf,"00,785
22
1,544,721
22
环渤海地区
1,042,978
15
998,754
15
珠江三角洲及海西地区
1,330,307
19
1,256,355
18
东北地区
171,400
2
173,569
3
中部地区
763,018
11
740,872
11
西部地区
762,134
11
753,564
11
境外
82,744
1
81,575
1
附属机构
372,285
5
356,519
5
贷款和垫款总额
7,116,616
100
6,888,315
100
本行
2025年6月30日
2024年12月31日
金额
%
金额
%
总行
990,965
15
982,386
15
长江三角洲地区
1,606,572
24
1,550,581
24
环渤海地区
1,042,978
15
998,754
15
珠江三角洲及海西地区
1,330,307
20
1,256,355
19
东北地区
171,400
3
173,569
3
中部地区
763,018
11
740,872
11
西部地区
762,134
11
753,564
12
境外
91,49",600036.SH,招商银行,2025-06-30,2025,半年报,招商银行2025半年报,招商银行2025半年报.pdf,C:\Users\Administrator\Desktop\financial-poc\data\raw\pdf\招商银行2025半年报.pdf,,,,341,679,现金流量表,98,98,117,现金流量表
600036_SH_pdf_招商银行2025半年报_pdf_e6770b40_chunk_342,pdf,pdf,"1,256,355
19
东北地区
171,400
3
173,569
3
中部地区
763,018
11
740,872
11
西部地区
762,134
11
753,564
12
境外
91,491
1
91,639
1
贷款和垫款总额
6,758,865
100
6,547,720
100
115
第八章 财务报告
招商银行股份有限公司
2025年半年度报告(A股)
9. 贷款和垫款(续)
(b) 贷款和垫款分析(续)
(iii)
按担保方式
本集团
本行
2025年
6月30日
2024年
12月31日
2025年
6月30日
2024年
12月31日
信用贷款
2,890,892
2,800,227
2,771,372
2,680,612
保证贷款
962,204
872,494
894,907
808,861
抵押贷款
2,441,416
2,381,108
2,408,245
2,346,976
质押贷款
473,367
454,536
335,604
331,879
小计
6,767,879
6,508,365
6,410,128
6,168,328
票据贴现
348,",600036.SH,招商银行,2025-06-30,2025,半年报,招商银行2025半年报,招商银行2025半年报.pdf,C:\Users\Administrator\Desktop\financial-poc\data\raw\pdf\招商银行2025半年报.pdf,,,,342,679,现金流量表,98,98,117,现金流量表
600036_SH_pdf_招商银行2025半年报_pdf_e6770b40_chunk_343,pdf,pdf,"2,346,976
质押贷款
473,367
454,536
335,604
331,879
小计
6,767,879
6,508,365
6,410,128
6,168,328
票据贴现
348,737
379,950
348,737
379,392
贷款和垫款总额
7,116,616
6,888,315
6,758,865
6,547,720
(iv)
按逾期期限
本集团
2025年6月30日
逾期
3个月
以内(含)
逾期
3个月以上
至1年(含)
逾期1年
以上至
3年以内(含)
逾期
3年以上
合计
信用贷款
26,209
16,007
3,112
2,359
47,687
保证贷款
2,990
2,748
8,015
2,226
15,979
抵押贷款
11,695
7,039
6,284
1,652
26,670
质押贷款
4,182
1,545
431
590
6,748
贷款和垫款总额
45,076
27,339
17,842
6,827
97,084
本集团
2024年12月31日
逾期
3个月
以内(含)
逾期
3个月以上
至1年(含)
逾期1年
以上至
3年以",600036.SH,招商银行,2025-06-30,2025,半年报,招商银行2025半年报,招商银行2025半年报.pdf,C:\Users\Administrator\Desktop\financial-poc\data\raw\pdf\招商银行2025半年报.pdf,,,,343,679,现金流量表,98,98,117,现金流量表
600036_SH_pdf_招商银行2025半年报_pdf_e6770b40_chunk_344,pdf,pdf,"贷款和垫款总额
45,076
27,339
17,842
6,827
97,084
本集团
2024年12月31日
逾期
3个月
以内(含)
逾期
3个月以上
至1年(含)
逾期1年
以上至
3年以内(含)
逾期
3年以上
合计
信用贷款
29,777
15,187
2,741
1,421
49,126
保证贷款
1,079
2,575
7,418
2,966
14,038
抵押贷款
8,562
7,190
6,857
1,331
23,940
质押贷款
2,810
249
501
1,211
4,771
贷款和垫款总额
42,228
25,201
17,517
6,929
91,875
116
第八章 财务报告
招商银行股份有限公司
2025年半年度报告(A股)
9. 贷款和垫款(续)
(b) 贷款和垫款分析(续)
(iv)
按逾期期限(续)
本行
2025年6月30日
逾期
3个月
以内(含)
逾期
3个月以上
至1年(含)
逾期1年
以上至
3年以内(含)
逾期
3年以上
合计
信用贷款
26,094
15,781
3,048
2,272
47,195
保证贷款
2,309
2",600036.SH,招商银行,2025-06-30,2025,半年报,招商银行2025半年报,招商银行2025半年报.pdf,C:\Users\Administrator\Desktop\financial-poc\data\raw\pdf\招商银行2025半年报.pdf,,,,344,679,现金流量表,98,98,117,现金流量表
600036_SH_pdf_招商银行2025半年报_pdf_e6770b40_chunk_345,pdf,pdf,"以内(含)
逾期
3个月以上
至1年(含)
逾期1年
以上至
3年以内(含)
逾期
3年以上
合计
信用贷款
26,094
15,781
3,048
2,272
47,195
保证贷款
2,309
2,734
7,352
2,226
14,621
抵押贷款
10,961
6,902
5,971
1,651
25,485
质押贷款
1,073
1,356
141
402
2,972
贷款和垫款总额
40,437
26,773
16,512
6,551
90,273
本行
2024年12月31日
逾期
3个月
以内(含)
逾期
3个月以上
至1年(含)
逾期1年
以上至
3年以内(含)
逾期
3年以上
合计
信用贷款
29,446
15,181
2,670
1,331
48,628
保证贷款
1,078
2,573
6,403
2,964
13,018
抵押贷款
8,219
6,307
6,579
1,330
22,435
质押贷款
1,295
136
125
1,029
2,585
贷款和垫款总额
40,038
24,197
15,777
6,654
86,666
注:
贷款本金或利息逾",600036.SH,招商银行,2025-06-30,2025,半年报,招商银行2025半年报,招商银行2025半年报.pdf,C:\Users\Administrator\Desktop\financial-poc\data\raw\pdf\招商银行2025半年报.pdf,,,,345,679,现金流量表,98,98,117,现金流量表
600036_SH_pdf_招商银行2025半年报_pdf_e6770b40_chunk_346,pdf,pdf,"79
1,330
22,435
质押贷款
1,295
136
125
1,029
2,585
贷款和垫款总额
40,038
24,197
15,777
6,654
86,666
注:
贷款本金或利息逾期超过1天即为逾期。",600036.SH,招商银行,2025-06-30,2025,半年报,招商银行2025半年报,招商银行2025半年报.pdf,C:\Users\Administrator\Desktop\financial-poc\data\raw\pdf\招商银行2025半年报.pdf,,,,346,679,现金流量表,98,98,117,现金流量表
600036_SH_pdf_招商银行2025半年报_pdf_e6770b40_chunk_347,pdf,pdf,"上述逾期贷款和垫款中,于资产负债表日已逾期未减值贷款和垫款中抵/质押贷款和垫款为:
本集团
本行
2025年
6月30日
2024年
12月31日
2025年
6月30日
2024年
12月31日
已逾期未减值抵押贷款
10,185
7,170
9,928
6,834
已逾期未减值质押贷款
3,117
1,542
6
27
合计
13,302
8,712
9,934
6,861
117
第八章 财务报告
招商银行股份有限公司
2025年半年度报告(A股)
9. 贷款和垫款(续)
(b) 贷款和垫款分析(续)
(v)
按预期信用损失的评估方式
本集团
2025年6月30日
阶段一
(12个月预期
信用损失)
阶段二
(整个存续期
预期信用损失
-未减值)
阶段三
(整个存续期
预期信用损失
-已减值)
合计
以摊余成本计量的贷款和垫款总额
6,183,585
250,641
66,361
6,500,587
减:以摊余成本计量的贷款和垫款损失准备
(149,301)
(64,734)
(56,717)
(270,752)
以摊余成本计量的贷款和垫款净额
6,034,284
185,907",600036.SH,招商银行,2025-06-30,2025,半年报,招商银行2025半年报,招商银行2025半年报.pdf,C:\Users\Administrator\Desktop\financial-poc\data\raw\pdf\招商银行2025半年报.pdf,,,,347,679,资产负债表,117,117,175,资产负债表
600036_SH_pdf_招商银行2025半年报_pdf_e6770b40_chunk_348,pdf,pdf,",500,587
减:以摊余成本计量的贷款和垫款损失准备
(149,301)
(64,734)
(56,717)
(270,752)
以摊余成本计量的贷款和垫款净额
6,034,284
185,907
9,644
6,229,835
以公允价值计量且其变动计入
其他综合收益的贷款和垫款
548,955
1,327
–
550,282
以公允价值计量且其变动计入
其他综合收益的贷款和垫款损失准备
(1,971)
(10)
–
(1,981)
本集团
2024年12月31日
阶段一
(12个月预期
信用损失)
阶段二
(整个存续期
预期信用损失
-未减值)
阶段三
(整个存续期
预期信用损失
-已减值)
合计
以摊余成本计量的贷款和垫款总额
6,030,395
204,858
65,610
6,300,863
减:以摊余成本计量的贷款和垫款损失准备
(152,598)
(56,926)
(55,841)
(265,365)
以摊余成本计量的贷款和垫款净额
5,877,797
147,932
9,769
6,035,498
以公允价值计量且其变动计入
其他综合收益的贷款和垫款
550,089",600036.SH,招商银行,2025-06-30,2025,半年报,招商银行2025半年报,招商银行2025半年报.pdf,C:\Users\Administrator\Desktop\financial-poc\data\raw\pdf\招商银行2025半年报.pdf,,,,348,679,资产负债表,117,117,175,资产负债表
600036_SH_pdf_招商银行2025半年报_pdf_e6770b40_chunk_349,pdf,pdf,",841)
(265,365)
以摊余成本计量的贷款和垫款净额
5,877,797
147,932
9,769
6,035,498
以公允价值计量且其变动计入
其他综合收益的贷款和垫款
550,089
1,603
–
551,692
以公允价值计量且其变动计入
其他综合收益的贷款和垫款损失准备
(4,515)
(421)
–
(4,936)
118
第八章 财务报告
招商银行股份有限公司
2025年半年度报告(A股)
9. 贷款和垫款(续)
(b) 贷款和垫款分析(续)
(v)
按预期信用损失的评估方式(续)
本行
2025年6月30日
阶段一
(12个月预期
信用损失)
阶段二
(整个存续期
预期信用损失
-未减值)
阶段三
(整个存续期
预期信用损失
-已减值)
合计
以摊余成本计量的贷款和垫款总额
5,845,166
236,119
61,914
6,143,199
减:以摊余成本计量的贷款和垫款损失准备
(145,453)
(60,923)
(53,355)
(259,731)
以摊余成本计量的贷款和垫款净额
5,699,713
175,196
8,559
5,883,468",600036.SH,招商银行,2025-06-30,2025,半年报,招商银行2025半年报,招商银行2025半年报.pdf,C:\Users\Administrator\Desktop\financial-poc\data\raw\pdf\招商银行2025半年报.pdf,,,,349,679,资产负债表,117,117,175,资产负债表
600036_SH_pdf_招商银行2025半年报_pdf_e6770b40_chunk_350,pdf,pdf,"量的贷款和垫款损失准备
(145,453)
(60,923)
(53,355)
(259,731)
以摊余成本计量的贷款和垫款净额
5,699,713
175,196
8,559
5,883,468
以公允价值计量且其变动计入
其他综合收益的贷款和垫款
548,656
1,327
–
549,983
以公允价值计量且其变动计入
其他综合收益的贷款和垫款损失准备
(1,963)
(10)
–
(1,973)
本行
2024年12月31日
阶段一
(12个月预期
信用损失)
阶段二
(整个存续期
预期信用损失
-未减值)
阶段三
(整个存续期
预期信用损失
-已减值)
合计
以摊余成本计量的贷款和垫款总额
5,707,700
192,074
61,117
5,960,891
减:以摊余成本计量的贷款和垫款损失准备
(149,313)
(52,965)
(52,671)
(254,949)
以摊余成本计量的贷款和垫款净额
5,558,387
139,109
8,446
5,705,942
以公允价值计量且其变动计入
其他综合收益的贷款和垫款
549,531
1,603
–
551,134
以",600036.SH,招商银行,2025-06-30,2025,半年报,招商银行2025半年报,招商银行2025半年报.pdf,C:\Users\Administrator\Desktop\financial-poc\data\raw\pdf\招商银行2025半年报.pdf,,,,350,679,资产负债表,117,117,175,资产负债表
600036_SH_pdf_招商银行2025半年报_pdf_e6770b40_chunk_351,pdf,pdf,"余成本计量的贷款和垫款净额
5,558,387
139,109
8,446
5,705,942
以公允价值计量且其变动计入
其他综合收益的贷款和垫款
549,531
1,603
–
551,134
以公允价值计量且其变动计入
其他综合收益的贷款和垫款损失准备
(4,515)
(421)
–
(4,936)
119
第八章 财务报告
招商银行股份有限公司
2025年半年度报告(A股)
9. 贷款和垫款(续)
(c)
贷款和垫款损失准备变动表
以摊余成本计量的贷款和垫款损失准备变动情况列示如下:
本集团
2025年
阶段一
(12个月预期
信用损失)
阶段二
(整个存续期
预期信用损失
-未减值)
阶段三
(整个存续期
预期信用损失
-已减值)
合计
于1月1日余额
152,598
56,926
55,841
265,365
转移:
-至阶段一
4,004
(3,958)
(46)
–
-至阶段二
(7,315)
7,586
(271)
–
-至阶段三
(764)
(6,756)
7,520
–
本期计提(附注42)
898
11,008
14,390
26,296
本期核销/处置
–
–",600036.SH,招商银行,2025-06-30,2025,半年报,招商银行2025半年报,招商银行2025半年报.pdf,C:\Users\Administrator\Desktop\financial-poc\data\raw\pdf\招商银行2025半年报.pdf,,,,351,679,资产负债表,117,117,175,资产负债表
600036_SH_pdf_招商银行2025半年报_pdf_e6770b40_chunk_352,pdf,pdf,"段二
(7,315)
7,586
(271)
–
-至阶段三
(764)
(6,756)
7,520
–
本期计提(附注42)
898
11,008
14,390
26,296
本期核销/处置
–
–
(26,054)
(26,054)
收回已核销的贷款和垫款
–
–
5,514
5,514
汇率及其他变动
(120)
(72)
(177)
(369)
于6月30日余额
149,301
64,734
56,717
270,752
本集团
2024年
阶段一
(12个月预期
信用损失)
阶段二
(整个存续期
预期信用损失
-未减值)
阶段三
(整个存续期
预期信用损失
-已减值)
合计
于1月1日余额
165,866
47,729
53,210
266,805
转移:
-至阶段一
8,028
(7,877)
(151)
–
-至阶段二
(6,417)
6,817
(400)
–
-至阶段三
(1,688)
(9,413)
11,101
–
本年(转回)/计提
(13,314)
19,624
35,090
41,400
本年核销/处置
–
–
(53,154)
(53,154)
收回已核销",600036.SH,招商银行,2025-06-30,2025,半年报,招商银行2025半年报,招商银行2025半年报.pdf,C:\Users\Administrator\Desktop\financial-poc\data\raw\pdf\招商银行2025半年报.pdf,,,,352,679,资产负债表,117,117,175,资产负债表
600036_SH_pdf_招商银行2025半年报_pdf_e6770b40_chunk_353,pdf,pdf,"(1,688)
(9,413)
11,101
–
本年(转回)/计提
(13,314)
19,624
35,090
41,400
本年核销/处置
–
–
(53,154)
(53,154)
收回已核销的贷款和垫款
–
–
10,274
10,274
汇率及其他变动
123
46
(129)
40
于12月31日余额
152,598
56,926
55,841
265,365
120
第八章 财务报告
招商银行股份有限公司
2025年半年度报告(A股)
9. 贷款和垫款(续)
(c)
贷款和垫款损失准备变动表(续)
以摊余成本计量的贷款和垫款损失准备变动情况列示如下:
(续)
本行
2025年
阶段一
(12个月预期
信用损失)
阶段二
(整个存续期
预期信用损失
-未减值)
阶段三
(整个存续期
预期信用损失
-已减值)
合计
于1月1日余额
149,313
52,965
52,671
254,949
转移:
-至阶段一
3,642
(3,598)
(44)
–
-至阶段二
(7,204)
7,475
(271)
–
-至阶段三
(763)
(6,751)
7,514
–
本期计提(附",600036.SH,招商银行,2025-06-30,2025,半年报,招商银行2025半年报,招商银行2025半年报.pdf,C:\Users\Administrator\Desktop\financial-poc\data\raw\pdf\招商银行2025半年报.pdf,,,,353,679,资产负债表,117,117,175,资产负债表
600036_SH_pdf_招商银行2025半年报_pdf_e6770b40_chunk_354,pdf,pdf,"54,949
转移:
-至阶段一
3,642
(3,598)
(44)
–
-至阶段二
(7,204)
7,475
(271)
–
-至阶段三
(763)
(6,751)
7,514
–
本期计提(附注42)
563
10,857
13,997
25,417
本期核销/处置
–
–
(25,794)
(25,794)
收回已核销的贷款和垫款
–
–
5,382
5,382
汇率及其他变动
(98)
(25)
(100)
(223)
于6月30日余额
145,453
60,923
53,355
259,731
本行
2024年
阶段一
(12个月预期
信用损失)
阶段二
(整个存续期
预期信用损失
-未减值)
阶段三
(整个存续期
预期信用损失
-已减值)
合计
于1月1日余额
162,658
45,473
50,542
258,673
转移:
-至阶段一
7,748
(7,597)
(151)
–
-至阶段二
(6,264)
6,664
(400)
–
-至阶段三
(1,688)
(9,363)
11,051
–
本年(转回)/计提
(13,248)
17,766
33,351
37,",600036.SH,招商银行,2025-06-30,2025,半年报,招商银行2025半年报,招商银行2025半年报.pdf,C:\Users\Administrator\Desktop\financial-poc\data\raw\pdf\招商银行2025半年报.pdf,,,,354,679,资产负债表,117,117,175,资产负债表
600036_SH_pdf_招商银行2025半年报_pdf_e6770b40_chunk_355,pdf,pdf,"1)
–
-至阶段二
(6,264)
6,664
(400)
–
-至阶段三
(1,688)
(9,363)
11,051
–
本年(转回)/计提
(13,248)
17,766
33,351
37,869
本年核销/处置
–
–
(51,770)
(51,770)
收回已核销的贷款和垫款
–
–
10,261
10,261
汇率及其他变动
107
22
(213)
(84)
于12月31日余额
149,313
52,965
52,671
254,949
121
第八章 财务报告
招商银行股份有限公司
2025年半年度报告(A股)
9. 贷款和垫款(续)
(c)
贷款和垫款损失准备变动表(续)
以公允价值计量且其变动计入其他综合收益的贷款和垫款损失准备情况列示如下:
本集团
本行
2025年
2024年
2025年
2024年
于1月1日余额
4,936
2,729
4,936
2,729
本期/年(转回)/计提
(2,955)
2,208
(2,963)
2,207
汇率及其他变动
–
(1)
–
–
于6月30日/12月31日余额
1,981
4,936
1,973
4,936
1",600036.SH,招商银行,2025-06-30,2025,半年报,招商银行2025半年报,招商银行2025半年报.pdf,C:\Users\Administrator\Desktop\financial-poc\data\raw\pdf\招商银行2025半年报.pdf,,,,355,679,资产负债表,117,117,175,资产负债表
600036_SH_pdf_招商银行2025半年报_pdf_e6770b40_chunk_356,pdf,pdf,"本期/年(转回)/计提
(2,955)
2,208
(2,963)
2,207
汇率及其他变动
–
(1)
–
–
于6月30日/12月31日余额
1,981
4,936
1,973
4,936
10. 以公允价值计量且其变动计入当期损益的金融投资
本集团
本行
注
2025年
6月30日
2024年
12月31日
2025年
6月30日
2024年
12月31日
分类为以公允价值计量
且其变动计入当期损益的
金融投资
(a)
648,899
603,353
585,050
546,874
指定为以公允价值计量
且其变动计入当期损益的
金融投资
(b)
11,920
13,665
–
91
合计
660,819
617,018
585,050
546,965
122
第八章 财务报告
招商银行股份有限公司
2025年半年度报告(A股)
10. 以公允价值计量且其变动计入当期损益的金融投资(续)
(a) 分类为以公允价值计量且其变动计入当期损益的金融投资
本集团
本行
2025年
6月30日
2024年
12月31日
2025年
6月30日
2024年
12月31日
为交易目的而持有的",600036.SH,招商银行,2025-06-30,2025,半年报,招商银行2025半年报,招商银行2025半年报.pdf,C:\Users\Administrator\Desktop\financial-poc\data\raw\pdf\招商银行2025半年报.pdf,,,,356,679,资产负债表,117,117,175,资产负债表
600036_SH_pdf_招商银行2025半年报_pdf_e6770b40_chunk_357,pdf,pdf,"(续)
(a) 分类为以公允价值计量且其变动计入当期损益的金融投资
本集团
本行
2025年
6月30日
2024年
12月31日
2025年
6月30日
2024年
12月31日
为交易目的而持有的金融投资
债券投资:
按发行人分类
345,710
243,906
230,986
140,440
政府债券
188,939
96,730
184,401
93,071
政策性银行债券
51,431
45,491
7,942
11,293
商业银行及其他金融机构债券
40,004
58,420
15,300
21,135
其他债券
65,336
43,265
23,343
14,941
按上市情况分类
345,710
243,906
230,986
140,440
境内上市
327,107
222,192
220,861
126,124
境外上市
12,571
13,079
7,857
8,452
非上市
6,032
8,635
2,268
5,864
其他投资:
按投资标的分类
16,069
2,379
12,328
134
股权投资
1,314
310
–
–
基金投资
1,148
1",600036.SH,招商银行,2025-06-30,2025,半年报,招商银行2025半年报,招商银行2025半年报.pdf,C:\Users\Administrator\Desktop\financial-poc\data\raw\pdf\招商银行2025半年报.pdf,,,,357,679,资产负债表,117,117,175,资产负债表
600036_SH_pdf_招商银行2025半年报_pdf_e6770b40_chunk_358,pdf,pdf,"52
非上市
6,032
8,635
2,268
5,864
其他投资:
按投资标的分类
16,069
2,379
12,328
134
股权投资
1,314
310
–
–
基金投资
1,148
1,026
–
–
理财产品
1,279
909
–
–
贵金属合同
12,328
134
12,328
134
按上市情况分类
16,069
2,379
12,328
134
境内上市
466
310
–
–
境外上市
13,209
134
12,328
134
非上市
2,394
1,935
–
–
为交易目的而持有的金融投资合计
361,779
246,285
243,314
140,574
123
第八章 财务报告
招商银行股份有限公司
2025年半年度报告(A股)
10. 以公允价值计量且其变动计入当期损益的金融投资(续)
(a) 分类为以公允价值计量且其变动计入当期损益的金融投资(续)
本集团
本行
2025年
6月30日
2024年
12月31日
2025年
6月30日
2024年
12月31日
其他分类为以公允价值计量且其变动
计入当期损益的金融投资
债券投资:
按发行人分类",600036.SH,招商银行,2025-06-30,2025,半年报,招商银行2025半年报,招商银行2025半年报.pdf,C:\Users\Administrator\Desktop\financial-poc\data\raw\pdf\招商银行2025半年报.pdf,,,,358,679,资产负债表,117,117,175,资产负债表
600036_SH_pdf_招商银行2025半年报_pdf_e6770b40_chunk_359,pdf,pdf,")
本集团
本行
2025年
6月30日
2024年
12月31日
2025年
6月30日
2024年
12月31日
其他分类为以公允价值计量且其变动
计入当期损益的金融投资
债券投资:
按发行人分类
6,911
8,146
6,819
8,019
商业银行及其他金融机构债券
1,366
1,443
1,063
1,125
其他债券
5,545
6,703
5,756
6,894
按上市情况分类
6,911
8,146
6,819
8,019
境内上市
6,390
6,528
6,389
6,528
境外上市
521
551
108
108
非上市
–
1,067
322
1,383
其他投资:
按投资标的分类
280,209
348,922
334,917
398,281
股权投资
3,435
2,952
1,909
1,562
基金投资
265,744
342,925
323,030
394,657
理财产品
2,217
2,225
1,400
1,303
非标资产
8,408
596
8,408
596
其他
405
224
170
163
按上市情况分类
280,209
348",600036.SH,招商银行,2025-06-30,2025,半年报,招商银行2025半年报,招商银行2025半年报.pdf,C:\Users\Administrator\Desktop\financial-poc\data\raw\pdf\招商银行2025半年报.pdf,,,,359,679,资产负债表,117,117,175,资产负债表
600036_SH_pdf_招商银行2025半年报_pdf_e6770b40_chunk_360,pdf,pdf,"394,657
理财产品
2,217
2,225
1,400
1,303
非标资产
8,408
596
8,408
596
其他
405
224
170
163
按上市情况分类
280,209
348,922
334,917
398,281
境内上市
732
835
720
799
境外上市
324
216
–
–
非上市
279,153
347,871
334,197
397,482
其他分类为以公允价值计量且其变动
计入当期损益的金融投资合计
287,120
357,068
341,736
406,300
分类为以公允价值计量且其变动
计入当期损益的金融投资合计
648,899
603,353
585,050
546,874
124
第八章 财务报告
招商银行股份有限公司
2025年半年度报告(A股)
10. 以公允价值计量且其变动计入当期损益的金融投资(续)
(b) 指定为以公允价值计量且其变动计入当期损益的金融投资
本集团
本行
2025年
6月30日
2024年
12月31日
2025年
6月30日
2024年
12月31日
债券投资:
按发行人分类
11,920
13,66",600036.SH,招商银行,2025-06-30,2025,半年报,招商银行2025半年报,招商银行2025半年报.pdf,C:\Users\Administrator\Desktop\financial-poc\data\raw\pdf\招商银行2025半年报.pdf,,,,360,679,资产负债表,117,117,175,资产负债表
600036_SH_pdf_招商银行2025半年报_pdf_e6770b40_chunk_361,pdf,pdf,"计量且其变动计入当期损益的金融投资
本集团
本行
2025年
6月30日
2024年
12月31日
2025年
6月30日
2024年
12月31日
债券投资:
按发行人分类
11,920
13,665
–
91
政府债券
31
43
–
–
政策性银行债券
4,468
8,820
–
–
商业银行及其他金融机构债券
7,421
4,802
–
91
按上市情况分类
11,920
13,665
–
91
境内上市
11,748
11,928
–
–
境外上市
172
1,646
–
–
非上市
–
91
–
91
11. 以摊余成本计量的债务工具投资
本集团
本行
2025年
6月30日
2024年
12月31日
2025年
6月30日
2024年
12月31日
以摊余成本计量的债务工具投资(a)(b)
2,021,376
1,955,920
1,972,870
1,922,886
应计利息
20,103
21,328
19,674
21,056
小计
2,041,479
1,977,248
1,992,544
1,943,942
以摊余成本计量的债务工具投资
损失准备(a)(b)(c",600036.SH,招商银行,2025-06-30,2025,半年报,招商银行2025半年报,招商银行2025半年报.pdf,C:\Users\Administrator\Desktop\financial-poc\data\raw\pdf\招商银行2025半年报.pdf,,,,361,679,资产负债表,117,117,175,资产负债表
600036_SH_pdf_招商银行2025半年报_pdf_e6770b40_chunk_362,pdf,pdf,"息
20,103
21,328
19,674
21,056
小计
2,041,479
1,977,248
1,992,544
1,943,942
以摊余成本计量的债务工具投资
损失准备(a)(b)(c)
(34,973)
(35,459)
(34,551)
(35,136)
应计利息损失准备
(149)
(209)
(144)
(206)
小计
(35,122)
(35,668)
(34,695)
(35,342)
合计
2,006,357
1,941,580
1,957,849
1,908,600
125
第八章 财务报告
招商银行股份有限公司
2025年半年度报告(A股)
11. 以摊余成本计量的债务工具投资(续)
(a) 以摊余成本计量的债务工具投资:
本集团
本行
2025年
6月30日
2024年
12月31日
2025年
6月30日
2024年
12月31日
债券投资:
按发行人分类
1,939,117
1,848,162
1,890,706
1,815,263
政府债券
1,330,916
1,240,885
1,320,720
1,232,230
政策性银行债券
492",600036.SH,招商银行,2025-06-30,2025,半年报,招商银行2025半年报,招商银行2025半年报.pdf,C:\Users\Administrator\Desktop\financial-poc\data\raw\pdf\招商银行2025半年报.pdf,,,,362,679,资产负债表,117,117,175,资产负债表
600036_SH_pdf_招商银行2025半年报_pdf_e6770b40_chunk_363,pdf,pdf,"人分类
1,939,117
1,848,162
1,890,706
1,815,263
政府债券
1,330,916
1,240,885
1,320,720
1,232,230
政策性银行债券
492,641
494,867
491,167
494,545
商业银行及其他金融机构债券
100,718
99,345
74,876
83,484
其他债券
14,842
13,065
3,943
5,004
按上市情况分类
1,939,117
1,848,162
1,890,706
1,815,263
境内上市
1,804,185
1,743,427
1,799,861
1,739,820
境外上市
70,834
68,301
56,614
57,550
非上市
64,098
36,434
34,231
17,893
上市债券投资的公允价值
2,003,765
1,960,310
1,985,015
1,934,176
其他投资:
按投资标的分类
82,259
107,758
82,164
107,623
非标资产-贷款
41,595
49,046
41,595
49,046
非标资产-同业",600036.SH,招商银行,2025-06-30,2025,半年报,招商银行2025半年报,招商银行2025半年报.pdf,C:\Users\Administrator\Desktop\financial-poc\data\raw\pdf\招商银行2025半年报.pdf,,,,363,679,资产负债表,117,117,175,资产负债表
600036_SH_pdf_招商银行2025半年报_pdf_e6770b40_chunk_364,pdf,pdf,"15
1,934,176
其他投资:
按投资标的分类
82,259
107,758
82,164
107,623
非标资产-贷款
41,595
49,046
41,595
49,046
非标资产-同业债权资产收益权
31,830
49,403
31,830
49,403
非标资产-其他
8,167
8,656
8,072
8,521
其他
667
653
667
653
按上市情况分类
82,259
107,758
82,164
107,623
非上市
82,259
107,758
82,164
107,623
合计
2,021,376
1,955,920
1,972,870
1,922,886
减:损失准备
(34,973)
(35,459)
(34,551)
(35,136)
-阶段一(12个月预期信用损失)
(9,391)
(8,949)
(9,340)
(8,907)
-阶段二(整个存续期预期信用损失
-未减值)
(423)
(354)
(158)
(181)
-阶段三(整个存续期预期信用损失
-已减值)
(25,159)
(26,156)
(25,053)
(26,048)",600036.SH,招商银行,2025-06-30,2025,半年报,招商银行2025半年报,招商银行2025半年报.pdf,C:\Users\Administrator\Desktop\financial-poc\data\raw\pdf\招商银行2025半年报.pdf,,,,364,679,资产负债表,117,117,175,资产负债表
600036_SH_pdf_招商银行2025半年报_pdf_e6770b40_chunk_365,pdf,pdf,"个存续期预期信用损失
-未减值)
(423)
(354)
(158)
(181)
-阶段三(整个存续期预期信用损失
-已减值)
(25,159)
(26,156)
(25,053)
(26,048)
以摊余成本计量的债务工具投资净额
1,986,403
1,920,461
1,938,319
1,887,750
126
第八章 财务报告
招商银行股份有限公司
2025年半年度报告(A股)
11. 以摊余成本计量的债务工具投资(续)
(b) 以摊余成本计量的债务工具投资按预期信用损失的评估方式:
本集团
2025年6月30日
阶段一
(12个月预期
信用损失)
阶段二
(整个存续期
预期信用损失
-未减值)
阶段三
(整个存续期
预期信用损失
-已减值)
合计
以摊余成本计量的债务工具投资总额
1,994,375
1,761
25,240
2,021,376
减:损失准备
(9,391)
(423)
(25,159)
(34,973)
以摊余成本计量的债务工具投资净额
1,984,984
1,338
81
1,986,403
本集团
2024年12月31日
阶段一
(12个月预期
信用损",600036.SH,招商银行,2025-06-30,2025,半年报,招商银行2025半年报,招商银行2025半年报.pdf,C:\Users\Administrator\Desktop\financial-poc\data\raw\pdf\招商银行2025半年报.pdf,,,,365,679,资产负债表,117,117,175,资产负债表
600036_SH_pdf_招商银行2025半年报_pdf_e6770b40_chunk_366,pdf,pdf,"423)
(25,159)
(34,973)
以摊余成本计量的债务工具投资净额
1,984,984
1,338
81
1,986,403
本集团
2024年12月31日
阶段一
(12个月预期
信用损失)
阶段二
(整个存续期
预期信用损失
-未减值)
阶段三
(整个存续期
预期信用损失
-已减值)
合计
以摊余成本计量的债务工具投资总额
1,927,893
1,790
26,237
1,955,920
减:损失准备
(8,949)
(354)
(26,156)
(35,459)
以摊余成本计量的债务工具投资净额
1,918,944
1,436
81
1,920,461
127
第八章 财务报告
招商银行股份有限公司
2025年半年度报告(A股)
11. 以摊余成本计量的债务工具投资(续)
(b) 以摊余成本计量的债务工具投资按预期信用损失的评估方式:
(续)
本行
2025年6月30日
阶段一
(12个月预期
信用损失)
阶段二
(整个存续期
预期信用损失
-未减值)
阶段三
(整个存续期
预期信用损失
-已减值)
合计
以摊余成本计量的债务工具投资总额
1,946,409
1,33",600036.SH,招商银行,2025-06-30,2025,半年报,招商银行2025半年报,招商银行2025半年报.pdf,C:\Users\Administrator\Desktop\financial-poc\data\raw\pdf\招商银行2025半年报.pdf,,,,366,679,资产负债表,117,117,175,资产负债表
600036_SH_pdf_招商银行2025半年报_pdf_e6770b40_chunk_367,pdf,pdf,"阶段一
(12个月预期
信用损失)
阶段二
(整个存续期
预期信用损失
-未减值)
阶段三
(整个存续期
预期信用损失
-已减值)
合计
以摊余成本计量的债务工具投资总额
1,946,409
1,331
25,130
1,972,870
减:损失准备
(9,340)
(158)
(25,053)
(34,551)
以摊余成本计量的债务工具投资净额
1,937,069
1,173
77
1,938,319
本行
2024年12月31日
阶段一
(12个月预期
信用损失)
阶段二
(整个存续期
预期信用损失
-未减值)
阶段三
(整个存续期
预期信用损失
-已减值)
合计
以摊余成本计量的债务工具投资总额
1,895,405
1,357
26,124
1,922,886
减:损失准备
(8,907)
(181)
(26,048)
(35,136)
以摊余成本计量的债务工具投资净额
1,886,498
1,176
76
1,887,750
128
第八章 财务报告
招商银行股份有限公司
2025年半年度报告(A股)
11. 以摊余成本计量的债务工具投资(续)
(c)
以摊余成本计量的债务工具",600036.SH,招商银行,2025-06-30,2025,半年报,招商银行2025半年报,招商银行2025半年报.pdf,C:\Users\Administrator\Desktop\financial-poc\data\raw\pdf\招商银行2025半年报.pdf,,,,367,679,资产负债表,117,117,175,资产负债表
600036_SH_pdf_招商银行2025半年报_pdf_e6770b40_chunk_368,pdf,pdf,"498
1,176
76
1,887,750
128
第八章 财务报告
招商银行股份有限公司
2025年半年度报告(A股)
11. 以摊余成本计量的债务工具投资(续)
(c)
以摊余成本计量的债务工具投资损失准备变动情况列示如下:
本集团
2025年
阶段一
(12个月预期
信用损失)
阶段二
(整个存续期
预期信用损失
-未减值)
阶段三
(整个存续期
预期信用损失
-已减值)
合计
于1月1日余额
8,949
354
26,156
35,459
转移:
-至阶段一
–
–
–
–
-至阶段二
–
–
–
–
-至阶段三
–
–
–
–
本期计提/(转回)
(附注42)
443
76
(766)
(247)
本期核销/处置
–
–
(232)
(232)
收回已核销的债权
–
–
5
5
汇率变动
(1)
(7)
(4)
(12)
于6月30日余额
9,391
423
25,159
34,973
本集团
2024年
阶段一
(12个月预期
信用损失)
阶段二
(整个存续期
预期信用损失
-未减值)
阶段三
(整个存续期
预期信用损失
-已减值)
合计
于1月1日余额
13,193
4",600036.SH,招商银行,2025-06-30,2025,半年报,招商银行2025半年报,招商银行2025半年报.pdf,C:\Users\Administrator\Desktop\financial-poc\data\raw\pdf\招商银行2025半年报.pdf,,,,368,679,资产负债表,117,117,175,资产负债表
600036_SH_pdf_招商银行2025半年报_pdf_e6770b40_chunk_369,pdf,pdf,",973
本集团
2024年
阶段一
(12个月预期
信用损失)
阶段二
(整个存续期
预期信用损失
-未减值)
阶段三
(整个存续期
预期信用损失
-已减值)
合计
于1月1日余额
13,193
486
25,711
39,390
转移:
-至阶段一
–
–
–
–
-至阶段二
(40)
40
–
–
-至阶段三
–
–
–
–
本年计提/(转回)
(4,209)
(174)
253
(4,130)
收回已核销的债权
–
–
175
175
汇率变动
5
2
17
24
于12月31日余额
8,949
354
26,156
35,459
129
第八章 财务报告
招商银行股份有限公司
2025年半年度报告(A股)
11. 以摊余成本计量的债务工具投资(续)
(c)
以摊余成本计量的债务工具投资损失准备变动情况列示如下:
(续)
本行
2025年
阶段一
(12个月预期
信用损失)
阶段二
(整个存续期
预期信用损失
-未减值)
阶段三
(整个存续期
预期信用损失
-已减值)
合计
于1月1日余额
8,907
181
26,048
35,136
转移:
-至阶段一
–
–
–
–
-至",600036.SH,招商银行,2025-06-30,2025,半年报,招商银行2025半年报,招商银行2025半年报.pdf,C:\Users\Administrator\Desktop\financial-poc\data\raw\pdf\招商银行2025半年报.pdf,,,,369,679,资产负债表,117,117,175,资产负债表
600036_SH_pdf_招商银行2025半年报_pdf_e6770b40_chunk_370,pdf,pdf,"(整个存续期
预期信用损失
-未减值)
阶段三
(整个存续期
预期信用损失
-已减值)
合计
于1月1日余额
8,907
181
26,048
35,136
转移:
-至阶段一
–
–
–
–
-至阶段二
–
–
–
–
-至阶段三
–
–
–
–
本期计提/(转回)
(附注42)
434
(23)
(768)
(357)
本期核销/处置
–
–
(232)
(232)
收回已核销的债权
–
–
5
5
汇率变动
(1)
–
–
(1)
于6月30日余额
9,340
158
25,053
34,551
本行
2024年
阶段一
(12个月预期
信用损失)
阶段二
(整个存续期
预期信用损失
-未减值)
阶段三
(整个存续期
预期信用损失
-已减值)
合计
于1月1日余额
13,173
486
25,578
39,237
转移:
-至阶段一
–
–
–
–
-至阶段二
(39)
39
–
–
-至阶段三
–
–
–
–
本年计提/(转回)
(4,233)
(344)
283
(4,294)
收回已核销的债权
–
–
175
175
汇率变动
6
–
12
18
于12月31日余额
8,",600036.SH,招商银行,2025-06-30,2025,半年报,招商银行2025半年报,招商银行2025半年报.pdf,C:\Users\Administrator\Desktop\financial-poc\data\raw\pdf\招商银行2025半年报.pdf,,,,370,679,资产负债表,117,117,175,资产负债表
600036_SH_pdf_招商银行2025半年报_pdf_e6770b40_chunk_371,pdf,pdf,"–
-至阶段三
–
–
–
–
本年计提/(转回)
(4,233)
(344)
283
(4,294)
收回已核销的债权
–
–
175
175
汇率变动
6
–
12
18
于12月31日余额
8,907
181
26,048
35,136
130
第八章 财务报告
招商银行股份有限公司
2025年半年度报告(A股)
12. 以公允价值计量且其变动计入其他综合收益的债务工具投资
本集团
本行
2025年
6月30日
2024年
12月31日
2025年
6月30日
2024年
12月31日
以公允价值计量且其变动计入
其他综合收益的债务工具投资(a)
1,248,050
1,082,577
1,055,573
915,071
应计利息
12,067
9,550
10,088
7,753
合计
1,260,117
1,092,127
1,065,661
922,824
以公允价值计量且其变动计入其他
综合收益的债务工具投资损失准备(b)
(8,398)
(8,620)
(8,279)
(8,519)
应计利息损失准备
(227)
(227)
(227)
(227)
合计
(8,625)",600036.SH,招商银行,2025-06-30,2025,半年报,招商银行2025半年报,招商银行2025半年报.pdf,C:\Users\Administrator\Desktop\financial-poc\data\raw\pdf\招商银行2025半年报.pdf,,,,371,679,资产负债表,117,117,175,资产负债表
600036_SH_pdf_招商银行2025半年报_pdf_e6770b40_chunk_372,pdf,pdf,"动计入其他
综合收益的债务工具投资损失准备(b)
(8,398)
(8,620)
(8,279)
(8,519)
应计利息损失准备
(227)
(227)
(227)
(227)
合计
(8,625)
(8,847)
(8,506)
(8,746)
以公允价值计量且其变动计入其他综合收益的债务工具投资,其账面金额以公允价值计量,不扣除损失准备。
(a) 以公允价值计量且其变动计入其他综合收益的债务工具投资:
本集团
本行
2025年
6月30日
2024年
12月31日
2025年
6月30日
2024年
12月31日
债券投资:
按发行人分类
1,248,050
1,082,577
1,055,573
915,071
政府债券
823,840
688,572
775,350
630,436
政策性银行债券
52,062
23,685
28,814
18,201
商业银行及其他金融机构债券
271,994
230,694
176,775
150,143
其他债券
100,154
139,626
74,634
116,291
按上市情况分类
1,248,050
1,082,577
1,0",600036.SH,招商银行,2025-06-30,2025,半年报,招商银行2025半年报,招商银行2025半年报.pdf,C:\Users\Administrator\Desktop\financial-poc\data\raw\pdf\招商银行2025半年报.pdf,,,,372,679,资产负债表,117,117,175,资产负债表
600036_SH_pdf_招商银行2025半年报_pdf_e6770b40_chunk_373,pdf,pdf,"271,994
230,694
176,775
150,143
其他债券
100,154
139,626
74,634
116,291
按上市情况分类
1,248,050
1,082,577
1,055,573
915,071
境内上市
906,450
781,480
873,231
770,335
境外上市
160,378
127,562
84,543
51,794
非上市
181,222
173,535
97,799
92,942
131
第八章 财务报告
招商银行股份有限公司
2025年半年度报告(A股)
12. 以公允价值计量且其变动计入其他综合收益的债务工具投资(续)
(b) 以公允价值计量且其变动计入其他综合收益的债务工具投资损失准备变动情况:
本集团
本行
2025年
2024年
2025年
2024年
于1月1日余额
8,620
6,812
8,519
6,688
本期/年(转回)/计提
(168)
1,730
(190)
1,758
汇率变动
(54)
78
(50)
73
于6月30日/12月31日余额
8,398
8,620
8,279
8,519
13. 指定",600036.SH,招商银行,2025-06-30,2025,半年报,招商银行2025半年报,招商银行2025半年报.pdf,C:\Users\Administrator\Desktop\financial-poc\data\raw\pdf\招商银行2025半年报.pdf,,,,373,679,资产负债表,117,117,175,资产负债表
600036_SH_pdf_招商银行2025半年报_pdf_e6770b40_chunk_374,pdf,pdf,"年(转回)/计提
(168)
1,730
(190)
1,758
汇率变动
(54)
78
(50)
73
于6月30日/12月31日余额
8,398
8,620
8,279
8,519
13. 指定为以公允价值计量且其变动计入其他综合收益的权益工具投资
本集团
本行
2025年
6月30日
2024年
12月31日
2025年
6月30日
2024年
12月31日
抵债股权
2,558
2,596
2,558
2,596
其他
21,276
19,719
9,269
8,921
合计
23,834
22,315
11,827
11,517
按上市情况分类
境内上市
268
322
236
308
境外上市
14,020
12,565
3,113
2,812
非上市
9,546
9,428
8,478
8,397
合计
23,834
22,315
11,827
11,517
截至2025年6月30日止6个月期间,本集团无处置指定为以公允价值计量且其变动计入其他综合收益的权益工具
(2024年度:处置指定为以公允价值计量且其变动计入其他综合收益的权益工具于处置日的公允价值为人民币
1,4",600036.SH,招商银行,2025-06-30,2025,半年报,招商银行2025半年报,招商银行2025半年报.pdf,C:\Users\Administrator\Desktop\financial-poc\data\raw\pdf\招商银行2025半年报.pdf,,,,374,679,资产负债表,117,117,175,资产负债表
600036_SH_pdf_招商银行2025半年报_pdf_e6770b40_chunk_375,pdf,pdf,"6月30日止6个月期间,本集团无处置指定为以公允价值计量且其变动计入其他综合收益的权益工具
(2024年度:处置指定为以公允价值计量且其变动计入其他综合收益的权益工具于处置日的公允价值为人民币
1,429百万元,处置的累计损失及由此从其他综合收益转入留存收益的税后亏损金额为人民币4百万元)。
截至2025年6月30日止6个月期间,本行无处置部分指定为以公允价值计量且其变动计入其他综合收益的权益工
具(2024年度:处置指定为以公允价值计量且其变动计入其他综合收益的权益工具于处置日的公允价值为人民币
75百万元,处置的累计损失及由此从其他综合收益转入留存收益的税后亏损金额为人民币22百万元)。
132
第八章 财务报告
招商银行股份有限公司
2025年半年度报告(A股)
14. 长期股权投资
本集团
本行
注
2025年
6月30日
2024年
12月31日
2025年
6月30日
2024年
12月31日
对子公司的投资
(a)
–
–
62,413
63,413
对合营企业的投资
(b)
20,769
19,310
20,121
18,724
对联营企业的投资
(c)
12,279",600036.SH,招商银行,2025-06-30,2025,半年报,招商银行2025半年报,招商银行2025半年报.pdf,C:\Users\Administrator\Desktop\financial-poc\data\raw\pdf\招商银行2025半年报.pdf,,,,375,679,资产负债表,117,117,175,资产负债表
600036_SH_pdf_招商银行2025半年报_pdf_e6770b40_chunk_376,pdf,pdf,"年
12月31日
对子公司的投资
(a)
–
–
62,413
63,413
对合营企业的投资
(b)
20,769
19,310
20,121
18,724
对联营企业的投资
(c)
12,279
11,705
8,184
8,042
小计
33,048
31,015
90,718
90,179
减:减值准备
–
–
(1,768)
(1,768)
合计
33,048
31,015
88,950
88,411
(a) 对子公司的投资
本行
2025年
6月30日
2024年
12月31日
主要子公司:
招商永隆银行有限公司
32,082
32,082
招银金融租赁有限公司
6,000
6,000
招商基金管理有限公司
1,487
1,487
招银国际金融控股有限公司
3,488
3,488
招银理财有限责任公司
5,000
5,000
招商银行(欧洲)有限公司
780
780
永久债务资本投资(注)
13,576
14,576
小计
62,413
63,413
减:减值准备
(1,768)
(1,768)
合计
60,645
61,645
注:
招商永隆银行有限公司于2020年2月2",600036.SH,招商银行,2025-06-30,2025,半年报,招商银行2025半年报,招商银行2025半年报.pdf,C:\Users\Administrator\Desktop\financial-poc\data\raw\pdf\招商银行2025半年报.pdf,,,,376,679,资产负债表,117,117,175,资产负债表
600036_SH_pdf_招商银行2025半年报_pdf_e6770b40_chunk_377,pdf,pdf,"本投资(注)
13,576
14,576
小计
62,413
63,413
减:减值准备
(1,768)
(1,768)
合计
60,645
61,645
注:
招商永隆银行有限公司于2020年2月27日、2022年3月18日、2023年12月27日、2024年1月29日和2024年12月20日分别向本行定
向发行永久债务资本人民币1,000百万元、美元200百万元、美元500百万元、美元200百万元和美元1,000百万元,并于本期赎回了于
2020年2月27日向本行定向发行的永久债务资本人民币1,000百万元。
各子公司的业绩及财务状况已纳入本集团的合并财务报表内。
133
第八章 财务报告
招商银行股份有限公司
2025年半年度报告(A股)
14. 长期股权投资(续)
(a) 对子公司的投资(续)
于2025年6月30日,纳入本集团合并财务报表范围的主要子公司信息如下:
公司名称
注册成立
及经营地点
已发行及
缴足注册资本
(百万元)
本行持有
所有权
百分比
主要业务
经济性质
或类型
招银国际金融控股有限公司(注(i))
香港
港币4,129
100%
投行及投资管理
有限责",600036.SH,招商银行,2025-06-30,2025,半年报,招商银行2025半年报,招商银行2025半年报.pdf,C:\Users\Administrator\Desktop\financial-poc\data\raw\pdf\招商银行2025半年报.pdf,,,,377,679,资产负债表,117,117,175,资产负债表
600036_SH_pdf_招商银行2025半年报_pdf_e6770b40_chunk_378,pdf,pdf,"成立
及经营地点
已发行及
缴足注册资本
(百万元)
本行持有
所有权
百分比
主要业务
经济性质
或类型
招银国际金融控股有限公司(注(i))
香港
港币4,129
100%
投行及投资管理
有限责任公司
招银金融租赁有限公司(注(ii))
上海
人民币18,000
100%
融资租赁
有限责任公司
招商永隆银行有限公司(注(iii))
香港
港币1,161
100%
银行业务
有限责任公司
招商基金管理有限公司(注(iv))
深圳
人民币1,310
55%
基金管理
有限责任公司
招银理财有限责任公司(注(v))
深圳
人民币5,556
90%
资产管理
有限责任公司
招商银行(欧洲)有限公司(注(vi))
卢森堡
欧元100
100%
银行业务
有限责任公司
招商信诺资产管理有限公司(注(vii))
北京
人民币500
(注(vii))
资产管理
有限责任公司
注:
(i)
招银国际金融控股有限公司(“招银国际”),原名为“江南财务有限公司”、“招银国际金融有限公司”,为本行经中国人民银行银复
〔1998〕405号文批准设立的全资子公司。于2014年,本行对招银国际增资港币750",600036.SH,招商银行,2025-06-30,2025,半年报,招商银行2025半年报,招商银行2025半年报.pdf,C:\Users\Administrator\Desktop\financial-poc\data\raw\pdf\招商银行2025半年报.pdf,,,,378,679,资产负债表,117,117,175,资产负债表
600036_SH_pdf_招商银行2025半年报_pdf_e6770b40_chunk_379,pdf,pdf,"金融控股有限公司(“招银国际”),原名为“江南财务有限公司”、“招银国际金融有限公司”,为本行经中国人民银行银复
〔1998〕405号文批准设立的全资子公司。于2014年,本行对招银国际增资港币750百万元,增资后招银国际实收资本为港币1,000百万
元,本行持有股权百分比不变。2015年7月28日,本行第九届董事会第三十五次会议决议通过《关于招银国际金融控股有限公司增资重
组的议案》,本行同意对招银国际增资400百万美元(等值)。于2016年1月20日,本行完成对招银国际的增资。
(ii)
招银金融租赁有限公司(“招银金租”)为本行经原中国银行保险监督管理委员会(“原银保监会”)银监复〔2008〕110号文批准设立的全资子
公司,于2008年4月正式开业。于2014年,本行对招银金租增资人民币2,000百万元,增资后招银金租实收资本为人民币6,000百万
元,本行持有股权百分比不变。于2021年8月,招银金租将未分配利润人民币6,000百万元转增实收资本,转增后招银金租实收资本为
人民币12,000百万元,本行持股比例不变。于2024年9月,招银金租将未分配利润人民币6,000百万元",600036.SH,招商银行,2025-06-30,2025,半年报,招商银行2025半年报,招商银行2025半年报.pdf,C:\Users\Administrator\Desktop\financial-poc\data\raw\pdf\招商银行2025半年报.pdf,,,,379,679,资产负债表,117,117,175,资产负债表
600036_SH_pdf_招商银行2025半年报_pdf_e6770b40_chunk_380,pdf,pdf,"021年8月,招银金租将未分配利润人民币6,000百万元转增实收资本,转增后招银金租实收资本为
人民币12,000百万元,本行持股比例不变。于2024年9月,招银金租将未分配利润人民币6,000百万元转增实收资本,转增后招银金租
实收资本为人民币18,000百万元,本行持股比例不变。
(iii)
招商永隆银行有限公司(“招商永隆银行”),原名为“永隆银行有限公司”。于2008年9月30日,本行取得招商永隆银行53.12%的股权,
于2009年1月15日,招商永隆银行成为本行的全资子公司。于2009年1月16日,招商永隆银行撤回其于香港联交所的上市地位。
(iv)
招商基金管理有限公司(“招商基金”)原为本行的联营企业,本行于2012年通过以63,567,567.57欧元的价格受让ING Asset Management
B.V.所转让的招商基金21.60%的股权。本行于2013年以现金支付对价后,占招商基金的股权由33.40%增加到55.00%,取得对招商基
金的控制。招商基金于2013年11月28日成为本行子公司。于2017年12月,本行对招商基金增资人民币605百万元,其他股东同比",600036.SH,招商银行,2025-06-30,2025,半年报,招商银行2025半年报,招商银行2025半年报.pdf,C:\Users\Administrator\Desktop\financial-poc\data\raw\pdf\招商银行2025半年报.pdf,,,,380,679,资产负债表,117,117,175,资产负债表
600036_SH_pdf_招商银行2025半年报_pdf_e6770b40_chunk_381,pdf,pdf,"对价后,占招商基金的股权由33.40%增加到55.00%,取得对招商基
金的控制。招商基金于2013年11月28日成为本行子公司。于2017年12月,本行对招商基金增资人民币605百万元,其他股东同比例增
资人民币495百万元,增资后招商基金实收资本为人民币1,310百万元,本行持有股权百分比不变。
(v)
招银理财有限责任公司(“招银理财”),为本行经原银保监会银保监复〔2019〕981号文批准设立的全资子公司,于2019年11月1日登记设
立。经原银保监会银保监复〔2021〕920号批准,JP Morgan Asset Management (Asia Pacific) Limited(“摩根资产管理”)于2022年出资
人民币2,667百万元认购招银理财10%的股权。本次增资完成后,招银理财的注册资本由人民币5,000百万元增加至人民币5,556百万
元,本行和摩根资产管理对招银理财的持股比例分别为90%和10%。
(vi)
招商银行(欧洲)有限公司(“招银欧洲”),为本行经原银保监会银保监复〔2016〕460号文批准的全资子公司。于2021年5月,本行收到欧
洲中央银行(ECB",600036.SH,招商银行,2025-06-30,2025,半年报,招商银行2025半年报,招商银行2025半年报.pdf,C:\Users\Administrator\Desktop\financial-poc\data\raw\pdf\招商银行2025半年报.pdf,,,,381,679,资产负债表,117,117,175,资产负债表
600036_SH_pdf_招商银行2025半年报_pdf_e6770b40_chunk_382,pdf,pdf,"的持股比例分别为90%和10%。
(vi)
招商银行(欧洲)有限公司(“招银欧洲”),为本行经原银保监会银保监复〔2016〕460号文批准的全资子公司。于2021年5月,本行收到欧
洲中央银行(ECB)批准本行在卢森堡设立招银欧洲的批复。于2023年6月,本行对招银欧洲增资欧元50百万元,增资后招银欧洲实收资
本为欧元100百万元,本行持有股权比例不变。
(vii)
招商信诺资产管理有限公司(“招商信诺资管”),经原银保监会银保监复〔2020〕708号文批准,于2020年10月18日登记设立。招商信诺
资管为本行间接控股的子公司,由本行合营公司招商信诺人寿保险有限公司和子公司招银国际分别持股87.3458%和12.6542%。
134
第八章 财务报告
招商银行股份有限公司
2025年半年度报告(A股)
14. 长期股权投资(续)
(b) 对合营企业的投资
本集团的主要合营企业:
2025年
招商信诺人寿
保险有限公司
招联消费金融
股份有限公司
其他
合计
本集团的投资成本
1,103
2,600
1,098
4,801
投资余额变动
2025年1月1日
7,023
11,332
9",600036.SH,招商银行,2025-06-30,2025,半年报,招商银行2025半年报,招商银行2025半年报.pdf,C:\Users\Administrator\Desktop\financial-poc\data\raw\pdf\招商银行2025半年报.pdf,,,,382,679,资产负债表,117,117,175,资产负债表
600036_SH_pdf_招商银行2025半年报_pdf_e6770b40_chunk_383,pdf,pdf,"年
招商信诺人寿
保险有限公司
招联消费金融
股份有限公司
其他
合计
本集团的投资成本
1,103
2,600
1,098
4,801
投资余额变动
2025年1月1日
7,023
11,332
955
19,310
加:新增投资
–
–
76
76
按权益法核算的调整数
612
751
35
1,398
本期处置/收回
–
–
(5)
(5)
汇率变动
–
–
(10)
(10)
2025年6月30日
7,635
12,083
1,051
20,769
2024年
招商信诺人寿
保险有限公司
招联消费金融
股份有限公司
其他
合计
本集团的投资成本
1,103
2,600
1,027
4,730
投资余额变动
2024年1月1日
4,616
10,184
907
15,707
加:新增投资
–
–
117
117
按权益法核算的调整数
2,407
1,508
(17)
3,898
收到/应收股利
–
(360)
(70)
(430)
本年转入
–
–
7
7
汇率变动
–
–
11
11
2024年12月31日
7,023
11,332
955
19,310
135
第八章 财务报",600036.SH,招商银行,2025-06-30,2025,半年报,招商银行2025半年报,招商银行2025半年报.pdf,C:\Users\Administrator\Desktop\financial-poc\data\raw\pdf\招商银行2025半年报.pdf,,,,383,679,资产负债表,117,117,175,资产负债表
600036_SH_pdf_招商银行2025半年报_pdf_e6770b40_chunk_384,pdf,pdf,"/应收股利
–
(360)
(70)
(430)
本年转入
–
–
7
7
汇率变动
–
–
11
11
2024年12月31日
7,023
11,332
955
19,310
135
第八章 财务报告
招商银行股份有限公司
2025年半年度报告(A股)
14. 长期股权投资(续)
(b) 对合营企业的投资(续)
本集团的主要合营企业信息列示如下:
本集团持有所有权百分比
公司名称
商业模式
注册地
及经营地点
已发行及
缴足的注册资本
本集团
所占有效利益
本行持有
所有权百分比
主要业务
(百万元)
招商信诺人寿保险有限公司(注(i))
有限责任公司
深圳
人民币2,800
50.00%
50.00%
人寿保险业务
招联消费金融股份有限公司(注(ii))
股份有限公司
深圳
人民币10,000
50.00%
50.00%
消费金融服务
注:
(i)
本行与信诺健康人寿保险公司各持有招商信诺人寿保险有限公司50.00%股权,双方按持股比例分享利润,承担风险和亏损。本行对该
投资作为合营企业投资核算。
(ii)
招联消费金融股份有限公司(“招联消金”),原名为“招联消费金融有限公司”,",600036.SH,招商银行,2025-06-30,2025,半年报,招商银行2025半年报,招商银行2025半年报.pdf,C:\Users\Administrator\Desktop\financial-poc\data\raw\pdf\招商银行2025半年报.pdf,,,,384,679,资产负债表,117,117,175,资产负债表
600036_SH_pdf_招商银行2025半年报_pdf_e6770b40_chunk_385,pdf,pdf,"信诺人寿保险有限公司50.00%股权,双方按持股比例分享利润,承担风险和亏损。本行对该
投资作为合营企业投资核算。
(ii)
招联消费金融股份有限公司(“招联消金”),原名为“招联消费金融有限公司”,由本行子公司招商永隆银行与中国联通股份有限公司旗下
中国联合网络通信有限公司共同出资设立,于2015年3月3日获得原银保监会批准开业。出资双方各出资50%,按持股比例分享利润,
承担风险和亏损。于2017年12月,本行与中国联合网络通信有限公司分别增资人民币600百万元,增资后招联消金实收资本为人民币
2,859百万元,本行持有股权比例15%,招商永隆银行持有股权比例35%,本集团持股比例50%。于2018年12月,本行与中国联合网
络通信有限公司分别增资人民币1,000百万元,增资后招联消金实收资本为人民币3,869百万元,本行持有股权比例24.15%,招商永隆
银行持有股权比例25.85%,本集团持股比例50%。
于2021年7月,招商永隆银行将所持股份全部转让至本行,转让后本行与中国联合网络通信有限公司持有股权比例各50%,本集团持
股比例不变。于2021年10月,招联消金将资本公积",600036.SH,招商银行,2025-06-30,2025,半年报,招商银行2025半年报,招商银行2025半年报.pdf,C:\Users\Administrator\Desktop\financial-poc\data\raw\pdf\招商银行2025半年报.pdf,,,,385,679,资产负债表,117,117,175,资产负债表
600036_SH_pdf_招商银行2025半年报_pdf_e6770b40_chunk_386,pdf,pdf,",本集团持股比例50%。
于2021年7月,招商永隆银行将所持股份全部转让至本行,转让后本行与中国联合网络通信有限公司持有股权比例各50%,本集团持
股比例不变。于2021年10月,招联消金将资本公积人民币1,331百万元和未分配利润人民币4,800百万元转增为实收资本,转增后招联
消金实收资本为人民币10,000百万元。
于2023年7月,招联消金完成了名称变更登记,公司名称由“招联消费金融有限公司”变更为“招联消费金融股份有限公司”。
对本集团财务报表有重要影响的合营企业为招商信诺人寿保险有限公司与招联消费金融股份有限公司,其财务信
息按本集团的会计政策经必要调整后列示如下:
(i)
招商信诺人寿保险有限公司
资产
负债
权益
收入
净利润
其他
综合收益
综合
收益总额
现金及
现金等价物
折旧
和摊销
所得税
费用
2025年6月30日
招商信诺人寿保险有限公司
236,689
219,614
17,075
29,873
308
989
1,297
2,691
66
12
本集团的有效权益
117,442
109,807
7,635
14,937
118
494
612
1,3",600036.SH,招商银行,2025-06-30,2025,半年报,招商银行2025半年报,招商银行2025半年报.pdf,C:\Users\Administrator\Desktop\financial-poc\data\raw\pdf\招商银行2025半年报.pdf,,,,386,679,资产负债表,117,117,175,资产负债表
600036_SH_pdf_招商银行2025半年报_pdf_e6770b40_chunk_387,pdf,pdf,"19,614
17,075
29,873
308
989
1,297
2,691
66
12
本集团的有效权益
117,442
109,807
7,635
14,937
118
494
612
1,346
33
6
资产
负债
权益
收入
净利润
其他
综合收益
综合
收益总额
现金及
现金等价物
折旧
和摊销
所得税
费用
2024年12月31日
招商信诺人寿保险有限公司
214,689
199,905
14,784
49,553
558
4,371
4,929
1,596
141
(61)
本集团的有效权益
106,976
99,953
7,023
24,777
222
2,185
2,407
798
71
(31)
136
第八章 财务报告
招商银行股份有限公司
2025年半年度报告(A股)
14. 长期股权投资(续)
(b) 对合营企业的投资(续)
(ii)
招联消费金融股份有限公司
资产
负债
权益
收入
净利润
综合
收益总额
现金及
现金等价物
折旧
和摊销
所得税
费用
2025年6月30日
招联消费金融股份有限公司
157,722
133,555
24,167
7,8",600036.SH,招商银行,2025-06-30,2025,半年报,招商银行2025半年报,招商银行2025半年报.pdf,C:\Users\Administrator\Desktop\financial-poc\data\raw\pdf\招商银行2025半年报.pdf,,,,387,679,资产负债表,117,117,175,资产负债表
600036_SH_pdf_招商银行2025半年报_pdf_e6770b40_chunk_388,pdf,pdf,"司
资产
负债
权益
收入
净利润
综合
收益总额
现金及
现金等价物
折旧
和摊销
所得税
费用
2025年6月30日
招联消费金融股份有限公司
157,722
133,555
24,167
7,899
1,504
1,504
3,096
52
275
本集团的有效权益
78,861
66,778
12,083
3,950
751
751
1,548
26
138
资产
负债
权益
收入
净利润
综合
收益总额
现金及
现金等价物
折旧
和摊销
所得税
费用
2024年12月31日
招联消费金融股份有限公司
163,751
141,088
22,663
17,318
3,016
3,016
4,170
50
440
本集团的有效权益
81,876
70,544
11,332
8,659
1,508
1,508
2,085
25
220
(iii)
单项而言不重要的合营企业的财务信息如下:
净利润
其他综合收益
综合收益总额
截至2025年6月30日止6个月期间
其他不重要的合营企业
214
–
214
本集团的有效权益
35
–
35
净利润
其他综合收益
综合收益总额
2024年",600036.SH,招商银行,2025-06-30,2025,半年报,招商银行2025半年报,招商银行2025半年报.pdf,C:\Users\Administrator\Desktop\financial-poc\data\raw\pdf\招商银行2025半年报.pdf,,,,388,679,资产负债表,117,117,175,资产负债表
600036_SH_pdf_招商银行2025半年报_pdf_e6770b40_chunk_389,pdf,pdf,"净利润
其他综合收益
综合收益总额
截至2025年6月30日止6个月期间
其他不重要的合营企业
214
–
214
本集团的有效权益
35
–
35
净利润
其他综合收益
综合收益总额
2024年
其他不重要的合营企业
(626)
–
(626)
本集团的有效权益
(17)
–
(17)
137
第八章 财务报告
招商银行股份有限公司
2025年半年度报告(A股)
14. 长期股权投资(续)
(c)
对联营企业的投资
2025年
台州银行
股份有限公司
其他
合计
本集团的初始投资成本
5,322
3,746
9,068
投资余额变动
2025年1月1日
8,039
3,666
11,705
加:新增投资
–
640
640
本期转出
–
(257)
(257)
按权益法核算的调整数
366
282
648
收到/应收股利
(224)
(139)
(363)
本期处置/收回
–
(24)
(24)
汇率变动
–
(70)
(70)
2025年6月30日
8,181
4,098
12,279
2024年
台州银行
股份有限公司
其他
合计
本集团的初始投资成本
5,322
3,387",600036.SH,招商银行,2025-06-30,2025,半年报,招商银行2025半年报,招商银行2025半年报.pdf,C:\Users\Administrator\Desktop\financial-poc\data\raw\pdf\招商银行2025半年报.pdf,,,,389,679,资产负债表,117,117,175,资产负债表
600036_SH_pdf_招商银行2025半年报_pdf_e6770b40_chunk_390,pdf,pdf,"(24)
汇率变动
–
(70)
(70)
2025年6月30日
8,181
4,098
12,279
2024年
台州银行
股份有限公司
其他
合计
本集团的初始投资成本
5,322
3,387
8,709
投资余额变动
2024年1月1日
6,988
3,895
10,883
加:新增投资
–
454
454
本年转出
–
(7)
(7)
按权益法核算的调整数
1,351
(165)
1,186
收到/应收股利
(300)
(242)
(542)
本年处置/收回
–
(338)
(338)
汇率变动
–
69
69
2024年12月31日
8,039
3,666
11,705
138
第八章 财务报告
招商银行股份有限公司
2025年半年度报告(A股)
14. 长期股权投资(续)
(c)
对联营企业的投资(续)
本集团的主要联营企业信息列示如下:
本集团持有所有权百分比
公司名称
商业模式
注册地
及经营地点
已发行及缴足
的股本
本集团所占
有效利益
本行持有
所有权百分比
主要业务
(百万元)
台州银行股份有限公司(注)股份有限公司
台州
人民币1,800
24.8559%",600036.SH,招商银行,2025-06-30,2025,半年报,招商银行2025半年报,招商银行2025半年报.pdf,C:\Users\Administrator\Desktop\financial-poc\data\raw\pdf\招商银行2025半年报.pdf,,,,390,679,资产负债表,117,117,175,资产负债表
600036_SH_pdf_招商银行2025半年报_pdf_e6770b40_chunk_391,pdf,pdf,"业模式
注册地
及经营地点
已发行及缴足
的股本
本集团所占
有效利益
本行持有
所有权百分比
主要业务
(百万元)
台州银行股份有限公司(注)股份有限公司
台州
人民币1,800
24.8559%
24.8559%
银行业务
注:
本行原持有台州银行股份有限公司10%的股权,于2021年5月31日以人民币3,121百万元收购平安信托有限责任公司和中国平安人寿
保险股份有限公司合计持有的台州银行股份有限公司14.8559%的股权。增持后,本行合计持有台州银行股份有限公司24.8559%的股
权,能够对其实施重大影响,因此将其由指定为以公允价值计量且其变动计入其他综合收益的权益工具投资转为联营企业核算。
对本集团财务报表有重要影响的联营企业的财务信息列示如下:
资产
负债
权益
收入
净利润
其他
综合收益
综合
收益总额
现金及
现金等价物
折旧
和摊销
所得税
费用
2025年6月30日
台州银行股份有限公司
416,223
378,233
37,990
5,860
2,123
(518)
1,605
14,261
269
387
本集团的有效权益
102,194
94,013
8,",600036.SH,招商银行,2025-06-30,2025,半年报,招商银行2025半年报,招商银行2025半年报.pdf,C:\Users\Administrator\Desktop\financial-poc\data\raw\pdf\招商银行2025半年报.pdf,,,,391,679,资产负债表,117,117,175,资产负债表
600036_SH_pdf_招商银行2025半年报_pdf_e6770b40_chunk_392,pdf,pdf,"台州银行股份有限公司
416,223
378,233
37,990
5,860
2,123
(518)
1,605
14,261
269
387
本集团的有效权益
102,194
94,013
8,181
1,457
494
(128)
366
3,545
67
96
资产
负债
权益
收入
净利润
其他
综合收益
综合
收益总额
现金及
现金等价物
折旧
和摊销
所得税
费用
2024年12月31日
台州银行股份有限公司
412,899
375,527
37,372
12,714
4,781
982
5,763
15,429
521
1,009
本集团的有效权益
101,380
93,341
8,039
3,160
1,096
255
1,351
3,835
129
251
单项而言不重要的联营企业的财务信息如下:
净利润
其他综合收益
综合收益总额
截至2025年6月30日止6个月期间
其他不重要的联营企业
1,368
24
1,392
本集团的有效权益
274
8
282
净利润
其他综合收益
综合收益总额
2024年
其他不重要的联营企业
(726)
33
(693)
本集团",600036.SH,招商银行,2025-06-30,2025,半年报,招商银行2025半年报,招商银行2025半年报.pdf,C:\Users\Administrator\Desktop\financial-poc\data\raw\pdf\招商银行2025半年报.pdf,,,,392,679,资产负债表,117,117,175,资产负债表
600036_SH_pdf_招商银行2025半年报_pdf_e6770b40_chunk_393,pdf,pdf,"间
其他不重要的联营企业
1,368
24
1,392
本集团的有效权益
274
8
282
净利润
其他综合收益
综合收益总额
2024年
其他不重要的联营企业
(726)
33
(693)
本集团的有效权益
(177)
12
(165)
139
第八章 财务报告
招商银行股份有限公司
2025年半年度报告(A股)
15. 投资性房地产
本集团
本行
2025年
2024年
2025年
2024年
成本:
于1月1日
3,479
3,097
1,805
1,481
本期/年转入/(转出)
(34)
318
31
324
汇率变动
(54)
64
–
–
于6月30日/12月31日余额
3,391
3,479
1,836
1,805
累计折旧:
于1月1日
2,362
1,937
964
645
本期/年计提
84
129
38
67
本期/年转入/(转出)
(21)
245
6
252
汇率变动
(46)
51
–
–
于6月30日/12月31日余额
2,379
2,362
1,008
964
账面净值:
于6月30日/12月31日余额
1,012
1,117
828
841
于1月",600036.SH,招商银行,2025-06-30,2025,半年报,招商银行2025半年报,招商银行2025半年报.pdf,C:\Users\Administrator\Desktop\financial-poc\data\raw\pdf\招商银行2025半年报.pdf,,,,393,679,资产负债表,117,117,175,资产负债表
600036_SH_pdf_招商银行2025半年报_pdf_e6770b40_chunk_394,pdf,pdf,"汇率变动
(46)
51
–
–
于6月30日/12月31日余额
2,379
2,362
1,008
964
账面净值:
于6月30日/12月31日余额
1,012
1,117
828
841
于1月1日余额
1,117
1,160
841
836
(a)
于2025年6月30日,本集团认为投资性房地产不需要计提减值准备(2024年12月31日:无)。
(b)
本集团在不可撤销经营租赁期内,未来最低应收租赁款项总额如下:
本集团
本行
2025年
6月30日
2024年
12月31日
2025年
6月30日
2024年
12月31日
1年或以下(含1年)
191
199
154
157
1年以上至2年(含2年)
169
187
129
154
2年以上至3年(含3年)
105
165
95
143
3年以上至4年(含4年)
64
104
64
104
4年以上至5年(含5年)
63
106
63
106
5年以上
285
169
285
169
合计
877
930
790
833
140
第八章 财务报告
招商银行股份有限公司
2025年半年度报告(A股)
16. 固定资产
本集团",600036.SH,招商银行,2025-06-30,2025,半年报,招商银行2025半年报,招商银行2025半年报.pdf,C:\Users\Administrator\Desktop\financial-poc\data\raw\pdf\招商银行2025半年报.pdf,,,,394,679,资产负债表,117,117,175,资产负债表
600036_SH_pdf_招商银行2025半年报_pdf_e6770b40_chunk_395,pdf,pdf,"63
106
5年以上
285
169
285
169
合计
877
930
790
833
140
第八章 财务报告
招商银行股份有限公司
2025年半年度报告(A股)
16. 固定资产
本集团
土地及
建筑物
电子设备
装修费
飞机、
船舶及
专业设备
其他
合计
成本:
2025年1月1日
34,324
19,137
5,245
119,633
4,943
183,282
购置
–
436
2
6,935
92
7,465
重分类及转入/(转出)
36
–
2
–
(1)
37
出售/报废
(5)
(274)
–
(10,788)
(276)
(11,343)
汇率变动
(97)
(51)
(16)
(414)
(4)
(582)
2025年6月30日
34,258
19,248
5,233
115,366
4,754
178,859
累计折旧:
2025年1月1日
17,121
15,646
2,335
18,134
4,165
57,401
本期计提
749
878
129
3,477
191
5,424
重分类及转入/(转出)
21
–
6
–
(6)
21
出售/报废",600036.SH,招商银行,2025-06-30,2025,半年报,招商银行2025半年报,招商银行2025半年报.pdf,C:\Users\Administrator\Desktop\financial-poc\data\raw\pdf\招商银行2025半年报.pdf,,,,395,679,资产负债表,117,117,175,资产负债表
600036_SH_pdf_招商银行2025半年报_pdf_e6770b40_chunk_396,pdf,pdf,"15,646
2,335
18,134
4,165
57,401
本期计提
749
878
129
3,477
191
5,424
重分类及转入/(转出)
21
–
6
–
(6)
21
出售/报废
(4)
(274)
–
(3,190)
(270)
(3,738)
汇率变动
(78)
(43)
(13)
(63)
(8)
(205)
2025年6月30日
17,809
16,207
2,457
18,358
4,072
58,903
减值准备:
2025年1月1日
–
–
–
1,890
–
1,890
出售/报废
–
–
–
(1,219)
–
(1,219)
汇率变动
–
–
–
(4)
–
(4)
2025年6月30日
–
–
–
667
–
667
账面净值:
2025年6月30日
16,449
3,041
2,776
96,341
682
119,289
2025年1月1日
17,203
3,491
2,910
99,609
778
123,991
141
第八章 财务报告
招商银行股份有限公司
2025年半年度报告(A股)
16. 固定资产(续)
本集团
土地及
建筑物",600036.SH,招商银行,2025-06-30,2025,半年报,招商银行2025半年报,招商银行2025半年报.pdf,C:\Users\Administrator\Desktop\financial-poc\data\raw\pdf\招商银行2025半年报.pdf,,,,396,679,资产负债表,117,117,175,资产负债表
600036_SH_pdf_招商银行2025半年报_pdf_e6770b40_chunk_397,pdf,pdf,"7,203
3,491
2,910
99,609
778
123,991
141
第八章 财务报告
招商银行股份有限公司
2025年半年度报告(A股)
16. 固定资产(续)
本集团
土地及
建筑物
电子设备
装修费
飞机、
船舶及
专业设备
其他
合计
成本:
2024年1月1日
33,026
17,338
4,842
104,803
5,210
165,219
购置
9
2,529
20
29,732
285
32,575
重分类及转入/(转出)
1,413
46
402
–
(29)
1,832
出售/报废
(237)
(839)
(37)
(16,074)
(530)
(17,717)
汇率变动
113
63
18
1,172
7
1,373
2024年12月31日
34,324
19,137
5,245
119,633
4,943
183,282
累计折旧:
2024年1月1日
15,984
14,582
2,112
16,815
4,270
53,763
本年计提
1,480
1,812
240
6,689
453
10,674
重分类及转入/(转出)
(245)
46
–",600036.SH,招商银行,2025-06-30,2025,半年报,招商银行2025半年报,招商银行2025半年报.pdf,C:\Users\Administrator\Desktop\financial-poc\data\raw\pdf\招商银行2025半年报.pdf,,,,397,679,资产负债表,117,117,175,资产负债表
600036_SH_pdf_招商银行2025半年报_pdf_e6770b40_chunk_398,pdf,pdf,"15,984
14,582
2,112
16,815
4,270
53,763
本年计提
1,480
1,812
240
6,689
453
10,674
重分类及转入/(转出)
(245)
46
–
–
(46)
(245)
出售/报废
(186)
(838)
(32)
(5,501)
(523)
(7,080)
汇率变动
88
44
15
131
11
289
2024年12月31日
17,121
15,646
2,335
18,134
4,165
57,401
减值准备:
2024年1月1日
20
–
–
1,159
–
1,179
本年计提
–
–
–
791
–
791
出售/报废
(20)
–
–
(74)
–
(94)
汇率变动
–
–
–
14
–
14
2024年12月31日
–
–
–
1,890
–
1,890
账面净值:
2024年12月31日
17,203
3,491
2,910
99,609
778
123,991
2024年1月1日
17,022
2,756
2,730
86,829
940
110,277
142
第八章 财务报告
招商银行股份有限公司",600036.SH,招商银行,2025-06-30,2025,半年报,招商银行2025半年报,招商银行2025半年报.pdf,C:\Users\Administrator\Desktop\financial-poc\data\raw\pdf\招商银行2025半年报.pdf,,,,398,679,资产负债表,117,117,175,资产负债表
600036_SH_pdf_招商银行2025半年报_pdf_e6770b40_chunk_399,pdf,pdf,"91
2,910
99,609
778
123,991
2024年1月1日
17,022
2,756
2,730
86,829
940
110,277
142
第八章 财务报告
招商银行股份有限公司
2025年半年度报告(A股)
16. 固定资产(续)
本行
土地及
建筑物
电子设备
装修费
其他
合计
成本:
2025年1月1日
31,029
16,899
4,849
4,789
57,566
购置
–
412
2
92
506
重分类及转入/(转出)
(31)
–
2
–
(29)
出售/报废
(5)
(274)
–
(276)
(555)
汇率变动
–
3
–
–
3
2025年6月30日
30,993
17,040
4,853
4,605
57,491
累计折旧:
2025年1月1日
14,572
13,957
2,038
4,045
34,612
本期计提
659
765
119
183
1,726
重分类及转入/(转出)
(6)
–
–
–
(6)
出售/报废
(4)
(274)
–
(271)
(549)
汇率变动
–
2
–
–
2
2025年6月30日
15,221",600036.SH,招商银行,2025-06-30,2025,半年报,招商银行2025半年报,招商银行2025半年报.pdf,C:\Users\Administrator\Desktop\financial-poc\data\raw\pdf\招商银行2025半年报.pdf,,,,399,679,资产负债表,117,117,175,资产负债表
600036_SH_pdf_招商银行2025半年报_pdf_e6770b40_chunk_400,pdf,pdf,"183
1,726
重分类及转入/(转出)
(6)
–
–
–
(6)
出售/报废
(4)
(274)
–
(271)
(549)
汇率变动
–
2
–
–
2
2025年6月30日
15,221
14,450
2,157
3,957
35,785
账面净值:
2025年6月30日
15,772
2,590
2,696
648
21,706
2025年1月1日
16,457
2,942
2,811
744
22,954
本行
土地及
建筑物
电子设备
装修费
其他
合计
成本:
2024年1月1日
29,609
15,254
4,475
5,021
54,359
购置
9
2,424
2
276
2,711
重分类及转入/(转出)
1,410
45
403
(32)
1,826
出售/报废
–
(825)
(31)
(476)
(1,332)
汇率变动
1
1
–
–
2
2024年12月31日
31,029
16,899
4,849
4,789
57,566
累计折旧:
2024年1月1日
13,518
13,210
1,845
4,125
32,698
本年计提
1,306
1,",600036.SH,招商银行,2025-06-30,2025,半年报,招商银行2025半年报,招商银行2025半年报.pdf,C:\Users\Administrator\Desktop\financial-poc\data\raw\pdf\招商银行2025半年报.pdf,,,,400,679,资产负债表,117,117,175,资产负债表
600036_SH_pdf_招商银行2025半年报_pdf_e6770b40_chunk_401,pdf,pdf,"月31日
31,029
16,899
4,849
4,789
57,566
累计折旧:
2024年1月1日
13,518
13,210
1,845
4,125
32,698
本年计提
1,306
1,525
222
439
3,492
重分类及转入/(转出)
(252)
46
–
(46)
(252)
出售/报废
–
(824)
(29)
(473)
(1,326)
2024年12月31日
14,572
13,957
2,038
4,045
34,612
账面净值:
2024年12月31日
16,457
2,942
2,811
744
22,954
2024年1月1日
16,091
2,044
2,630
896
21,661
143
第八章 财务报告
招商银行股份有限公司
2025年半年度报告(A股)
16. 固定资产(续)
(a)
于2025年6月30日,本集团及本行无重大暂时闲置的固定资产(2024年12月31日:无)。
(b)
本集团将部分固定资产用于经营出租,与固定资产相关的在不可撤销经营租赁期内的未来最低应收租赁
款项如下:
2025年6月30日
2024年12月31日
1",600036.SH,招商银行,2025-06-30,2025,半年报,招商银行2025半年报,招商银行2025半年报.pdf,C:\Users\Administrator\Desktop\financial-poc\data\raw\pdf\招商银行2025半年报.pdf,,,,401,679,资产负债表,117,117,175,资产负债表
600036_SH_pdf_招商银行2025半年报_pdf_e6770b40_chunk_402,pdf,pdf,"定资产(2024年12月31日:无)。
(b)
本集团将部分固定资产用于经营出租,与固定资产相关的在不可撤销经营租赁期内的未来最低应收租赁
款项如下:
2025年6月30日
2024年12月31日
1年或以下(含1年)
11,366
11,988
1年以上至2年(含2年)
9,788
10,327
2年以上至3年(含3年)
8,623
8,677
3年以上至4年(含4年)
8,112
8,178
4年以上至5年(含5年)
7,227
7,634
5年以上
26,349
29,074
合计
71,465
75,878
17. 在建工程
本集团
本行
2025年
6月30日
2024年
12月31日
2025年
6月30日
2024年
12月31日
于1月1日余额
3,825
3,980
3,824
3,980
本期/年新增
917
1,995
917
1,994
本期/年转出
(3)
(2,150)
(2)
(2,150)
于6月30日/12月31日余额
4,739
3,825
4,739
3,824
144
第八章 财务报告
招商银行股份有限公司
2025年半年度报告(A股)
18.",600036.SH,招商银行,2025-06-30,2025,半年报,招商银行2025半年报,招商银行2025半年报.pdf,C:\Users\Administrator\Desktop\financial-poc\data\raw\pdf\招商银行2025半年报.pdf,,,,402,679,资产负债表,117,117,175,资产负债表
600036_SH_pdf_招商银行2025半年报_pdf_e6770b40_chunk_403,pdf,pdf,"150)
(2)
(2,150)
于6月30日/12月31日余额
4,739
3,825
4,739
3,824
144
第八章 财务报告
招商银行股份有限公司
2025年半年度报告(A股)
18. 使用权资产
本集团
房屋及建筑物
电子设备
运输设备
及其他
合计
成本:
2025年1月1日
25,269
13
11
25,293
本期新增
1,522
–
–
1,522
本期减少
(1,836)
–
–
(1,836)
汇率变动
(27)
–
–
(27)
2025年6月30日
24,928
13
11
24,952
累计折旧:
2025年1月1日
12,600
8
5
12,613
本期计提(附注41)
1,906
2
1
1,909
本期减少
(1,565)
–
–
(1,565)
汇率变动
(1)
–
–
(1)
2025年6月30日
12,940
10
6
12,956
账面净值:
2025年6月30日
11,988
3
5
11,996
2025年1月1日
12,669
5
6
12,680
本集团
房屋及建筑物
电子设备
运输设备
及其他
合计
成本:
2024年1月1",600036.SH,招商银行,2025-06-30,2025,半年报,招商银行2025半年报,招商银行2025半年报.pdf,C:\Users\Administrator\Desktop\financial-poc\data\raw\pdf\招商银行2025半年报.pdf,,,,403,679,资产负债表,117,117,175,资产负债表
600036_SH_pdf_招商银行2025半年报_pdf_e6770b40_chunk_404,pdf,pdf,"值:
2025年6月30日
11,988
3
5
11,996
2025年1月1日
12,669
5
6
12,680
本集团
房屋及建筑物
电子设备
运输设备
及其他
合计
成本:
2024年1月1日
25,044
10
11
25,065
本年新增
4,423
7
–
4,430
本年减少
(4,222)
(4)
–
(4,226)
汇率变动
24
–
–
24
2024年12月31日
25,269
13
11
25,293
累计折旧:
2024年1月1日
12,399
8
3
12,410
本年计提
3,919
4
2
3,925
本年减少
(3,759)
(4)
–
(3,763)
汇率变动
41
–
–
41
2024年12月31日
12,600
8
5
12,613
账面净值:
2024年12月31日
12,669
5
6
12,680
2024年1月1日
12,645
2
8
12,655
145
第八章 财务报告
招商银行股份有限公司
2025年半年度报告(A股)
18. 使用权资产(续)
本行
房屋及建筑物
电子设备
运输设备
及其他
合计
成本:
2025年1月1日",600036.SH,招商银行,2025-06-30,2025,半年报,招商银行2025半年报,招商银行2025半年报.pdf,C:\Users\Administrator\Desktop\financial-poc\data\raw\pdf\招商银行2025半年报.pdf,,,,404,679,资产负债表,117,117,175,资产负债表
600036_SH_pdf_招商银行2025半年报_pdf_e6770b40_chunk_405,pdf,pdf,"12,655
145
第八章 财务报告
招商银行股份有限公司
2025年半年度报告(A股)
18. 使用权资产(续)
本行
房屋及建筑物
电子设备
运输设备
及其他
合计
成本:
2025年1月1日
23,816
6
4
23,826
本期新增
1,428
–
–
1,428
本期减少
(1,777)
–
–
(1,777)
2025年6月30日
23,467
6
4
23,477
累计折旧:
2025年1月1日
11,584
2
3
11,589
本期计提(附注41)
1,800
1
–
1,801
本期减少
(1,509)
–
–
(1,509)
2025年6月30日
11,875
3
3
11,881
账面净值:
2025年6月30日
11,592
3
1
11,596
2025年1月1日
12,232
4
1
12,237
本行
房屋及建筑物
电子设备
运输设备
及其他
合计
成本:
2024年1月1日
23,643
4
4
23,651
本年新增
4,329
5
–
4,334
本年减少
(4,156)
(3)
–
(4,159)
2024年12月31日
23,816
6",600036.SH,招商银行,2025-06-30,2025,半年报,招商银行2025半年报,招商银行2025半年报.pdf,C:\Users\Administrator\Desktop\financial-poc\data\raw\pdf\招商银行2025半年报.pdf,,,,405,679,资产负债表,117,117,175,资产负债表
600036_SH_pdf_招商银行2025半年报_pdf_e6770b40_chunk_406,pdf,pdf,"本:
2024年1月1日
23,643
4
4
23,651
本年新增
4,329
5
–
4,334
本年减少
(4,156)
(3)
–
(4,159)
2024年12月31日
23,816
6
4
23,826
累计折旧:
2024年1月1日
11,589
4
2
11,595
本年计提
3,708
2
1
3,711
本年减少
(3,713)
(4)
–
(3,717)
2024年12月31日
11,584
2
3
11,589
账面净值:
2024年12月31日
12,232
4
1
12,237
2024年1月1日
12,054
–
2
12,056
146
第八章 财务报告
招商银行股份有限公司
2025年半年度报告(A股)
19. 无形资产
本集团
土地使用权
软件及其他
核心存款
合计
成本/评估值:
2025年1月1日
5,947
10,753
1,246
17,946
本期购入
56
36
–
92
出售/报废
–
(22)
–
(22)
汇率变动
(7)
(3)
(37)
(47)
2025年6月30日
5,996
10,764
1,209
17,969
累计摊",600036.SH,招商银行,2025-06-30,2025,半年报,招商银行2025半年报,招商银行2025半年报.pdf,C:\Users\Administrator\Desktop\financial-poc\data\raw\pdf\招商银行2025半年报.pdf,,,,406,679,资产负债表,117,117,175,资产负债表
600036_SH_pdf_招商银行2025半年报_pdf_e6770b40_chunk_407,pdf,pdf,"本期购入
56
36
–
92
出售/报废
–
(22)
–
(22)
汇率变动
(7)
(3)
(37)
(47)
2025年6月30日
5,996
10,764
1,209
17,969
累计摊销:
2025年1月1日
1,737
9,041
720
11,498
本期摊销(附注41)
91
214
21
326
出售/报废
–
(21)
–
(21)
汇率变动
(5)
(4)
(20)
(29)
2025年6月30日
1,823
9,230
721
11,774
减值准备:
2025年1月1日
–
42
–
42
2025年6月30日
–
42
–
42
账面净值:
2025年6月30日
4,173
1,492
488
6,153
2025年1月1日
4,210
1,670
526
6,406
本集团
土地使用权
软件及其他
核心存款
合计
成本/评估值:
2024年1月1日
6,002
10,577
1,203
17,782
本年购入
–
194
–
194
出售/报废
(61)
(22)
–
(83)
汇率变动
6
4
43
53
2024年12月31日
5,947
10,",600036.SH,招商银行,2025-06-30,2025,半年报,招商银行2025半年报,招商银行2025半年报.pdf,C:\Users\Administrator\Desktop\financial-poc\data\raw\pdf\招商银行2025半年报.pdf,,,,407,679,资产负债表,117,117,175,资产负债表
600036_SH_pdf_招商银行2025半年报_pdf_e6770b40_chunk_408,pdf,pdf,"002
10,577
1,203
17,782
本年购入
–
194
–
194
出售/报废
(61)
(22)
–
(83)
汇率变动
6
4
43
53
2024年12月31日
5,947
10,753
1,246
17,946
累计摊销:
2024年1月1日
1,557
8,418
653
10,628
本年摊销
182
636
44
862
出售/报废
(2)
(20)
–
(22)
汇率变动
–
7
23
30
2024年12月31日
1,737
9,041
720
11,498
减值准备:
2024年1月1日
59
–
–
59
本年计提
–
42
–
42
出售/报废
(59)
–
–
(59)
2024年12月31日
–
42
–
42
账面净值:
2024年12月31日
4,210
1,670
526
6,406
2024年1月1日
4,386
2,159
550
7,095
147
第八章 财务报告
招商银行股份有限公司
2025年半年度报告(A股)
19. 无形资产(续)
本行
土地使用权
软件及其他
合计
成本:
2025年1月1日
5,763
9,816
15",600036.SH,招商银行,2025-06-30,2025,半年报,招商银行2025半年报,招商银行2025半年报.pdf,C:\Users\Administrator\Desktop\financial-poc\data\raw\pdf\招商银行2025半年报.pdf,,,,408,679,资产负债表,117,117,175,资产负债表
600036_SH_pdf_招商银行2025半年报_pdf_e6770b40_chunk_409,pdf,pdf,"95
147
第八章 财务报告
招商银行股份有限公司
2025年半年度报告(A股)
19. 无形资产(续)
本行
土地使用权
软件及其他
合计
成本:
2025年1月1日
5,763
9,816
15,579
本期购入
56
21
77
出售/报废
–
(19)
(19)
汇率变动
–
(1)
(1)
2025年6月30日
5,819
9,817
15,636
累计摊销:
2025年1月1日
1,676
8,524
10,200
本期摊销(附注41)
89
151
240
出售/报废
–
(18)
(18)
汇率变动
–
(1)
(1)
2025年6月30日
1,765
8,656
10,421
账面净值:
2025年6月30日
4,054
1,161
5,215
2025年1月1日
4,087
1,292
5,379
本行
土地使用权
软件及其他
合计
成本:
2024年1月1日
5,763
9,751
15,514
本年购入
–
77
77
出售/报废
–
(14)
(14)
汇率变动
–
2
2
2024年12月31日
5,763
9,816
15,579
累计摊销:
2024年",600036.SH,招商银行,2025-06-30,2025,半年报,招商银行2025半年报,招商银行2025半年报.pdf,C:\Users\Administrator\Desktop\financial-poc\data\raw\pdf\招商银行2025半年报.pdf,,,,409,679,资产负债表,117,117,175,资产负债表
600036_SH_pdf_招商银行2025半年报_pdf_e6770b40_chunk_410,pdf,pdf,"63
9,751
15,514
本年购入
–
77
77
出售/报废
–
(14)
(14)
汇率变动
–
2
2
2024年12月31日
5,763
9,816
15,579
累计摊销:
2024年1月1日
1,498
8,031
9,529
本年摊销
178
504
682
出售/报废
–
(14)
(14)
汇率变动
–
3
3
2024年12月31日
1,676
8,524
10,200
账面净值:
2024年12月31日
4,087
1,292
5,379
2024年1月1日
4,265
1,720
5,985
148
第八章 财务报告
招商银行股份有限公司
2025年半年度报告(A股)
20. 商誉
2024年
12月31日
本期增加
本期减少
2025年
6月30日
招商永隆银行(注(i))
10,177
–
–
10,177
招商基金(注(ii))
355
–
–
355
招银网络科技(注(iii))
1
–
–
1
合计
10,533
–
–
10,533
减:减值准备-招商永隆银行
(579)
–
–
(579)
净额
9,954
–
–
9,954
注:
(i)",600036.SH,招商银行,2025-06-30,2025,半年报,招商银行2025半年报,招商银行2025半年报.pdf,C:\Users\Administrator\Desktop\financial-poc\data\raw\pdf\招商银行2025半年报.pdf,,,,410,679,资产负债表,117,117,175,资产负债表
600036_SH_pdf_招商银行2025半年报_pdf_e6770b40_chunk_411,pdf,pdf,"招银网络科技(注(iii))
1
–
–
1
合计
10,533
–
–
10,533
减:减值准备-招商永隆银行
(579)
–
–
(579)
净额
9,954
–
–
9,954
注:
(i)
于2008年9月30日本行取得招商永隆银行53.12%的股权。于购买日,招商永隆银行可辨认净资产的公允价值为人民币12,898百万元,
其中本行占人民币6,851百万元,其低于合并成本的差额人民币10,177百万元确认为商誉。招商永隆银行详细信息参见附注14(a)。
(ii)
于2013年11月28日本行取得招商基金55.00%的股权。于购买日,招商基金可辩认净资产的公允价值为人民币752百万元,其中本行
占人民币414百万元,其低于合并成本人民币769百万元的差额人民币355百万元确认为商誉。招商基金详细信息参见附注14(a)。
(iii)
招银国际于2015年4月1日取得招银网络科技(深圳)有限公司(“招银网络科技”)100%的股权。于购买日,招银网络科技的可辨认净资
产为人民币3百万元,其低于合并成本的差额人民币1百万元确认为商誉。
21. 递延所得税资产、递延所得税负债
本集团
本",600036.SH,招商银行,2025-06-30,2025,半年报,招商银行2025半年报,招商银行2025半年报.pdf,C:\Users\Administrator\Desktop\financial-poc\data\raw\pdf\招商银行2025半年报.pdf,,,,411,679,资产负债表,117,117,175,资产负债表
600036_SH_pdf_招商银行2025半年报_pdf_e6770b40_chunk_412,pdf,pdf,")有限公司(“招银网络科技”)100%的股权。于购买日,招银网络科技的可辨认净资
产为人民币3百万元,其低于合并成本的差额人民币1百万元确认为商誉。
21. 递延所得税资产、递延所得税负债
本集团
本行
2025年
6月30日
2024年
12月31日
2025年
6月30日
2024年
12月31日
递延所得税资产
88,764
83,674
85,472
80,031
递延所得税负债
(1,112)
(1,592)
–
–
净额
87,652
82,082
85,472
80,031
149
第八章 财务报告
招商银行股份有限公司
2025年半年度报告(A股)
21. 递延所得税资产、递延所得税负债(续)
(a) 递延所得税资产和负债及对应的暂时性差异列示如下:
本集团
2025年6月30日
2024年12月31日
可抵扣/
(应纳税)
暂时性差异
递延所得税
可抵扣/
(应纳税)
暂时性差异
递延所得税
未抵销前递延所得税资产
以摊余成本计量的贷款和垫款及
其他资产损失/减值准备
303,221
75,568
294,876
73,469
以公允价值计量且其变动计入
其他综合收益",600036.SH,招商银行,2025-06-30,2025,半年报,招商银行2025半年报,招商银行2025半年报.pdf,C:\Users\Administrator\Desktop\financial-poc\data\raw\pdf\招商银行2025半年报.pdf,,,,412,679,资产负债表,117,117,175,资产负债表
600036_SH_pdf_招商银行2025半年报_pdf_e6770b40_chunk_413,pdf,pdf,"时性差异
递延所得税
未抵销前递延所得税资产
以摊余成本计量的贷款和垫款及
其他资产损失/减值准备
303,221
75,568
294,876
73,469
以公允价值计量且其变动计入
其他综合收益的金融资产
5
1
1,389
233
以公允价值计量且其变动计入
当期损益的金融工具
660
165
845
209
租赁负债
11,961
2,990
12,656
3,163
应付工资及其他
94,942
22,487
92,695
22,081
合计
410,789
101,211
402,461
99,155
未抵销前递延所得税负债
以公允价值计量且其变动计入
其他综合收益的金融资产
(25,730)
(6,415)
(32,611)
(8,153)
以公允价值计量且其变动计入
当期损益的金融工具
(3,172)
(793)
(9,597)
(2,399)
使用权资产
(11,880)
(2,970)
(12,575)
(3,142)
其他
(21,167)
(3,381)
(22,188)
(3,379)
合计
(61,949)
(13,559)
(76,971)
(17,07",600036.SH,招商银行,2025-06-30,2025,半年报,招商银行2025半年报,招商银行2025半年报.pdf,C:\Users\Administrator\Desktop\financial-poc\data\raw\pdf\招商银行2025半年报.pdf,,,,413,679,资产负债表,117,117,175,资产负债表
600036_SH_pdf_招商银行2025半年报_pdf_e6770b40_chunk_414,pdf,pdf,")
(2,970)
(12,575)
(3,142)
其他
(21,167)
(3,381)
(22,188)
(3,379)
合计
(61,949)
(13,559)
(76,971)
(17,073)
150
第八章 财务报告
招商银行股份有限公司
2025年半年度报告(A股)
21. 递延所得税资产、递延所得税负债(续)
(a) 递延所得税资产和负债及对应的暂时性差异列示如下:
(续)
本集团
2025年
6月30日
2024年
12月31日
未抵销前递延所得税资产
101,211
99,155
抵销金额
(12,447)
(15,481)
抵销后递延所得税资产
88,764
83,674
未抵销前递延所得税负债
(13,559)
(17,073)
抵销金额
12,447
15,481
抵销后递延所得税负债
(1,112)
(1,592)
本行
2025年6月30日
2024年12月31日
可抵扣/
(应纳税)
暂时性差异
递延所得税
可抵扣/
(应纳税)
暂时性差异
递延所得税
未抵销前递延所得税资产
以摊余成本计量的贷款和垫款及
其他资产损失/减值准备
293,696
73,",600036.SH,招商银行,2025-06-30,2025,半年报,招商银行2025半年报,招商银行2025半年报.pdf,C:\Users\Administrator\Desktop\financial-poc\data\raw\pdf\招商银行2025半年报.pdf,,,,414,679,资产负债表,117,117,175,资产负债表
600036_SH_pdf_招商银行2025半年报_pdf_e6770b40_chunk_415,pdf,pdf,"31日
可抵扣/
(应纳税)
暂时性差异
递延所得税
可抵扣/
(应纳税)
暂时性差异
递延所得税
未抵销前递延所得税资产
以摊余成本计量的贷款和垫款及
其他资产损失/减值准备
293,696
73,424
286,168
71,542
租赁负债
11,668
2,917
12,294
3,074
应付工资及其他
79,407
19,852
77,329
19,332
合计
384,771
96,193
375,791
93,948
未抵销前递延所得税负债
以公允价值计量且其变动计入
其他综合收益的金融资产
(25,040)
(6,259)
(31,979)
(7,994)
以公允价值计量且其变动计入
当期损益的金融工具
(2,363)
(591)
(8,735)
(2,184)
使用权资产
(11,596)
(2,899)
(12,237)
(3,059)
其他
(3,892)
(972)
(2,720)
(680)
合计
(42,891)
(10,721)
(55,671)
(13,917)
151
第八章 财务报告
招商银行股份有限公司
2025年半年度报告(A股)
21. 递延",600036.SH,招商银行,2025-06-30,2025,半年报,招商银行2025半年报,招商银行2025半年报.pdf,C:\Users\Administrator\Desktop\financial-poc\data\raw\pdf\招商银行2025半年报.pdf,,,,415,679,资产负债表,117,117,175,资产负债表
600036_SH_pdf_招商银行2025半年报_pdf_e6770b40_chunk_416,pdf,pdf,")
(2,720)
(680)
合计
(42,891)
(10,721)
(55,671)
(13,917)
151
第八章 财务报告
招商银行股份有限公司
2025年半年度报告(A股)
21. 递延所得税资产、递延所得税负债(续)
(a) 递延所得税资产和负债及对应的暂时性差异列示如下:
(续)
本行
2025年
6月30日
2024年
12月31日
未抵销前递延所得税资产
96,193
93,948
抵销金额
(10,721)
(13,917)
抵销后递延所得税资产
85,472
80,031
未抵销前递延所得税负债
(10,721)
(13,917)
抵销金额
10,721
13,917
抵销后递延所得税负债
–
–
(b) 递延所得税的变动
本集团
以摊余成本
计量的贷款和
垫款及其他
资产损失/
减值准备
以公允价值
计量且其变动
计入其他综合
收益的金融资产
以公允价值
计量且其变动
计入当期损益的
金融工具
其他
合计
于2025年1月1日
73,469
(7,920)
(2,190)
18,723
82,082
于损益中确认
2,122
(784)
1,603
361",600036.SH,招商银行,2025-06-30,2025,半年报,招商银行2025半年报,招商银行2025半年报.pdf,C:\Users\Administrator\Desktop\financial-poc\data\raw\pdf\招商银行2025半年报.pdf,,,,416,679,资产负债表,117,117,175,资产负债表
600036_SH_pdf_招商银行2025半年报_pdf_e6770b40_chunk_417,pdf,pdf,"其变动
计入当期损益的
金融工具
其他
合计
于2025年1月1日
73,469
(7,920)
(2,190)
18,723
82,082
于损益中确认
2,122
(784)
1,603
361
3,302
于其他综合收益确认
–
2,296
–
(17)
2,279
汇率变动影响
(23)
(6)
(41)
59
(11)
于2025年6月30日
75,568
(6,414)
(628)
19,126
87,652
152
第八章 财务报告
招商银行股份有限公司
2025年半年度报告(A股)
21. 递延所得税资产、递延所得税负债(续)
(b) 递延所得税的变动(续)
本集团
以摊余成本
计量的贷款和
垫款及其他
资产损失/
减值准备
以公允价值
计量且其变动
计入其他综合
收益的金融资产
以公允价值
计量且其变动
计入当期损益的
金融工具
其他
合计
2024年1月1日
74,251
(2,232)
(363)
17,294
88,950
于损益中确认
(808)
1,004
(1,828)
1,468
(164)
于其他综合收益确认
–
(6,704)
–
4
(6,700)",600036.SH,招商银行,2025-06-30,2025,半年报,招商银行2025半年报,招商银行2025半年报.pdf,C:\Users\Administrator\Desktop\financial-poc\data\raw\pdf\招商银行2025半年报.pdf,,,,417,679,资产负债表,117,117,175,资产负债表
600036_SH_pdf_招商银行2025半年报_pdf_e6770b40_chunk_418,pdf,pdf,"1
(2,232)
(363)
17,294
88,950
于损益中确认
(808)
1,004
(1,828)
1,468
(164)
于其他综合收益确认
–
(6,704)
–
4
(6,700)
汇率变动影响
26
12
1
(43)
(4)
2024年12月31日
73,469
(7,920)
(2,190)
18,723
82,082
本行
以摊余成本
计量的贷款和
垫款及其他
资产损失/
减值准备
以公允价值
计量且其变动
计入其他综合
收益的金融资产
以公允价值
计量且其变动
计入当期损益的
金融工具
其他
合计
于2025年1月1日
71,542
(7,994)
(2,184)
18,667
80,031
于损益中确认
1,882
(788)
1,593
238
2,925
于其他综合收益确认
–
2,523
–
(7)
2,516
于2025年6月30日
73,424
(6,259)
(591)
18,898
85,472
本行
以摊余成本
计量的贷款和
垫款及其他
资产损失/
减值准备
以公允价值
计量且其变动
计入其他综合
收益的金融资产
以公允价值
计量且其变动",600036.SH,招商银行,2025-06-30,2025,半年报,招商银行2025半年报,招商银行2025半年报.pdf,C:\Users\Administrator\Desktop\financial-poc\data\raw\pdf\招商银行2025半年报.pdf,,,,418,679,资产负债表,117,117,175,资产负债表
600036_SH_pdf_招商银行2025半年报_pdf_e6770b40_chunk_419,pdf,pdf,"6,259)
(591)
18,898
85,472
本行
以摊余成本
计量的贷款和
垫款及其他
资产损失/
减值准备
以公允价值
计量且其变动
计入其他综合
收益的金融资产
以公允价值
计量且其变动
计入当期损益的
金融工具
其他
合计
2024年1月1日
72,607
(2,475)
(308)
17,353
87,177
于损益中确认
(1,065)
1,010
(1,876)
1,311
(620)
于其他综合收益确认
–
(6,529)
–
3
(6,526)
2024年12月31日
71,542
(7,994)
(2,184)
18,667
80,031
注1 :
本行适用的所得税率为25%(2024年:25%)。
注2 :
本集团可以控制与子公司投资相关的应纳税暂时性差异转回的时间,该暂时性差异在可预见的未来很可能不会转回,故本集团未对该部
分应纳税暂时性差异确认相应的递延所得税负债。
153
第八章 财务报告
招商银行股份有限公司
2025年半年度报告(A股)
22. 资产损失准备表
本集团
截至2025年6月30日止6个月期间
附注
于1月1日
余额
本期计提
(转回",600036.SH,招商银行,2025-06-30,2025,半年报,招商银行2025半年报,招商银行2025半年报.pdf,C:\Users\Administrator\Desktop\financial-poc\data\raw\pdf\招商银行2025半年报.pdf,,,,419,679,资产负债表,117,117,175,资产负债表
600036_SH_pdf_招商银行2025半年报_pdf_e6770b40_chunk_420,pdf,pdf,"得税负债。
153
第八章 财务报告
招商银行股份有限公司
2025年半年度报告(A股)
22. 资产损失准备表
本集团
截至2025年6月30日止6个月期间
附注
于1月1日
余额
本期计提
(转回)
本期收回
已核销
本期
核销/处置
汇率及
其他变动
于6月30日
余额
应收同业和其他金融机构
款项损失准备
6(b),7(c),8(d)
2,702
182
–
–
(9)
2,875
贷款和垫款损失准备
9(c)
270,301
23,341
5,514
(26,054)
(369)
272,733
以摊余成本计量的债务工具
投资损失准备
11(c)
35,459
(247)
5
(232)
(12)
34,973
以公允价值计量且其变动
计入其他综合收益的
债务工具投资损失准备
12(b)
8,620
(168)
–
–
(54)
8,398
固定资产减值准备
16
1,890
–
–
(1,219)
(4)
667
无形资产减值准备
19
42
–
–
–
–
42
商誉减值准备
20
579
–
–
–
–
579
待处理抵债资产减值准备
128
11
–
(2)
–
13",600036.SH,招商银行,2025-06-30,2025,半年报,招商银行2025半年报,招商银行2025半年报.pdf,C:\Users\Administrator\Desktop\financial-poc\data\raw\pdf\招商银行2025半年报.pdf,,,,420,679,资产负债表,117,117,175,资产负债表
600036_SH_pdf_招商银行2025半年报_pdf_e6770b40_chunk_421,pdf,pdf,"–
(1,219)
(4)
667
无形资产减值准备
19
42
–
–
–
–
42
商誉减值准备
20
579
–
–
–
–
579
待处理抵债资产减值准备
128
11
–
(2)
–
137
其他资产信用损失准备
7,402
69
15
(21)
(16)
7,449
合计
327,123
23,188
5,534
(27,528)
(464)
327,853
2024年
附注
年初余额
本年计提
(转回)
本年收回
已核销
本年
核销/处置
汇率及
其他变动
年末余额
应收同业和其他金融机构
款项损失准备
6(b),7(c),8(d)
1,331
1,371
–
–
–
2,702
贷款和垫款损失准备
9(c)
269,534
43,608
10,274
(53,154)
39
270,301
以摊余成本计量的债务工具
投资损失准备
11(c)
39,390
(4,130)
175
–
24
35,459
以公允价值计量且其变动
计入其他综合收益的
债务工具投资损失准备
12(b)
6,812
1,730
–
–
78
8,620
固定资产减值准备
16
1,179
79",600036.SH,招商银行,2025-06-30,2025,半年报,招商银行2025半年报,招商银行2025半年报.pdf,C:\Users\Administrator\Desktop\financial-poc\data\raw\pdf\招商银行2025半年报.pdf,,,,421,679,资产负债表,117,117,175,资产负债表
600036_SH_pdf_招商银行2025半年报_pdf_e6770b40_chunk_422,pdf,pdf,"175
–
24
35,459
以公允价值计量且其变动
计入其他综合收益的
债务工具投资损失准备
12(b)
6,812
1,730
–
–
78
8,620
固定资产减值准备
16
1,179
791
–
(94)
14
1,890
无形资产减值准备
19
59
42
–
(59)
–
42
商誉减值准备
20
579
–
–
–
–
579
待处理抵债资产减值准备
139
10
–
(19)
(2)
128
其他资产信用损失准备
7,296
441
19
(351)
(3)
7,402
合计
326,319
43,863
10,468
(53,677)
150
327,123
154
第八章 财务报告
招商银行股份有限公司
2025年半年度报告(A股)
22. 资产损失准备表(续)
本行
截至2025年6月30日止6个月期间
附注
于1月1日
余额
本期计提
(转回)
本期收回
已核销
本期
核销/处置
汇率及
其他变动
于6月30日
余额
应收同业和其他金融机构
款项损失准备
6(b),7(c),8(d)
2,736
188
–
–
(10)
2,914
贷款和垫款损失准备
9(",600036.SH,招商银行,2025-06-30,2025,半年报,招商银行2025半年报,招商银行2025半年报.pdf,C:\Users\Administrator\Desktop\financial-poc\data\raw\pdf\招商银行2025半年报.pdf,,,,422,679,资产负债表,117,117,175,资产负债表
600036_SH_pdf_招商银行2025半年报_pdf_e6770b40_chunk_423,pdf,pdf,"本期
核销/处置
汇率及
其他变动
于6月30日
余额
应收同业和其他金融机构
款项损失准备
6(b),7(c),8(d)
2,736
188
–
–
(10)
2,914
贷款和垫款损失准备
9(c)
259,885
22,454
5,382
(25,794)
(223)
261,704
以摊余成本计量的债务工具
投资损失准备
11(c)
35,136
(357)
5
(232)
(1)
34,551
以公允价值计量且其变动
计入其他综合收益的
债务工具投资损失准备
12(b)
8,519
(190)
–
–
(50)
8,279
长期股权投资减值准备
14
1,768
–
–
–
–
1,768
待处理抵债资产减值准备
83
11
–
(2)
–
92
其他资产信用损失准备
6,699
(3)
15
(21)
–
6,690
合计
314,826
22,103
5,402
(26,049)
(284)
315,998
2024年
附注
年初余额
本年计提
(转回)
本年收回
已核销
本年
核销/处置
汇率及
其他变动
年末余额
应收同业和其他金融机构
款项损失准备
6(b),7(",600036.SH,招商银行,2025-06-30,2025,半年报,招商银行2025半年报,招商银行2025半年报.pdf,C:\Users\Administrator\Desktop\financial-poc\data\raw\pdf\招商银行2025半年报.pdf,,,,423,679,资产负债表,117,117,175,资产负债表
600036_SH_pdf_招商银行2025半年报_pdf_e6770b40_chunk_424,pdf,pdf,"49)
(284)
315,998
2024年
附注
年初余额
本年计提
(转回)
本年收回
已核销
本年
核销/处置
汇率及
其他变动
年末余额
应收同业和其他金融机构
款项损失准备
6(b),7(c),8(d)
1,321
1,414
–
–
1
2,736
贷款和垫款损失准备
9(c)
261,402
40,076
10,261
(51,770)
(84)
259,885
以摊余成本计量的债务工具
投资损失准备
11(c)
39,237
(4,294)
175
–
18
35,136
以公允价值计量且其变动
计入其他综合收益的
债务工具投资损失准备
12(b)
6,688
1,758
–
–
73
8,519
长期股权投资减值准备
14
1,768
–
–
–
–
1,768
待处理抵债资产减值准备
109
(3)
–
(19)
(4)
83
其他资产信用损失准备
6,555
543
19
(418)
–
6,699
合计
317,080
39,494
10,455
(52,207)
4
314,826
注:
各项金融工具应计利息的损失准备余额及其变动包含于“其他资产信用损失准备",600036.SH,招商银行,2025-06-30,2025,半年报,招商银行2025半年报,招商银行2025半年报.pdf,C:\Users\Administrator\Desktop\financial-poc\data\raw\pdf\招商银行2025半年报.pdf,,,,424,679,资产负债表,117,117,175,资产负债表
600036_SH_pdf_招商银行2025半年报_pdf_e6770b40_chunk_425,pdf,pdf,"19
(418)
–
6,699
合计
317,080
39,494
10,455
(52,207)
4
314,826
注:
各项金融工具应计利息的损失准备余额及其变动包含于“其他资产信用损失准备”中。
155
第八章 财务报告
招商银行股份有限公司
2025年半年度报告(A股)
23. 同业和其他金融机构存放款项
本集团
本行
2025年
6月30日
2024年
12月31日
2025年
6月30日
2024年
12月31日
本金(a)
744,834
699,306
726,864
691,832
应计利息
765
669
692
558
合计
745,599
699,975
727,556
692,390
(a) 按交易对手性质分析
本集团
本行
2025年
6月30日
2024年
12月31日
2025年
6月30日
2024年
12月31日
境内
740,564
697,014
724,217
689,699
-同业
13,132
37,744
11,328
34,470
-其他金融机构
727,432
659,270
712,889
655,229
境外
4,270
2",600036.SH,招商银行,2025-06-30,2025,半年报,招商银行2025半年报,招商银行2025半年报.pdf,C:\Users\Administrator\Desktop\financial-poc\data\raw\pdf\招商银行2025半年报.pdf,,,,425,679,资产负债表,117,117,175,资产负债表
600036_SH_pdf_招商银行2025半年报_pdf_e6770b40_chunk_426,pdf,pdf,"4
724,217
689,699
-同业
13,132
37,744
11,328
34,470
-其他金融机构
727,432
659,270
712,889
655,229
境外
4,270
2,292
2,647
2,133
-同业
3,188
1,157
1,537
984
-其他金融机构
1,082
1,135
1,110
1,149
合计
744,834
699,306
726,864
691,832
156
第八章 财务报告
招商银行股份有限公司
2025年半年度报告(A股)
24. 拆入资金
本集团
本行
2025年
6月30日
2024年
12月31日
2025年
6月30日
2024年
12月31日
本金(a)
256,905
234,453
54,313
46,466
应计利息
850
923
286
275
合计
257,755
235,376
54,599
46,741
(a) 按交易对手性质分析
本集团
本行
2025年
6月30日
2024年
12月31日
2025年
6月30日
2024年
12月31日
境内
173,380
153,837
27,75",600036.SH,招商银行,2025-06-30,2025,半年报,招商银行2025半年报,招商银行2025半年报.pdf,C:\Users\Administrator\Desktop\financial-poc\data\raw\pdf\招商银行2025半年报.pdf,,,,426,679,资产负债表,117,117,175,资产负债表
600036_SH_pdf_招商银行2025半年报_pdf_e6770b40_chunk_427,pdf,pdf,",741
(a) 按交易对手性质分析
本集团
本行
2025年
6月30日
2024年
12月31日
2025年
6月30日
2024年
12月31日
境内
173,380
153,837
27,753
28,558
-同业
171,877
150,562
27,753
28,558
-其他金融机构
1,503
3,275
–
–
境外
83,525
80,616
26,560
17,908
-同业
83,310
80,397
26,345
17,689
-其他金融机构
215
219
215
219
合计
256,905
234,453
54,313
46,466
157
第八章 财务报告
招商银行股份有限公司
2025年半年度报告(A股)
25. 以公允价值计量且其变动计入当期损益的金融负债
本集团
本行
附注
2025年
6月30日
2024年
12月31日
2025年
6月30日
2024年
12月31日
交易性金融负债
(a)
56,434
29,146
55,736
28,757
指定为以公允价值计量
且其变动计入当期损益的
金融负债
(b)
42,845
38,315
5",600036.SH,招商银行,2025-06-30,2025,半年报,招商银行2025半年报,招商银行2025半年报.pdf,C:\Users\Administrator\Desktop\financial-poc\data\raw\pdf\招商银行2025半年报.pdf,,,,427,679,资产负债表,117,117,175,资产负债表
600036_SH_pdf_招商银行2025半年报_pdf_e6770b40_chunk_428,pdf,pdf,"2024年
12月31日
交易性金融负债
(a)
56,434
29,146
55,736
28,757
指定为以公允价值计量
且其变动计入当期损益的
金融负债
(b)
42,845
38,315
5,714
5,712
合计
99,279
67,461
61,450
34,469
(a) 交易性金融负债
本集团
本行
2025年
6月30日
2024年
12月31日
2025年
6月30日
2024年
12月31日
与贵金属相关的金融负债
55,736
28,757
55,736
28,757
债券卖空
698
389
–
–
合计
56,434
29,146
55,736
28,757
(b) 指定为以公允价值计量且其变动计入当期损益的金融负债
本集团
本行
2025年
6月30日
2024年
12月31日
2025年
6月30日
2024年
12月31日
境内
36,377
32,489
–
–
-其他
36,377
32,489
–
–
境外
6,468
5,826
5,714
5,712
-发行债券
5,590
5,567
5,714
5,712
-其他
878
259
–",600036.SH,招商银行,2025-06-30,2025,半年报,招商银行2025半年报,招商银行2025半年报.pdf,C:\Users\Administrator\Desktop\financial-poc\data\raw\pdf\招商银行2025半年报.pdf,,,,428,679,资产负债表,117,117,175,资产负债表
600036_SH_pdf_招商银行2025半年报_pdf_e6770b40_chunk_429,pdf,pdf,"89
–
–
-其他
36,377
32,489
–
–
境外
6,468
5,826
5,714
5,712
-发行债券
5,590
5,567
5,714
5,712
-其他
878
259
–
–
合计
42,845
38,315
5,714
5,712
于2025年6月30日及2024年12月31日,本集团及本行的指定为以公允价值计量且其变动计入当期损益的金融负
债的公允价值与按合同到期日应支付持有人的金额的差异并不重大。截至2025年6月30日止6个月期间及该日和
截至2024年12月31日止年度及该日,由于本集团及本行信用风险变化导致上述金融负债公允价值变化的金额并
不重大。
158
第八章 财务报告
招商银行股份有限公司
2025年半年度报告(A股)
26. 卖出回购金融资产款
本集团
本行
2025年
6月30日
2024年
12月31日
2025年
6月30日
2024年
12月31日
本金(a)(b)
116,294
83,747
90,031
53,787
应计利息
171
295
21
100
合计
116,465
84,042
90,052
53,887
(a",600036.SH,招商银行,2025-06-30,2025,半年报,招商银行2025半年报,招商银行2025半年报.pdf,C:\Users\Administrator\Desktop\financial-poc\data\raw\pdf\招商银行2025半年报.pdf,,,,429,679,资产负债表,117,117,175,资产负债表
600036_SH_pdf_招商银行2025半年报_pdf_e6770b40_chunk_430,pdf,pdf,"12月31日
本金(a)(b)
116,294
83,747
90,031
53,787
应计利息
171
295
21
100
合计
116,465
84,042
90,052
53,887
(a) 按交易对手性质分析
本集团
本行
2025年
6月30日
2024年
12月31日
2025年
6月30日
2024年
12月31日
境内
101,396
60,182
88,501
50,657
-同业
95,933
56,941
88,501
50,657
-其他金融机构
5,463
3,241
–
–
境外
14,898
23,565
1,530
3,130
-同业
10,777
11,759
1,002
1,837
-其他金融机构
4,121
11,806
528
1,293
合计
116,294
83,747
90,031
53,787
(b) 按资产类型分析
本集团
本行
2025年
6月30日
2024年
12月31日
2025年
6月30日
2024年
12月31日
债券
115,293
83,747
89,030
53,787
-政府债券
72,072
57,326",600036.SH,招商银行,2025-06-30,2025,半年报,招商银行2025半年报,招商银行2025半年报.pdf,C:\Users\Administrator\Desktop\financial-poc\data\raw\pdf\招商银行2025半年报.pdf,,,,430,679,资产负债表,117,117,175,资产负债表
600036_SH_pdf_招商银行2025半年报_pdf_e6770b40_chunk_431,pdf,pdf,"25年
6月30日
2024年
12月31日
2025年
6月30日
2024年
12月31日
债券
115,293
83,747
89,030
53,787
-政府债券
72,072
57,326
67,787
46,787
-政策性银行债券
26,486
8,530
20,496
4,000
-商业银行及其他金融机构债券
12,863
11,128
219
–
-其他债券
3,872
6,763
528
3,000
票据
1,001
–
1,001
–
合计
116,294
83,747
90,031
53,787
159
第八章 财务报告
招商银行股份有限公司
2025年半年度报告(A股)
27. 客户存款
本集团
本行
2025年
6月30日
2024年
12月31日
2025年
6月30日
2024年
12月31日
本金(a)
9,422,379
9,096,587
9,063,432
8,778,250
应计利息
87,147
98,742
84,773
96,567
合计
9,509,526
9,195,329
9,148,205
8,874,817
(a) 按类型分类如",600036.SH,招商银行,2025-06-30,2025,半年报,招商银行2025半年报,招商银行2025半年报.pdf,C:\Users\Administrator\Desktop\financial-poc\data\raw\pdf\招商银行2025半年报.pdf,,,,431,679,资产负债表,117,117,175,资产负债表
600036_SH_pdf_招商银行2025半年报_pdf_e6770b40_chunk_432,pdf,pdf,"432
8,778,250
应计利息
87,147
98,742
84,773
96,567
合计
9,509,526
9,195,329
9,148,205
8,874,817
(a) 按类型分类如下:
本集团
本行
2025年
6月30日
2024年
12月31日
2025年
6月30日
2024年
12月31日
公司存款
5,170,154
5,063,553
5,046,808
4,952,448
-活期
2,747,953
2,772,365
2,678,734
2,709,727
-定期
2,422,201
2,291,188
2,368,074
2,242,721
零售存款
4,252,225
4,033,034
4,016,624
3,825,802
-活期
2,060,485
1,980,251
1,990,140
1,919,259
-定期
2,191,740
2,052,783
2,026,484
1,906,543
合计
9,422,379
9,096,587
9,063,432
8,778,250
28. 应交税费
本集团
本行
2025年
6月30日
202",600036.SH,招商银行,2025-06-30,2025,半年报,招商银行2025半年报,招商银行2025半年报.pdf,C:\Users\Administrator\Desktop\financial-poc\data\raw\pdf\招商银行2025半年报.pdf,,,,432,679,资产负债表,117,117,175,资产负债表
600036_SH_pdf_招商银行2025半年报_pdf_e6770b40_chunk_433,pdf,pdf,"2,783
2,026,484
1,906,543
合计
9,422,379
9,096,587
9,063,432
8,778,250
28. 应交税费
本集团
本行
2025年
6月30日
2024年
12月31日
2025年
6月30日
2024年
12月31日
企业所得税
9,994
5,680
7,704
4,153
增值税
4,098
3,963
3,763
3,650
其他
1,301
2,070
1,156
1,865
合计
15,393
11,713
12,623
9,668
160
第八章 财务报告
招商银行股份有限公司
2025年半年度报告(A股)
29. 预计负债
本集团
本行
2025年
6月30日
2024年
12月31日
2025年
6月30日
2024年
12月31日
表外预期信用损失准备
16,147
14,712
16,063
14,640
其他预计负债
1,950
2,050
1,893
1,998
合计
18,097
16,762
17,956
16,638
表外预期信用损失准备按照三阶段划分:
本集团
本行
2025年
6月30日
2024年",600036.SH,招商银行,2025-06-30,2025,半年报,招商银行2025半年报,招商银行2025半年报.pdf,C:\Users\Administrator\Desktop\financial-poc\data\raw\pdf\招商银行2025半年报.pdf,,,,433,679,资产负债表,117,117,175,资产负债表
600036_SH_pdf_招商银行2025半年报_pdf_e6770b40_chunk_434,pdf,pdf,"1,950
2,050
1,893
1,998
合计
18,097
16,762
17,956
16,638
表外预期信用损失准备按照三阶段划分:
本集团
本行
2025年
6月30日
2024年
12月31日
2025年
6月30日
2024年
12月31日
阶段一(12个月预期信用损失)
14,309
12,560
14,261
12,492
阶段二(整个存续期预期信用损失
-未减值)
1,411
1,338
1,379
1,335
阶段三(整个存续期预期信用损失
-已减值)
427
814
423
813
合计
16,147
14,712
16,063
14,640
30. 应付债券
本集团
本行
附注
2025年
6月30日
2024年
12月31日
2025年
6月30日
2024年
12月31日
已发行债券
(a)
91,080
85,003
40,088
38,224
已发行同业存单
22,455
89,186
22,455
89,186
已发行存款证及其他(注)
48,485
47,394
29,559
28,230
应计利息
1,310
1,338
439
506",600036.SH,招商银行,2025-06-30,2025,半年报,招商银行2025半年报,招商银行2025半年报.pdf,C:\Users\Administrator\Desktop\financial-poc\data\raw\pdf\招商银行2025半年报.pdf,,,,434,679,资产负债表,117,117,175,资产负债表
600036_SH_pdf_招商银行2025半年报_pdf_e6770b40_chunk_435,pdf,pdf,"行同业存单
22,455
89,186
22,455
89,186
已发行存款证及其他(注)
48,485
47,394
29,559
28,230
应计利息
1,310
1,338
439
506
合计
163,330
222,921
92,541
156,146
注:
其他应付债券为本集团境外子公司发行的票据。
161
第八章 财务报告
招商银行股份有限公司
2025年半年度报告(A股)
30. 应付债券(续)
(a) 已发行债券
于资产负债表日本行发行债券如下:
债券种类
期限
发行日期
年利率
面值总额
期初余额
本期发行
折溢价摊销
汇率变动
本期偿还
期末余额
(%)
(百万元)
(人民币
百万元)
(人民币
百万元)
(人民币
百万元)
(人民币
百万元)
(人民币
百万元)
(人民币
百万元)
中期票据
60个月
2021年9月1日
1.25
美元300
2,195
–
(2)
(39)
–
2,154
中期票据
36个月
2022年3月2日
2.00
美元400
2,938
–
–
(68)
(2,870)
–
固定利率债券
36个月
2022年5月11日
2.65",600036.SH,招商银行,2025-06-30,2025,半年报,招商银行2025半年报,招商银行2025半年报.pdf,C:\Users\Administrator\Desktop\financial-poc\data\raw\pdf\招商银行2025半年报.pdf,,,,435,679,资产负债表,117,117,175,资产负债表
600036_SH_pdf_招商银行2025半年报_pdf_e6770b40_chunk_436,pdf,pdf,"2)
(39)
–
2,154
中期票据
36个月
2022年3月2日
2.00
美元400
2,938
–
–
(68)
(2,870)
–
固定利率债券
36个月
2022年5月11日
2.65
人民币5,000
5,000
–
–
–
(5,000)
–
固定利率债券
36个月
2022年9月1日
2.40
人民币10,000
9,999
–
–
–
–
9,999
固定利率债券
36个月
2023年3月27日
2.77
人民币5,000
4,999
–
–
–
–
4,999
中期票据
36个月
2023年6月13日
SOFR+65基点
美元400
2,927
–
–
(53)
–
2,874
固定利率债券
36个月
2024年3月22日
2.35
人民币5,000
4,999
–
–
–
–
4,999
中期票据
36个月
2024年7月10日
5.22
美元400
2,955
–
–
(60)
–
2,895
中期票据
36个月
2024年7月15日
5.78
美元300
2,212
–
(2)
(40)
–
2,170
固定利率债券
36个月
2025年2月25日
1.9",600036.SH,招商银行,2025-06-30,2025,半年报,招商银行2025半年报,招商银行2025半年报.pdf,C:\Users\Administrator\Desktop\financial-poc\data\raw\pdf\招商银行2025半年报.pdf,,,,436,679,资产负债表,117,117,175,资产负债表
600036_SH_pdf_招商银行2025半年报_pdf_e6770b40_chunk_437,pdf,pdf,"–
–
(60)
–
2,895
中期票据
36个月
2024年7月15日
5.78
美元300
2,212
–
(2)
(40)
–
2,170
固定利率债券
36个月
2025年2月25日
1.90
人民币5,000
–
5,000
(1)
–
–
4,999
固定利率债券
36个月
2025年6月5日
1.66
人民币5,000
–
5,000
(1)
–
–
4,999
合计
38,224
10,000
(6)
(260)
(7,870)
40,088
SOFR为有担保隔夜融资利率。
注:
于2025年6月30日,招商永隆银行持有本行发行的金融债券余额折合人民币322百万元(2024年12月31日:折合人民币364百万元)。
162
第八章 财务报告
招商银行股份有限公司
2025年半年度报告(A股)
30. 应付债券(续)
(a) 已发行债券(续)
于资产负债表日招银金租及其子公司发行债券如下:
债券种类
期限
发行日期
年利率
面值总额
期初余额
本期发行
折溢价摊销
汇率变动
本期偿还
期末余额
(%)
(百万元)
(人民币
百万元)
(人民币
百万元)
(人民币
百万元",600036.SH,招商银行,2025-06-30,2025,半年报,招商银行2025半年报,招商银行2025半年报.pdf,C:\Users\Administrator\Desktop\financial-poc\data\raw\pdf\招商银行2025半年报.pdf,,,,437,679,资产负债表,117,117,175,资产负债表
600036_SH_pdf_招商银行2025半年报_pdf_e6770b40_chunk_438,pdf,pdf,"司发行债券如下:
债券种类
期限
发行日期
年利率
面值总额
期初余额
本期发行
折溢价摊销
汇率变动
本期偿还
期末余额
(%)
(百万元)
(人民币
百万元)
(人民币
百万元)
(人民币
百万元)
(人民币
百万元)
(人民币
百万元)
(人民币
百万元)
固定利率债券
120个月
2019年7月3日
3.63
美元100
716
–
–
(3)
–
713
固定利率债券
120个月
2020年7月14日
4.25
人民币2,000
1,995
–
5
–
–
2,000
固定利率债券
60个月
2020年8月12日
1.88
美元800
5,748
–
2
(24)
–
5,726
固定利率债券
120个月
2020年8月12日
2.75
美元400
2,860
–
1
(11)
–
2,850
固定利率债券
60个月
2021年2月4日
2.00
美元400
2,873
–
1
(12)
–
2,862
固定利率债券
120个月
2021年2月4日
2.88
美元400
2,855
–
2
(12)
–
2,845
固定利率债券
60个月
2021年3月24日
2.00
美元",600036.SH,招商银行,2025-06-30,2025,半年报,招商银行2025半年报,招商银行2025半年报.pdf,C:\Users\Administrator\Desktop\financial-poc\data\raw\pdf\招商银行2025半年报.pdf,,,,438,679,资产负债表,117,117,175,资产负债表
600036_SH_pdf_招商银行2025半年报_pdf_e6770b40_chunk_439,pdf,pdf,"(12)
–
2,862
固定利率债券
120个月
2021年2月4日
2.88
美元400
2,855
–
2
(12)
–
2,845
固定利率债券
60个月
2021年3月24日
2.00
美元20
143
–
–
–
–
143
固定利率债券
60个月
2021年9月16日
1.75
美元300
2,151
–
2
(10)
–
2,143
浮动利率债券
60个月
2022年12月16日
SOFR+140基点
美元100
719
–
–
(3)
–
716
固定利率债券
24个月
2023年2月17日
3.50
人民币500
500
–
–
–
(500)
–
浮动利率债券
24个月
2023年5月31日
SOFR+100基点
美元75
539
–
–
–
(539)
–
浮动利率债券
36个月
2023年6月13日
SOFR+105基点
美元103
739
–
–
(2)
–
737
固定利率债券
18个月
2023年7月10日
3.05
人民币700
700
–
–
–
(700)
–
浮动利率债券
24个月
2023年8月16日
SOFR+95基点
美元100
719
–",600036.SH,招商银行,2025-06-30,2025,半年报,招商银行2025半年报,招商银行2025半年报.pdf,C:\Users\Administrator\Desktop\financial-poc\data\raw\pdf\招商银行2025半年报.pdf,,,,439,679,资产负债表,117,117,175,资产负债表
600036_SH_pdf_招商银行2025半年报_pdf_e6770b40_chunk_440,pdf,pdf,"37
固定利率债券
18个月
2023年7月10日
3.05
人民币700
700
–
–
–
(700)
–
浮动利率债券
24个月
2023年8月16日
SOFR+95基点
美元100
719
–
–
(3)
–
716
浮动利率债券
60个月
2023年8月18日
SOFR+130基点
美元50
358
–
–
(1)
–
357
浮动利率债券
36个月
2023年8月23日
SOFR+100基点
美元300
2,152
–
1
(8)
–
2,145
浮动利率债券
24个月
2023年8月25日
SOFR+95基点
美元100
718
–
–
(2)
–
716
固定利率债券
36个月
2023年11月16日
2.80
人民币2,500
2,496
–
1
–
–
2,497
固定利率债券
36个月
2023年11月27日
3.35
人民币350
349
–
–
–
–
349
浮动利率债券
36个月
2023年11月30日
SOFR+110基点
美元50
359
–
–
(1)
–
358
固定利率债券
36个月
2023年12月5日
2.90
人民币4,000
3,994",600036.SH,招商银行,2025-06-30,2025,半年报,招商银行2025半年报,招商银行2025半年报.pdf,C:\Users\Administrator\Desktop\financial-poc\data\raw\pdf\招商银行2025半年报.pdf,,,,440,679,资产负债表,117,117,175,资产负债表
600036_SH_pdf_招商银行2025半年报_pdf_e6770b40_chunk_441,pdf,pdf,"动利率债券
36个月
2023年11月30日
SOFR+110基点
美元50
359
–
–
(1)
–
358
固定利率债券
36个月
2023年12月5日
2.90
人民币4,000
3,994
–
1
–
–
3,995
固定利率债券
36个月
2024年3月5日
2.45
人民币3,000
2,995
–
1
–
–
2,996
浮动利率债券
36个月
2024年3月12日
SOFR+105基点
美元40
288
–
–
(2)
–
286
浮动利率债券
36个月
2024年3月27日
SOFR+100基点
美元67
481
–
–
(2)
–
479
浮动利率债券
12个月
2024年4月16日
SOFR+64基点
美元20
144
–
–
–
(144)
–
浮动利率债券
12个月
2024年4月22日
SOFR+65基点
美元30
216
–
–
–
(216)
–
固定利率债券
36个月
2024年5月23日
2.20
人民币2,500
2,495
–
1
–
–
2,496
浮动利率债券
36个月
2024年6月4日
SOFR+76基点
美元500
3,588
–
2",600036.SH,招商银行,2025-06-30,2025,半年报,招商银行2025半年报,招商银行2025半年报.pdf,C:\Users\Administrator\Desktop\financial-poc\data\raw\pdf\招商银行2025半年报.pdf,,,,441,679,资产负债表,117,117,175,资产负债表
600036_SH_pdf_招商银行2025半年报_pdf_e6770b40_chunk_442,pdf,pdf,"债券
36个月
2024年5月23日
2.20
人民币2,500
2,495
–
1
–
–
2,496
浮动利率债券
36个月
2024年6月4日
SOFR+76基点
美元500
3,588
–
2
(16)
–
3,574
浮动利率债券
36个月
2024年8月7日
SOFR+76基点
美元257
1,849
–
–
(8)
–
1,841
浮动利率债券
36个月
2024年10月8日
SOFR+76基点
美元30
216
–
–
(1)
–
215
浮动利率债券
48个月
2024年10月25日
SOFR+63.9基点
美元30
216
–
–
(1)
–
215
浮动利率债券
12个月
2024年11月20日
SOFR+45基点
美元50
359
–
–
(1)
–
358
浮动利率债券
12个月
2024年11月27日
SOFR+49基点
美元100
719
–
–
(3)
–
716
浮动利率债券
12个月
2024年12月17日
SOFR+49基点
美元30
216
–
–
(1)
–
215
固定利率债券
36个月
2025年5月22日
1.75
人民币2,000
–",600036.SH,招商银行,2025-06-30,2025,半年报,招商银行2025半年报,招商银行2025半年报.pdf,C:\Users\Administrator\Desktop\financial-poc\data\raw\pdf\招商银行2025半年报.pdf,,,,442,679,资产负债表,117,117,175,资产负债表
600036_SH_pdf_招商银行2025半年报_pdf_e6770b40_chunk_443,pdf,pdf,"716
浮动利率债券
12个月
2024年12月17日
SOFR+49基点
美元30
216
–
–
(1)
–
215
固定利率债券
36个月
2025年5月22日
1.75
人民币2,000
–
2,000
(4)
–
–
1,996
浮动利率债券
60个月
2025年6月5日
SOFR+80基点
美元400
–
2,875
(4)
(12)
–
2,859
浮动利率债券
36个月
2025年6月5日
SOFR+68基点
美元300
–
2,156
(3)
(9)
–
2,144
合计
47,465
7,031
9
(148)
(2,099)
52,258
注:
于2025年6月30日,本行及招商永隆银行分别持有招银金租之全资子公司招银国际租赁管理有限公司发行的金融债券余额折合人民币
1,932百万元及折合人民币446百万元(2024年12月31日:折合人民币1,533百万元及折合人民币236百万元)。
163
第八章 财务报告
招商银行股份有限公司
2025年半年度报告(A股)
30. 应付债券(续)
(a) 已发行债券(续)
于资产负债表日招银国际的子公司发行债券如下:
债券种",600036.SH,招商银行,2025-06-30,2025,半年报,招商银行2025半年报,招商银行2025半年报.pdf,C:\Users\Administrator\Desktop\financial-poc\data\raw\pdf\招商银行2025半年报.pdf,,,,443,679,资产负债表,117,117,175,资产负债表
600036_SH_pdf_招商银行2025半年报_pdf_e6770b40_chunk_444,pdf,pdf,"币236百万元)。
163
第八章 财务报告
招商银行股份有限公司
2025年半年度报告(A股)
30. 应付债券(续)
(a) 已发行债券(续)
于资产负债表日招银国际的子公司发行债券如下:
债券种类
期限
发行日期
年利率
面值总额
期初余额
本期发行
折溢价摊销
汇率变动
本期偿还
期末余额
(%)
(百万元)
(人民币
百万元)
(人民币
百万元)
(人民币
百万元)
(人民币
百万元)
(人民币
百万元)
(人民币
百万元)
固定利率债券
24个月
2024年4月29日
3.15
人民币720
719
–
–
–
–
719
浮动利率债券
36个月
2024年6月26日
SOFR+65个基点
美元100
728
–
–
(13)
–
715
合计
1,447
–
–
(13)
–
1,434
31. 股本
本行股本结构分析如下:
期末及期初
股数(百万股)
-A股
20,629
-H股
4,591
合计
25,220
本行所有发行的A股和H股均为普通股,享有同等权益。上述股份均无限售条件。
股本
股数(百万股)
金额
于2024年12月31日及2025年6月30日
25,22",600036.SH,招商银行,2025-06-30,2025,半年报,招商银行2025半年报,招商银行2025半年报.pdf,C:\Users\Administrator\Desktop\financial-poc\data\raw\pdf\招商银行2025半年报.pdf,,,,444,679,资产负债表,117,117,175,资产负债表
600036_SH_pdf_招商银行2025半年报_pdf_e6770b40_chunk_445,pdf,pdf,"-H股
4,591
合计
25,220
本行所有发行的A股和H股均为普通股,享有同等权益。上述股份均无限售条件。
股本
股数(百万股)
金额
于2024年12月31日及2025年6月30日
25,220
25,220
164
第八章 财务报告
招商银行股份有限公司
2025年半年度报告(A股)
32. 其他权益工具
(a) 优先股
发行时间
会计
分类
股息率
(%)
发行价格
(元/股)
数量
(百万股)
金额
(人民币百万元)
到期日
转股条件
转换情况
境内优先股(注(i))
2017年12月22日
权益工具
3.62
人民币100
275
27,468
永久存续
注(ii)
无
合计
275
27,468
发行在外的优先股变动情况如下:
2025年1月1日
本期增减变动
2025年6月30日
发行时间
数量
(百万股)
金额
(人民币
百万元)
数量
(百万股)
金额
(人民币
百万元)
数量
(百万股)
金额
(人民币
百万元)
境内优先股(注(i))
2017年12月22日
275
27,468
–
–
275
27,468
合计
275
27,468
–
–
275
27",600036.SH,招商银行,2025-06-30,2025,半年报,招商银行2025半年报,招商银行2025半年报.pdf,C:\Users\Administrator\Desktop\financial-poc\data\raw\pdf\招商银行2025半年报.pdf,,,,445,679,资产负债表,117,117,175,资产负债表
600036_SH_pdf_招商银行2025半年报_pdf_e6770b40_chunk_446,pdf,pdf,"万元)
数量
(百万股)
金额
(人民币
百万元)
境内优先股(注(i))
2017年12月22日
275
27,468
–
–
275
27,468
合计
275
27,468
–
–
275
27,468
注:
(i)
经中国相关监管机构的批准,本行于2017年12月22日在境内发行了非累积优先股,面值总额为人民币27,500百万元,每股面值为人民
币100元,发行数量为275,000,000股,初始股息率为4.81%,在存续期内按约定重置,且最高不得超过16.68%。2022年12月18日,
本行在本次境内优先股发行满五年之际按照市场规则进行股息调整,票面年股息率调整为3.62%。
(ii)
本行发行的境内优先股具有以下强制转股触发条件:
(1)
当其他一级资本工具触发事件发生时,即核心一级资本充足率降至5.125%(或以下)时,本行有权在无需获得优先股股东同意
的情况下将届时已发行且存续的本次优先股按照票面总金额将境内优先股全部或部分转为A股普通股,并使本行的核心一级资
本充足率恢复到5.125%以上。在部分转股情形下,本次优先股按同等比例、以同等条件转股。
(2)
当二级资本",600036.SH,招商银行,2025-06-30,2025,半年报,招商银行2025半年报,招商银行2025半年报.pdf,C:\Users\Administrator\Desktop\financial-poc\data\raw\pdf\招商银行2025半年报.pdf,,,,446,679,资产负债表,117,117,175,资产负债表
600036_SH_pdf_招商银行2025半年报_pdf_e6770b40_chunk_447,pdf,pdf,"且存续的本次优先股按照票面总金额将境内优先股全部或部分转为A股普通股,并使本行的核心一级资
本充足率恢复到5.125%以上。在部分转股情形下,本次优先股按同等比例、以同等条件转股。
(2)
当二级资本工具触发事件发生时,本行有权在无需获得优先股股东同意的情况下将届时已发行且存续的本次优先股按照票面总
金额将境内优先股全部或部分转为A股普通股。其中,二级资本工具触发事件是指以下两种情形的较早发生者:1国家金融监
督管理总局(“金融监管总局”)认定若不进行转股或减记,本行将无法生存;2相关部门认定若不进行公共部门注资或提供同等
效力的支持,本行将无法生存。
当本行发生上述强制转股情形时,应当报金融监管总局审查并决定,并按照《证券法》及证监会和香港法规的相关规定,履行临时报
告、公告等信息披露义务。
本行以现金形式支付境内优先股股息。上述优先股股东按照约定的股息率分配后,不再同普通股股东一起参加剩余利润分配。上述优先股采取非
累积股息支付方式,本行有权取消上述优先股的股息,且不构成违约事件。如本行全部或部分取消上述优先股的派息,自股东大会决议通过次日
起,直至决定重新开始向优先股股东派发全额",600036.SH,招商银行,2025-06-30,2025,半年报,招商银行2025半年报,招商银行2025半年报.pdf,C:\Users\Administrator\Desktop\financial-poc\data\raw\pdf\招商银行2025半年报.pdf,,,,447,679,资产负债表,117,117,175,资产负债表
600036_SH_pdf_招商银行2025半年报_pdf_e6770b40_chunk_448,pdf,pdf,"剩余利润分配。上述优先股采取非
累积股息支付方式,本行有权取消上述优先股的股息,且不构成违约事件。如本行全部或部分取消上述优先股的派息,自股东大会决议通过次日
起,直至决定重新开始向优先股股东派发全额股息前,本行将不会向普通股股东分配利润。由于上述优先股采取非累积股息支付方式,因此本行
不会派发以前年度已经被取消的股息。
上述境内优先股无到期日,但是自发行结束之日起满5年或以后,经金融监管总局批准并符合相关要求,本行有权赎回全部或部份上述优先股。
但是本行不负有必须赎回优先股的义务,优先股股东无权要求本行赎回优先股,且不应形成优先股将被赎回的预期。
上述发行的境内优先股扣除发行费用后,募集资金净额合计人民币27,468百万元已计入本行其他一级资本。
(b) 永续债
发行时间
会计分类
初始利息率(%)
发行价格
(元/份)
数量
(百万份)
金额
(人民币百万元)
到期日
转股
条件
转换
情况
境内永续债(注(i))
2020年7月9日
权益工具
3.95
人民币100
500
49,989
永久存续
无
无
境内永续债(注(ii))
2021年12月7日
权益工具
3.69
人民币",600036.SH,招商银行,2025-06-30,2025,半年报,招商银行2025半年报,招商银行2025半年报.pdf,C:\Users\Administrator\Desktop\financial-poc\data\raw\pdf\招商银行2025半年报.pdf,,,,448,679,资产负债表,117,117,175,资产负债表
600036_SH_pdf_招商银行2025半年报_pdf_e6770b40_chunk_449,pdf,pdf,"情况
境内永续债(注(i))
2020年7月9日
权益工具
3.95
人民币100
500
49,989
永久存续
无
无
境内永续债(注(ii))
2021年12月7日
权益工具
3.69
人民币100
430
42,989
永久存续
无
无
境内永续债(注(iii))
2023年12月1日
权益工具
3.41
人民币100
300
30,000
永久存续
无
无
境内永续债(注(iv))
2024年11月5日
权益工具
2.42
人民币100
300
30,000
永久存续
无
无
境内永续债(注(v))
2025年4月29日
权益工具
2.13
人民币100
200
20,000
永久存续
无
无
境内永续债(注(vi))
2025年5月29日
权益工具
2.05
人民币100
270
27,000
永久存续
无
无
合计
2,000
199,978
165
第八章 财务报告
招商银行股份有限公司
2025年半年度报告(A股)
32. 其他权益工具(续)
(b) 永续债(续)
发行在外的永续债变动情况如下:
2025年1月1日
本期增减变动
2025年6月30日
发行时间
数量",600036.SH,招商银行,2025-06-30,2025,半年报,招商银行2025半年报,招商银行2025半年报.pdf,C:\Users\Administrator\Desktop\financial-poc\data\raw\pdf\招商银行2025半年报.pdf,,,,449,679,资产负债表,117,117,175,资产负债表
600036_SH_pdf_招商银行2025半年报_pdf_e6770b40_chunk_450,pdf,pdf,"银行股份有限公司
2025年半年度报告(A股)
32. 其他权益工具(续)
(b) 永续债(续)
发行在外的永续债变动情况如下:
2025年1月1日
本期增减变动
2025年6月30日
发行时间
数量
(百万股)
金额
(人民币
百万元)
数量
(百万股)
金额
(人民币
百万元)
数量
(百万股)
金额
(人民币
百万元)
境内永续债(注(i))
2020年7月9日
500
49,989
–
–
500
49,989
境内永续债(注(ii))
2021年12月7日
430
42,989
–
–
430
42,989
境内永续债(注(iii))
2023年12月1日
300
30,000
–
–
300
30,000
境内永续债(注(iv))
2024年11月5日
300
30,000
–
–
300
30,000
境内永续债(注(v))
2025年4月29日
–
–
200
20,000
200
20,000
境内永续债(注(vi))
2025年5月29日
–
–
270
27,000
270
27,000
合计
1,530
152,978
470
47,000
2,000
199,",600036.SH,招商银行,2025-06-30,2025,半年报,招商银行2025半年报,招商银行2025半年报.pdf,C:\Users\Administrator\Desktop\financial-poc\data\raw\pdf\招商银行2025半年报.pdf,,,,450,679,资产负债表,117,117,175,资产负债表
600036_SH_pdf_招商银行2025半年报_pdf_e6770b40_chunk_451,pdf,pdf,"200
20,000
境内永续债(注(vi))
2025年5月29日
–
–
270
27,000
270
27,000
合计
1,530
152,978
470
47,000
2,000
199,978
注:
(i)
经中国相关监管机构批准,本行于2020年7月9日在全国银行间债券市场发行“2020年招商银行股份有限公司第一期无固定期限资本债
券”人民币50,000百万元。单位票面金额为人民币100元。自发行缴款截止日起每5年为一个票面利率调整期,在一个票面利率调整期
内以约定的相同票面利率支付利息。该债券的存续期与本行持续经营存续期一致。
(ii)
经中国相关监管机构批准,本行于2021年12月7日在全国银行间债券市场发行“2021年招商银行股份有限公司无固定期限资本债券”人
民币43,000百万元。单位票面金额为人民币100元。自发行缴款截止日起每5年为一个票面利率调整期,在一个票面利率调整期内以约
定的相同票面利率支付利息。该债券的存续期与本行持续经营存续期一致。
(iii)
经中国相关监管机构批准,本行于2023年12月1日在全国银行间债券市场发行“2023年招商银行股份有",600036.SH,招商银行,2025-06-30,2025,半年报,招商银行2025半年报,招商银行2025半年报.pdf,C:\Users\Administrator\Desktop\financial-poc\data\raw\pdf\招商银行2025半年报.pdf,,,,451,679,资产负债表,117,117,175,资产负债表
600036_SH_pdf_招商银行2025半年报_pdf_e6770b40_chunk_452,pdf,pdf,"面利率调整期内以约
定的相同票面利率支付利息。该债券的存续期与本行持续经营存续期一致。
(iii)
经中国相关监管机构批准,本行于2023年12月1日在全国银行间债券市场发行“2023年招商银行股份有限公司无固定期限资本债券”人
民币30,000百万元。单位票面金额为人民币100元。自发行缴款截止日起每5年为一个票面利率调整期,在一个票面利率调整期内以约
定的相同票面利率支付利息。该债券的存续期与本行持续经营存续期一致。
(iv)
经中国相关监管机构批准,本行于2024年11月5日在全国银行间债券市场发行“2024年招商银行股份有限公司无固定期限资本债券(债
券通)”人民币30,000百万元。单位票面金额为人民币100元。自发行缴款截止日起每5年为一个票面利率调整期,在一个票面利率调整
期内以约定的相同票面利率支付利息。该债券的存续期与本行持续经营存续期一致。
(v)
经中国相关监管机构批准,本行于2025年4月29日在全国银行间债券市场发行“2025年招商银行股份有限公司无固定期限资本债券(第
一期)
(债券通)”人民币20,000百万元。单位票面金额为人民币100元。自发行缴款截止",600036.SH,招商银行,2025-06-30,2025,半年报,招商银行2025半年报,招商银行2025半年报.pdf,C:\Users\Administrator\Desktop\financial-poc\data\raw\pdf\招商银行2025半年报.pdf,,,,452,679,资产负债表,117,117,175,资产负债表
600036_SH_pdf_招商银行2025半年报_pdf_e6770b40_chunk_453,pdf,pdf,"准,本行于2025年4月29日在全国银行间债券市场发行“2025年招商银行股份有限公司无固定期限资本债券(第
一期)
(债券通)”人民币20,000百万元。单位票面金额为人民币100元。自发行缴款截止日起每5年为一个票面利率调整期,在一个票面
利率调整期内以约定的相同票面利率支付利息。该债券的存续期与本行持续经营存续期一致。
(vi)
经中国相关监管机构批准,本行于2025年5月29日在全国银行间债券市场发行“2025年招商银行股份有限公司无固定期限资本债券(第
二期)
(债券通)”人民币27,000百万元。单位票面金额为人民币100元。自发行缴款截止日起每5年为一个票面利率调整期,在一个票面
利率调整期内以约定的相同票面利率支付利息。该债券的存续期与本行持续经营存续期一致。
本行自上述债券各自发行之日起5年后,在得到金融监管总局批准并满足赎回条件的前提下,有权于每年付息日(含发行之日后第5年付息日)全
部或部分赎回债券。在上述债券发行后,如发生不可预计的监管规则变化导致上述债券不再计入其他一级资本,本行有权全部而非部分地赎回上
述债券。投资者不得回售上述债券。
上述债券的受偿顺序在存",600036.SH,招商银行,2025-06-30,2025,半年报,招商银行2025半年报,招商银行2025半年报.pdf,C:\Users\Administrator\Desktop\financial-poc\data\raw\pdf\招商银行2025半年报.pdf,,,,453,679,资产负债表,117,117,175,资产负债表
600036_SH_pdf_招商银行2025半年报_pdf_e6770b40_chunk_454,pdf,pdf,"5年付息日)全
部或部分赎回债券。在上述债券发行后,如发生不可预计的监管规则变化导致上述债券不再计入其他一级资本,本行有权全部而非部分地赎回上
述债券。投资者不得回售上述债券。
上述债券的受偿顺序在存款人、一般债权人和处于高于上述债券顺位的次级债务之后,本行股东持有的所有类别股份之前;上述债券与本行其他
偿还顺序相同的其他一级资本工具同顺位受偿。
票面利率将在每个基准利率重置日(即自发行之日起每五年的日期)重置。调整后的票面利率将根据重置日的基准利率加上发行时确定的固定息
差确定。上述债券不包含利率上调机制或任何其他赎回激励措施。本行有权取消全部或部分上述债券派息,且不构成违约事件。上述债券采取非
累积利息支付方式,即未向债券持有人足额派息的差额部分,不累积到下一计息年度。本行在行使该项权利时将充分考虑债券持有人的利益。本
行可以自由支配取消的上述债券利息用于偿付其他到期债务。取消全部或部分上述债券派息除构成对普通股的股息分配限制以外,不构成对本行
的其他限制。
当无法生存触发事件发生时,本行有权在无需获得债券持有人同意的情况下,将债券的本金进行部分或全部减记。无法生存触发事件是指以下",600036.SH,招商银行,2025-06-30,2025,半年报,招商银行2025半年报,招商银行2025半年报.pdf,C:\Users\Administrator\Desktop\financial-poc\data\raw\pdf\招商银行2025半年报.pdf,,,,454,679,资产负债表,117,117,175,资产负债表
600036_SH_pdf_招商银行2025半年报_pdf_e6770b40_chunk_455,pdf,pdf,"分上述债券派息除构成对普通股的股息分配限制以外,不构成对本行
的其他限制。
当无法生存触发事件发生时,本行有权在无需获得债券持有人同意的情况下,将债券的本金进行部分或全部减记。无法生存触发事件是指以下两
种情形的较早发生者:(1)金融监管总局认定若不进行减记,本行将无法生存;(2)相关部门认定若不进行公共部门注资或提供同等效力的支持,
本行将无法生存。减记部分不可恢复。
上述债券募集资金在扣除发行费用后,已依据适用法律和主管部门的批准用于补充本行其他一级资本。
166
第八章 财务报告
招商银行股份有限公司
2025年半年度报告(A股)
32. 其他权益工具(续)
(c)
归属于权益工具持有者的相关信息
2025年6月30日
2024年12月31日
归属于本行股东的权益
1,289,233
1,226,014
-归属于本行普通股持有者的权益
1,061,787
1,045,568
-归属于本行其他权益持有者的权益
227,446
180,446
其中:净利润
1,975
5,581
综合收益总额
1,975
5,581
当期/年已分配股息/分派利息
(1,975)
(5,581)
累积",600036.SH,招商银行,2025-06-30,2025,半年报,招商银行2025半年报,招商银行2025半年报.pdf,C:\Users\Administrator\Desktop\financial-poc\data\raw\pdf\招商银行2025半年报.pdf,,,,455,679,资产负债表,117,117,175,资产负债表
600036_SH_pdf_招商银行2025半年报_pdf_e6770b40_chunk_456,pdf,pdf,"本行其他权益持有者的权益
227,446
180,446
其中:净利润
1,975
5,581
综合收益总额
1,975
5,581
当期/年已分配股息/分派利息
(1,975)
(5,581)
累积未分配股利
–
–
归属于少数股东的权益
7,627
7,461
-归属于普通股少数股东的权益
7,627
7,461
33. 其他综合收益
本集团
截至2025年6月30日止6个月期间
项目
归属于母公司
股东的其他
综合收益
期初余额
本期所得税
前发生额
前期计入
其他综合收益
当期转入损益
所得税
本期所得税
后发生额
其中:
所有者权益
内部结转
归属于母公司
股东的其他
综合收益
期末余额
税后归属于
母公司
税后归属于
少数股东
以后不能重分类进损益的
其他综合收益
6,018
1,812
–
(78)
1,734
1,734
–
–
7,752
-指定为以公允价值计量
且其变动计入其他
综合收益的权益工具
投资公允价值变动
5,916
1,817
–
(79)
1,738
1,738
–
–
7,654
-重新计算设定受益计划
负债的变动
102
(5)
–
1
(4)
(",600036.SH,招商银行,2025-06-30,2025,半年报,招商银行2025半年报,招商银行2025半年报.pdf,C:\Users\Administrator\Desktop\financial-poc\data\raw\pdf\招商银行2025半年报.pdf,,,,456,679,资产负债表,117,117,175,资产负债表
600036_SH_pdf_招商银行2025半年报_pdf_e6770b40_chunk_457,pdf,pdf,"计入其他
综合收益的权益工具
投资公允价值变动
5,916
1,817
–
(79)
1,738
1,738
–
–
7,654
-重新计算设定受益计划
负债的变动
102
(5)
–
1
(4)
(4)
–
–
98
以后将重分类进损益的
其他综合收益
37,239
(3,354)
(7,036)
2,357
(8,033)
(8,021)
(12)
–
29,218
-分类为以公允价值计量
且其变动计入其他
综合收益的金融资产
公允价值变动
19,097
1,161
(7,043)
1,591
(4,291)
(4,281)
(10)
–
14,816
-分类为以公允价值计量
且其变动计入其他
综合收益的金融资产
信用损失准备
10,849
(3,121)
–
784
(2,337)
(2,337)
–
–
8,512
-现金流量套期的有效
部分
56
15
7
(18)
4
4
–
–
60
-外币财务报表折算差额
4,816
(1,783)
–
–
(1,783)
(1,781)
(2)
–
3,035
-权益法下在被投资
单位的其他综合
收益中享有的份额
2,421
374",600036.SH,招商银行,2025-06-30,2025,半年报,招商银行2025半年报,招商银行2025半年报.pdf,C:\Users\Administrator\Desktop\financial-poc\data\raw\pdf\招商银行2025半年报.pdf,,,,457,679,资产负债表,117,117,175,资产负债表
600036_SH_pdf_招商银行2025半年报_pdf_e6770b40_chunk_458,pdf,pdf,"–
60
-外币财务报表折算差额
4,816
(1,783)
–
–
(1,783)
(1,781)
(2)
–
3,035
-权益法下在被投资
单位的其他综合
收益中享有的份额
2,421
374
–
–
374
374
–
–
2,795
合计
43,257
(1,542)
(7,036)
2,279
(6,299)
(6,287)
(12)
–
36,970
167
第八章 财务报告
招商银行股份有限公司
2025年半年度报告(A股)
33. 其他综合收益(续)
本集团
2024年
项目
归属于母公司
股东的其他
综合收益
年初余额
本年所得税
前发生额
前期计入
其他综合收益
当期转入损益
所得税
本年所得税
后发生额
其中
所有者权益
内部结转
归属于母公司
股东的其他
综合收益
年末余额
税后归属于
母公司
税后归属于
少数股东
以后不能重分类进损益的
其他综合收益
3,091
3,125
–
(202)
2,923
2,923
–
4
6,018
-指定为以公允价值计量
且其变动计入其他
综合收益的权益工具
投资公允价值变动
3,009
3,101
–
(198)
2,9",600036.SH,招商银行,2025-06-30,2025,半年报,招商银行2025半年报,招商银行2025半年报.pdf,C:\Users\Administrator\Desktop\financial-poc\data\raw\pdf\招商银行2025半年报.pdf,,,,458,679,资产负债表,117,117,175,资产负债表
600036_SH_pdf_招商银行2025半年报_pdf_e6770b40_chunk_459,pdf,pdf,"3,125
–
(202)
2,923
2,923
–
4
6,018
-指定为以公允价值计量
且其变动计入其他
综合收益的权益工具
投资公允价值变动
3,009
3,101
–
(198)
2,903
2,903
–
4
5,916
-重新计算设定受益计划
负债的变动
82
24
–
(4)
20
20
–
–
102
以后将重分类进损益的
其他综合收益
13,591
37,554
(7,298)
(6,486)
23,770
23,648
122
–
37,239
-分类为以公允价值计量
且其变动计入其他
综合收益的金融资产
公允价值变动
2,747
29,208
(7,295)
(5,490)
16,423
16,350
73
–
19,097
-分类为以公允价值计量
且其变动计入其他
综合收益的金融资产
信用损失准备
7,849
4,004
–
(1,004)
3,000
3,000
–
–
10,849
-现金流量套期的有效
部分
92
(41)
(3)
8
(36)
(36)
–
–
56
-外币财务报表折算差额
2,934
1,931
–
–
1,931
1,882
4",600036.SH,招商银行,2025-06-30,2025,半年报,招商银行2025半年报,招商银行2025半年报.pdf,C:\Users\Administrator\Desktop\financial-poc\data\raw\pdf\招商银行2025半年报.pdf,,,,459,679,资产负债表,117,117,175,资产负债表
600036_SH_pdf_招商银行2025半年报_pdf_e6770b40_chunk_460,pdf,pdf,"00
–
–
10,849
-现金流量套期的有效
部分
92
(41)
(3)
8
(36)
(36)
–
–
56
-外币财务报表折算差额
2,934
1,931
–
–
1,931
1,882
49
–
4,816
-权益法下在被投资
单位的其他综合
收益中享有的份额
(31)
2,452
–
–
2,452
2,452
–
–
2,421
合计
16,682
40,679
(7,298)
(6,688)
26,693
26,571
122
4
43,257
168
第八章 财务报告
招商银行股份有限公司
2025年半年度报告(A股)
33. 其他综合收益(续)
本行
截至2025年6月30日止6个月期间
项目
其他综合收益
期初余额
本期所得税前
发生额
前期计入其他
综合收益当期
转入损益
所得税
税后其他综合
收益发生额
所有者权益
内部结转
其他综合
收益
期末余额
以后不能重分类进损益的其他综合收益
3,362
311
–
(78)
233
–
3,595
-指定为以公允价值计量且其变动计入其他
综合收益的权益工具投资公允价值变动
3,362
311
–
(78)
233",600036.SH,招商银行,2025-06-30,2025,半年报,招商银行2025半年报,招商银行2025半年报.pdf,C:\Users\Administrator\Desktop\financial-poc\data\raw\pdf\招商银行2025半年报.pdf,,,,460,679,资产负债表,117,117,175,资产负债表
600036_SH_pdf_招商银行2025半年报_pdf_e6770b40_chunk_461,pdf,pdf,"分类进损益的其他综合收益
3,362
311
–
(78)
233
–
3,595
-指定为以公允价值计量且其变动计入其他
综合收益的权益工具投资公允价值变动
3,362
311
–
(78)
233
–
3,595
以后将重分类进损益的其他综合收益
33,446
(3,070)
(6,954)
2,594
(7,430)
–
26,016
-分类为以公允价值计量且其变动计入其他
综合收益的金融资产公允价值变动
20,608
(300)
(6,961)
1,813
(5,448)
–
15,160
-分类为以公允价值计量且其变动计入其他
综合收益的金融资产信用损失准备
10,034
(3,153)
–
788
(2,365)
–
7,669
-现金流量套期的有效部分
4
22
7
(7)
22
–
26
-外币财务报表折算差额
438
(4)
–
–
(4)
–
434
-权益法下在被投资单位的其他综合收益中
享有的份额
2,362
365
–
–
365
–
2,727
合计
36,808
(2,759)
(6,954)
2,516
(7,197)
–
29,611
169
第八章",600036.SH,招商银行,2025-06-30,2025,半年报,招商银行2025半年报,招商银行2025半年报.pdf,C:\Users\Administrator\Desktop\financial-poc\data\raw\pdf\招商银行2025半年报.pdf,,,,461,679,资产负债表,117,117,175,资产负债表
600036_SH_pdf_招商银行2025半年报_pdf_e6770b40_chunk_462,pdf,pdf,"单位的其他综合收益中
享有的份额
2,362
365
–
–
365
–
2,727
合计
36,808
(2,759)
(6,954)
2,516
(7,197)
–
29,611
169
第八章 财务报告
招商银行股份有限公司
2025年半年度报告(A股)
33. 其他综合收益(续)
本行
2024年
项目
其他综合收益
年初余额
本年所得税前
发生额
前期计入其他
综合收益当期
转入损益
所得税
税后其他综合
收益发生额
所有者权益
内部结转
其他综合
收益
年末余额
以后不能重分类进损益的其他综合收益
2,866
631
–
(157)
474
22
3,362
-指定为以公允价值计量且其变动计入其他
综合收益的权益工具投资公允价值变动
2,866
631
–
(157)
474
22
3,362
以后将重分类进损益的其他综合收益
11,859
35,113
(7,170)
(6,356)
21,587
–
33,446
-分类为以公允价值计量且其变动计入其他
综合收益的金融资产公允价值变动
4,562
28,562
(7,167)
(5,349)
16,046
–
20,60",600036.SH,招商银行,2025-06-30,2025,半年报,招商银行2025半年报,招商银行2025半年报.pdf,C:\Users\Administrator\Desktop\financial-poc\data\raw\pdf\招商银行2025半年报.pdf,,,,462,679,资产负债表,117,117,175,资产负债表
600036_SH_pdf_招商银行2025半年报_pdf_e6770b40_chunk_463,pdf,pdf,"356)
21,587
–
33,446
-分类为以公允价值计量且其变动计入其他
综合收益的金融资产公允价值变动
4,562
28,562
(7,167)
(5,349)
16,046
–
20,608
-分类为以公允价值计量且其变动计入其他
综合收益的金融资产信用损失准备
7,004
4,040
–
(1,010)
3,030
–
10,034
-现金流量套期的有效部分
11
(7)
(3)
3
(7)
–
4
-外币财务报表折算差额
360
78
–
–
78
–
438
-权益法下在被投资单位的其他综合收益中
享有的份额
(78)
2,440
–
–
2,440
–
2,362
合计
14,725
35,744
(7,170)
(6,513)
22,061
22
36,808
170
第八章 财务报告
招商银行股份有限公司
2025年半年度报告(A股)
34. 利润分配
(a) 宣告及分派股利
截至2025年
6月30日止
6个月期间
截至2024年
12月31日
止年度
已批准、宣告的2024年度现金股利(每股人民币2.000元)
50,440
–
已批准以及分派的2023年度",600036.SH,招商银行,2025-06-30,2025,半年报,招商银行2025半年报,招商银行2025半年报.pdf,C:\Users\Administrator\Desktop\financial-poc\data\raw\pdf\招商银行2025半年报.pdf,,,,463,679,资产负债表,117,117,175,资产负债表
600036_SH_pdf_招商银行2025半年报_pdf_e6770b40_chunk_464,pdf,pdf,"及分派股利
截至2025年
6月30日止
6个月期间
截至2024年
12月31日
止年度
已批准、宣告的2024年度现金股利(每股人民币2.000元)
50,440
–
已批准以及分派的2023年度现金股利(每股人民币1.972元)
–
49,734
(b) 建议分配利润
截至2025年
6月30日止
6个月期间
截至2024年
12月31日
止年度
提取法定盈余公积
–
13,915
提取一般风险准备
326
13,451
分派股利
-现金股利:无(2024年度:每股人民币2.000元)
–
50,440
合计
326
77,806
2024年度利润分配方案已分别经本行2025年3月25日董事会、2025年6月25日2024年度股东大会决议通过。
35. 利息收入
本集团
本行
截至6月30日止6个月期间
截至6月30日止6个月期间
2025年
2024年
2025年
2024年
贷款和垫款
119,080
132,214
111,999
124,008
-公司贷款和垫款
43,421
47,396
37,326
40,405
-零售贷款和垫款
73,526
81,771
72,5",600036.SH,招商银行,2025-06-30,2025,半年报,招商银行2025半年报,招商银行2025半年报.pdf,C:\Users\Administrator\Desktop\financial-poc\data\raw\pdf\招商银行2025半年报.pdf,,,,464,679,资产负债表,117,117,175,资产负债表
600036_SH_pdf_招商银行2025半年报_pdf_e6770b40_chunk_465,pdf,pdf,"和垫款
119,080
132,214
111,999
124,008
-公司贷款和垫款
43,421
47,396
37,326
40,405
-零售贷款和垫款
73,526
81,771
72,557
80,613
-票据贴现
2,133
3,047
2,116
2,990
存放中央银行款项
4,587
4,933
4,564
4,910
存放同业和其他金融机构款项
1,322
1,251
669
512
拆出资金
5,678
6,191
5,240
5,053
买入返售金融资产
1,414
1,823
1,358
1,787
金融投资
44,933
41,585
40,753
38,370
-以公允价值计量且其变动计入
其他综合收益的债务工具投资
16,133
14,006
12,714
11,658
-以摊余成本计量的债务工具投资
28,800
27,579
28,039
26,712
合计
177,014
187,997
164,583
174,640
注:
截至2025年6月30日止6个月期间,本集团以公允价值计量且其变动计入其他综合收益的贷款和垫款的利息收入为人民币4,2",600036.SH,招商银行,2025-06-30,2025,半年报,招商银行2025半年报,招商银行2025半年报.pdf,C:\Users\Administrator\Desktop\financial-poc\data\raw\pdf\招商银行2025半年报.pdf,,,,465,679,资产负债表,117,117,175,资产负债表
600036_SH_pdf_招商银行2025半年报_pdf_e6770b40_chunk_466,pdf,pdf,"12
合计
177,014
187,997
164,583
174,640
注:
截至2025年6月30日止6个月期间,本集团以公允价值计量且其变动计入其他综合收益的贷款和垫款的利息收入为人民币4,240百万元
(2024年6月30日止6个月期间:人民币4,652百万元)。
171
第八章 财务报告
招商银行股份有限公司
2025年半年度报告(A股)
36. 利息支出
本集团
本行
截至6月30日止6个月期间
截至6月30日止6个月期间
2025年
2024年
2025年
2024年
客户存款
56,519
66,528
52,408
61,518
向中央银行借款
1,708
2,495
1,706
2,493
同业和其他金融机构存放款项
4,197
4,061
4,050
3,718
拆入资金
4,004
4,708
846
1,009
卖出回购金融资产款
1,364
1,635
847
1,313
应付债券
2,923
3,880
1,652
2,612
租赁负债
214
241
204
224
合计
70,929
83,548
61,713
72,887
37. 手续费及佣金收入",600036.SH,招商银行,2025-06-30,2025,半年报,招商银行2025半年报,招商银行2025半年报.pdf,C:\Users\Administrator\Desktop\financial-poc\data\raw\pdf\招商银行2025半年报.pdf,,,,466,679,资产负债表,117,117,175,资产负债表
600036_SH_pdf_招商银行2025半年报_pdf_e6770b40_chunk_467,pdf,pdf,"1,313
应付债券
2,923
3,880
1,652
2,612
租赁负债
214
241
204
224
合计
70,929
83,548
61,713
72,887
37. 手续费及佣金收入
本集团
本行
截至6月30日止6个月期间
截至6月30日止6个月期间
2025年
2024年
2025年
2024年
财富管理手续费及佣金
12,797
11,437
11,692
10,951
资产管理手续费及佣金
5,453
5,858
4
19
银行卡手续费
7,221
8,634
7,186
8,600
结算与清算手续费
7,602
7,859
7,566
7,821
信贷承诺及贷款业务佣金
2,289
2,460
2,023
2,188
托管业务佣金
2,607
2,484
2,561
2,438
其他
3,898
3,820
3,638
3,556
合计
41,867
42,552
34,670
35,573
38. 公允价值变动损益
本集团
本行
截至6月30日止6个月期间
截至6月30日止6个月期间
2025年
2024年
2025年
2024年
以公允价值计量且其变动计",600036.SH,招商银行,2025-06-30,2025,半年报,招商银行2025半年报,招商银行2025半年报.pdf,C:\Users\Administrator\Desktop\financial-poc\data\raw\pdf\招商银行2025半年报.pdf,,,,467,679,资产负债表,117,117,175,资产负债表
600036_SH_pdf_招商银行2025半年报_pdf_e6770b40_chunk_468,pdf,pdf,"2
34,670
35,573
38. 公允价值变动损益
本集团
本行
截至6月30日止6个月期间
截至6月30日止6个月期间
2025年
2024年
2025年
2024年
以公允价值计量且其变动计入当期
损益的金融工具
(5,426)
2,567
(5,326)
3,795
衍生金融工具
44
(232)
69
(328)
贵金属
563
(49)
568
(46)
合计
(4,819)
2,286
(4,689)
3,421
172
第八章 财务报告
招商银行股份有限公司
2025年半年度报告(A股)
39. 投资收益
本集团
本行
截至6月30日止6个月期间
截至6月30日止6个月期间
2025年
2024年
2025年
2024年
以公允价值计量且其变动计入当期
损益的金融工具
11,405
8,338
10,415
6,707
以摊余成本计量的金融资产终止确认
产生的损益
1,217
3,578
1,188
3,571
处置以公允价值计量且其变动计入
其他综合收益的债务工具
7,043
5,582
6,961
5,496
其中:票据价差收益
330
595
330
595",600036.SH,招商银行,2025-06-30,2025,半年报,招商银行2025半年报,招商银行2025半年报.pdf,C:\Users\Administrator\Desktop\financial-poc\data\raw\pdf\招商银行2025半年报.pdf,,,,468,679,资产负债表,117,117,175,资产负债表
600036_SH_pdf_招商银行2025半年报_pdf_e6770b40_chunk_469,pdf,pdf,"217
3,578
1,188
3,571
处置以公允价值计量且其变动计入
其他综合收益的债务工具
7,043
5,582
6,961
5,496
其中:票据价差收益
330
595
330
595
指定为以公允价值计量且其变动计入
其他综合收益的权益工具投资的
股利收入
480
392
54
109
长期股权投资收益
1,699
1,550
2,169
2,192
其他
50
59
50
59
合计
21,894
19,499
20,837
18,134
40. 其他业务收入
本集团
本行
截至6月30日止6个月期间
截至6月30日止6个月期间
2025年
2024年
2025年
2024年
资产处置收益
505
45
9
5
经营性政府补助
185
129
19
–
经营租赁收入
6,918
6,139
192
228
其他
148
121
102
111
合计
7,756
6,434
322
344
173
第八章 财务报告
招商银行股份有限公司
2025年半年度报告(A股)
41. 业务及管理费
本集团
本行
截至6月30日止6个月期间
截至6月30日止6个月期间
2025年",600036.SH,招商银行,2025-06-30,2025,半年报,招商银行2025半年报,招商银行2025半年报.pdf,C:\Users\Administrator\Desktop\financial-poc\data\raw\pdf\招商银行2025半年报.pdf,,,,469,679,资产负债表,117,117,175,资产负债表
600036_SH_pdf_招商银行2025半年报_pdf_e6770b40_chunk_470,pdf,pdf,"322
344
173
第八章 财务报告
招商银行股份有限公司
2025年半年度报告(A股)
41. 业务及管理费
本集团
本行
截至6月30日止6个月期间
截至6月30日止6个月期间
2025年
2024年
2025年
2024年
员工费用
35,484
35,769
31,400
31,940
-工资及奖金
27,330
28,382
23,868
25,156
-社会保险及企业补充保险
5,143
4,514
4,769
4,177
-其他
3,011
2,873
2,763
2,607
固定资产折旧费
1,947
1,939
1,726
1,706
无形资产摊销费
326
464
240
372
使用权资产折旧费
1,909
1,981
1,801
1,871
短期租赁费和低价值资产租赁费
82
89
66
82
其他一般及行政费用
11,423
11,196
12,039
11,768
合计
51,171
51,438
47,272
47,739
42. 信用减值损失
本集团
本行
截至6月30日止6个月期间
截至6月30日止6个月期间
2025年
2024年
2025年",600036.SH,招商银行,2025-06-30,2025,半年报,招商银行2025半年报,招商银行2025半年报.pdf,C:\Users\Administrator\Desktop\financial-poc\data\raw\pdf\招商银行2025半年报.pdf,,,,470,679,资产负债表,117,117,175,资产负债表
600036_SH_pdf_招商银行2025半年报_pdf_e6770b40_chunk_471,pdf,pdf,",768
合计
51,171
51,438
47,272
47,739
42. 信用减值损失
本集团
本行
截至6月30日止6个月期间
截至6月30日止6个月期间
2025年
2024年
2025年
2024年
贷款和垫款
23,341
25,433
22,454
23,210
-以摊余成本计量的贷款和垫款
26,296
25,705
25,417
23,482
-以公允价值计量且其变动计入
其他综合收益的贷款和垫款
(2,955)
(272)
(2,963)
(272)
应收同业和其他金融机构款项
182
509
188
538
金融投资
(415)
(1,058)
(547)
(1,147)
-以摊余成本计量的债务工具投资
(247)
(2,005)
(357)
(2,122)
-以公允价值计量且其变动计入
其他综合收益的债务工具投资
(168)
947
(190)
975
表外预期信用减值损失
1,446
2,370
1,431
2,393
其他
69
(326)
(3)
(222)
合计
24,623
26,928
23,523
24,772
174
第八章 财务报告
招商银行",600036.SH,招商银行,2025-06-30,2025,半年报,招商银行2025半年报,招商银行2025半年报.pdf,C:\Users\Administrator\Desktop\financial-poc\data\raw\pdf\招商银行2025半年报.pdf,,,,471,679,资产负债表,117,117,175,资产负债表
600036_SH_pdf_招商银行2025半年报_pdf_e6770b40_chunk_472,pdf,pdf,"用减值损失
1,446
2,370
1,431
2,393
其他
69
(326)
(3)
(222)
合计
24,623
26,928
23,523
24,772
174
第八章 财务报告
招商银行股份有限公司
2025年半年度报告(A股)
43. 其他业务成本
本集团
本行
截至6月30日止6个月期间
截至6月30日止6个月期间
2025年
2024年
2025年
2024年
投资性房地产折旧
84
62
38
32
经营租出资产折旧
3,477
3,234
–
–
其他
160
104
–
–
合计
3,721
3,400
38
32
44. 所得税费用",600036.SH,招商银行,2025-06-30,2025,半年报,招商银行2025半年报,招商银行2025半年报.pdf,C:\Users\Administrator\Desktop\financial-poc\data\raw\pdf\招商银行2025半年报.pdf,,,,472,679,资产负债表,117,117,175,资产负债表
600036_SH_pdf_招商银行2025半年报_pdf_e6770b40_chunk_473,pdf,pdf,"(a) 利润表所列的所得税费用含:
本集团
本行
截至6月30日止6个月期间
截至6月30日止6个月期间
2025年
2024年
2025年
2024年
当期所得税
16,803
15,279
14,966
13,760
-中国境内
15,608
14,495
14,430
13,310
-中国香港
1,008
694
371
328
-海外
187
90
165
122
递延所得税
(3,302)
(1,017)
(2,925)
(897)
合计
13,501
14,262
12,041
12,863
175
第八章 财务报告
招商银行股份有限公司
2025年半年度报告(A股)
44. 所得税费用(续)
(b) 利润表中列示的所得税费用与按法定税率计算得出的金额之间的差异如下:
本集团
本行
截至6月30日止6个月期间
截至6月30日止6个月期间
2025年
2024年
2025年
2024年
税前利润
88,906
89,641
79,263
83,670
按法定税率25%(2024年6月30日止
6个月期间:25%)计算的所得税
22,227
22,410
19,816
20,9",600036.SH,招商银行,2025-06-30,2025,半年报,招商银行2025半年报,招商银行2025半年报.pdf,C:\Users\Administrator\Desktop\financial-poc\data\raw\pdf\招商银行2025半年报.pdf,,,,473,679,利润表,175,175,182,利润表
600036_SH_pdf_招商银行2025半年报_pdf_e6770b40_chunk_474,pdf,pdf,"24年
税前利润
88,906
89,641
79,263
83,670
按法定税率25%(2024年6月30日止
6个月期间:25%)计算的所得税
22,227
22,410
19,816
20,917
以下项目的税务影响:
-不得扣除的成本、费用和损失的
纳税影响
3,209
1,838
2,422
845
-免税收入
(10,768)
(9,392)
(9,703)
(8,405)
-不同地区税率的影响(注)
(700)
(111)
–
–
-永续债/永久债务资本利息
支出抵扣的影响
(494)
(518)
(494)
(494)
-其他
27
35
–
–
所得税费用
13,501
14,262
12,041
12,863
注:
(i)
中国香港及海外业务按所在地区适用的税率计提税费。
(ii)
2025年5月28日,香港立法会正式通过《2024年税务(修订)
(跨国企业集团的最低税)条例草案》,自2025年1月1日起在香港实施全球
最低税及香港最低补足税。本集团评估上述立法的生效对本集团的财务状况及经营成果无重大影响。
176
第八章 财务报告
招商银行股份有限公司
2025",600036.SH,招商银行,2025-06-30,2025,半年报,招商银行2025半年报,招商银行2025半年报.pdf,C:\Users\Administrator\Desktop\financial-poc\data\raw\pdf\招商银行2025半年报.pdf,,,,474,679,利润表,175,175,182,利润表
600036_SH_pdf_招商银行2025半年报_pdf_e6770b40_chunk_475,pdf,pdf,"税)条例草案》,自2025年1月1日起在香港实施全球
最低税及香港最低补足税。本集团评估上述立法的生效对本集团的财务状况及经营成果无重大影响。
176
第八章 财务报告
招商银行股份有限公司
2025年半年度报告(A股)
45. 每股收益及净资产收益率
本集团按照证监会的《公开发行证券的公司信息披露编报规则第9号—— 净资产收益率和每股收益的计算及披
露》
(2010年修订)计算的每股收益及净资产收益率如下:
截至2025年6月30日止的6个月期间和截至2024年6月30日止的6个月期间,基本每股收益按照以下本行股东应
占净利润及实收股本的加权平均股数计算。由于本行在上述期间内不存在具有稀释性的潜在普通股的影响,因此
基本每股收益和稀释每股收益不存在差异。
截至6月30日止6个月期间
附注
2025年
2024年
归属于本行股东的净利润
74,930
74,743
减:归属于本行永续债投资人的净利润
(1,975)
(1,975)
归属于本行普通股股东的净利润
72,955
72,768
减:影响本行普通股股东净利润的非经常性损益
55
(111)
(119)
扣除非经常性损益后归属于",600036.SH,招商银行,2025-06-30,2025,半年报,招商银行2025半年报,招商银行2025半年报.pdf,C:\Users\Administrator\Desktop\financial-poc\data\raw\pdf\招商银行2025半年报.pdf,,,,475,679,利润表,175,175,182,利润表
600036_SH_pdf_招商银行2025半年报_pdf_e6770b40_chunk_476,pdf,pdf,"人的净利润
(1,975)
(1,975)
归属于本行普通股股东的净利润
72,955
72,768
减:影响本行普通股股东净利润的非经常性损益
55
(111)
(119)
扣除非经常性损益后归属于本行普通股股东的净利润
72,844
72,649
每股收益
加权平均普通股股本数(百万股)
25,220
25,220
归属于本行普通股股东的基本和稀释每股收益(人民币元)
2.89
2.89
扣除非经常性损益后归属于本行普通股股东的
基本和稀释每股收益(人民币元)
2.89
2.88
净资产收益率
归属于本行普通股股东的加权平均净资产
1,053,678
942,846
归属于本行普通股股东的加权平均净资产收益率(%)
13.85
15.44
扣除非经常性损益后归属于本行普通股股东的
加权平均净资产收益率(%)
13.83
15.41
本行于2017年发行了非累积型优先股,于2020年至2025年间共发行了6期非累积型永续债。计算普通股基本每
股收益时,应当在归属于本行股东的净利润中扣除当期的优先股股利及永续债利息。截至2025年6月30日止6个
月期间,本行优先股股利为零(2024年",600036.SH,招商银行,2025-06-30,2025,半年报,招商银行2025半年报,招商银行2025半年报.pdf,C:\Users\Administrator\Desktop\financial-poc\data\raw\pdf\招商银行2025半年报.pdf,,,,476,679,利润表,175,175,182,利润表
600036_SH_pdf_招商银行2025半年报_pdf_e6770b40_chunk_477,pdf,pdf,"025年间共发行了6期非累积型永续债。计算普通股基本每
股收益时,应当在归属于本行股东的净利润中扣除当期的优先股股利及永续债利息。截至2025年6月30日止6个
月期间,本行优先股股利为零(2024年6月30日止6个月期间:零)。本行当期永续债利息为人民币1,975百万元
(2024年6月30日止6个月期间:人民币1,975百万元)。
优先股的转股特征使得本行存在或有可能发行普通股。截至2025年6月30日止6个月期间和2024年6月30日止6
个月期间,转股的触发事件并未发生,优先股的转股特征对2025年6月30日止6个月期间基本及稀释每股收益的
计算没有影响(2024年6月30日止6个月期间:无影响)。
本行发行的非累积型永续债不存在转股条款。
177
第八章 财务报告
招商银行股份有限公司
2025年半年度报告(A股)
46. 经营分部
本集团的主要业务是零售及批发客户提供存贷款业务、资金业务、资产管理及其他金融服务。
本集团按业务条线和经营地区将业务划分为不同的营运组别,从而进行业务管理。本集团的主要业务报告分部如
下:
-批发金融业务
向公司类客户、政府机构类客户、同业机构类",600036.SH,招商银行,2025-06-30,2025,半年报,招商银行2025半年报,招商银行2025半年报.pdf,C:\Users\Administrator\Desktop\financial-poc\data\raw\pdf\招商银行2025半年报.pdf,,,,477,679,利润表,175,175,182,利润表
600036_SH_pdf_招商银行2025半年报_pdf_e6770b40_chunk_478,pdf,pdf,"、资金业务、资产管理及其他金融服务。
本集团按业务条线和经营地区将业务划分为不同的营运组别,从而进行业务管理。本集团的主要业务报告分部如
下:
-批发金融业务
向公司类客户、政府机构类客户、同业机构类客户提供的金融服务包括:贷款及存款服务、结算与现金管理服
务、贸易金融与离岸业务、投资银行业务、拆借、回购等同业机构往来业务、资产托管业务、金融市场业务及其
他服务。
-零售金融业务
向个人客户提供的金融服务包括:贷款及存款服务、银行卡服务、财富管理、私人银行及其他服务。
-其他业务
该分部业务包括:除上述业务以外的其他业务,包括投资性房地产及除招商永隆银行和招银金租外的子公司、联
营及合营企业的相关业务。这些分部尚不符合任何用来厘定报告分部的量化门槛。
就分部分析而言,外部净利息收入/支出是指报告分部通过对外部提供银行业务而获得的净利息收入/支出。
内部净利息收入/支出是指报告分部通过内部资金转移定价机制所承担的损益。内部资金转移定价机制已考虑
资产及负债组合的结构及市场回报。成本分配是依据各报告分部的直接占用成本及相关动因分摊而定。
经营分部的会计政策与本集团的会计政策相同。上述分部收",600036.SH,招商银行,2025-06-30,2025,半年报,招商银行2025半年报,招商银行2025半年报.pdf,C:\Users\Administrator\Desktop\financial-poc\data\raw\pdf\招商银行2025半年报.pdf,,,,478,679,利润表,175,175,182,利润表
600036_SH_pdf_招商银行2025半年报_pdf_e6770b40_chunk_479,pdf,pdf,"金转移定价机制所承担的损益。内部资金转移定价机制已考虑
资产及负债组合的结构及市场回报。成本分配是依据各报告分部的直接占用成本及相关动因分摊而定。
经营分部的会计政策与本集团的会计政策相同。上述分部收入代表外部客户产生的收入,分部间的内部交易已被
抵销。没有客户为本集团在截至2025年6月30日止6个月期间和截至2024年6月30日止6个月期间贡献了10%或
更多的收入。分部之间的内部交易是按照公允价格达成。
178
第八章 财务报告
招商银行股份有限公司
2025年半年度报告(A股)
46. 经营分部(续)
(a) 分部业绩、资产及负债
批发金融业务
零售金融业务
其他业务
合计
截至6月30日止6个月期间
2025年
2024年
2025年
2024年
2025年
2024年
2025年
2024年
外部净利息收入
19,614
14,221
55,279
60,639
31,192
29,589
106,085
104,449
内部净利息收入/(支出)
20,009
23,779
15,458
9,689
(35,467)
(33,468)
–
–
净利息收入/(支出)
39,6",600036.SH,招商银行,2025-06-30,2025,半年报,招商银行2025半年报,招商银行2025半年报.pdf,C:\Users\Administrator\Desktop\financial-poc\data\raw\pdf\招商银行2025半年报.pdf,,,,479,679,利润表,175,175,182,利润表
600036_SH_pdf_招商银行2025半年报_pdf_e6770b40_chunk_480,pdf,pdf,"29,589
106,085
104,449
内部净利息收入/(支出)
20,009
23,779
15,458
9,689
(35,467)
(33,468)
–
–
净利息收入/(支出)
39,623
38,000
70,737
70,328
(4,275)
(3,879)
106,085
104,449
净手续费及佣金收入
7,861
7,756
24,521
24,931
5,220
5,641
37,602
38,328
其他净收入
22,837
26,279
935
684
2,510
3,205
26,282
30,168
其中:对联营及合营企业的投资收益
–
–
–
–
1,672
1,550
1,672
1,550
营业收入
70,321
72,035
96,193
95,943
3,455
4,967
169,969
172,945
营业支出
-固定资产及投资性房地产
折旧费用
(4,164)
(3,951)
(1,156)
(1,084)
(188)
(200)
(5,508)
(5,235)
-使用权资产折旧费用
(681)
(755)
(1,120)
(1,1",600036.SH,招商银行,2025-06-30,2025,半年报,招商银行2025半年报,招商银行2025半年报.pdf,C:\Users\Administrator\Desktop\financial-poc\data\raw\pdf\招商银行2025半年报.pdf,,,,480,679,利润表,175,175,182,利润表
600036_SH_pdf_招商银行2025半年报_pdf_e6770b40_chunk_481,pdf,pdf,"折旧费用
(4,164)
(3,951)
(1,156)
(1,084)
(188)
(200)
(5,508)
(5,235)
-使用权资产折旧费用
(681)
(755)
(1,120)
(1,116)
(108)
(110)
(1,909)
(1,981)
-信用减值损失及其他资产
减值损失
(10,795)
(11,671)
(13,742)
(14,693)
(97)
(572)
(24,634)
(26,936)
-其他
(17,604)
(19,212)
(28,125)
(27,848)
(3,237)
(2,069)
(48,966)
(49,129)
营业支出
(33,244)
(35,589)
(44,143)
(44,741)
(3,630)
(2,951)
(81,017)
(83,281)
营业外收支净额
(20)
(13)
(14)
(4)
(12)
(6)
(46)
(23)
报告分部税前利润
37,057
36,433
52,036
51,198
(187)
2,010
88,906
89,641
资本性支出(注)
7,580
17,565
1,063",600036.SH,招商银行,2025-06-30,2025,半年报,招商银行2025半年报,招商银行2025半年报.pdf,C:\Users\Administrator\Desktop\financial-poc\data\raw\pdf\招商银行2025半年报.pdf,,,,481,679,利润表,175,175,182,利润表
600036_SH_pdf_招商银行2025半年报_pdf_e6770b40_chunk_482,pdf,pdf,"(46)
(23)
报告分部税前利润
37,057
36,433
52,036
51,198
(187)
2,010
88,906
89,641
资本性支出(注)
7,580
17,565
1,063
975
41
40
8,684
18,580
批发金融业务
零售金融业务
其他业务
合计
2025年
6月30日
2024年
12月31日
2025年
6月30日
2024年
12月31日
2025年
6月30日
2024年
12月31日
2025年
6月30日
2024年
12月31日
报告分部资产
7,567,896
7,103,051
3,626,076
3,564,804
1,355,640
1,383,480
12,549,612
12,051,335
其中:联营及合营企业投资
–
–
–
–
33,048
31,015
33,048
31,015
报告分部负债
6,451,887
6,268,091
4,364,010
4,118,838
412,386
452,085
11,228,283
10,839,014
注:
资本性支出是指在各期间内购入预期使用一年以上的分部资产的",600036.SH,招商银行,2025-06-30,2025,半年报,招商银行2025半年报,招商银行2025半年报.pdf,C:\Users\Administrator\Desktop\financial-poc\data\raw\pdf\招商银行2025半年报.pdf,,,,482,679,利润表,175,175,182,利润表
600036_SH_pdf_招商银行2025半年报_pdf_e6770b40_chunk_483,pdf,pdf,"6,268,091
4,364,010
4,118,838
412,386
452,085
11,228,283
10,839,014
注:
资本性支出是指在各期间内购入预期使用一年以上的分部资产的金额。
179
第八章 财务报告
招商银行股份有限公司
2025年半年度报告(A股)
46. 经营分部(续)
(b) 报告分部的收入、利润或亏损、资产和负债以及其他重要项目的调节
截至2025年
6月30日止
6个月期间
截至2024年
6月30日止
6个月期间
收入
报告分部的营业收入
169,969
172,945
其他收入
–
–
合并收入
169,969
172,945
利润
报告分部的总利润
88,906
89,641
其他利润
–
–
合并税前利润
88,906
89,641
2025年6月30日
2024年12月31日
资产
各报告分部的总资产
12,549,612
12,051,335
商誉
9,954
9,954
无形资产
488
526
递延所得税资产
88,764
83,674
其他未分配资产
8,333
6,547
合并资产合计
12,657,151
12,152,",600036.SH,招商银行,2025-06-30,2025,半年报,招商银行2025半年报,招商银行2025半年报.pdf,C:\Users\Administrator\Desktop\financial-poc\data\raw\pdf\招商银行2025半年报.pdf,,,,483,679,利润表,175,175,182,利润表
600036_SH_pdf_招商银行2025半年报_pdf_e6770b40_chunk_484,pdf,pdf,",335
商誉
9,954
9,954
无形资产
488
526
递延所得税资产
88,764
83,674
其他未分配资产
8,333
6,547
合并资产合计
12,657,151
12,152,036
负债
报告分部的总负债
11,228,283
10,839,014
应交税费
15,393
11,713
递延所得税负债
1,112
1,592
其他未分配负债
115,503
66,242
合并负债合计
11,360,291
10,918,561
(c)
地区分部
本集团主要是于中国境内地区经营,分行遍布全国主要省份、自治区和中央政府直辖市。本集团亦在香港、纽
约、新加坡、卢森堡、伦敦、悉尼设立分行,在香港、深圳、上海、北京和卢森堡设立子公司及在台北设立代表
处。
按地区分部列报信息时,经营收入是以产生收入的分行、子公司的所在地为基准划分。分部资产和非流动资产则
按相关资产的所在地划分。
180
第八章 财务报告
招商银行股份有限公司
2025年半年度报告(A股)
46. 经营分部(续)
(c)
地区分部(续)
作为配合银行运营及管理层对于绩效管理的用途,地区分部的定义为:
–",600036.SH,招商银行,2025-06-30,2025,半年报,招商银行2025半年报,招商银行2025半年报.pdf,C:\Users\Administrator\Desktop\financial-poc\data\raw\pdf\招商银行2025半年报.pdf,,,,484,679,利润表,175,175,182,利润表
600036_SH_pdf_招商银行2025半年报_pdf_e6770b40_chunk_485,pdf,pdf,"分。
180
第八章 财务报告
招商银行股份有限公司
2025年半年度报告(A股)
46. 经营分部(续)
(c)
地区分部(续)
作为配合银行运营及管理层对于绩效管理的用途,地区分部的定义为:
–
“总行”指本集团总行本部、信用卡中心与资金营运中心;
–
“长江三角洲地区”指本集团下列地区服务的分行:上海直辖市、浙江省和江苏省;
–
“环渤海地区”指本集团下列地区服务的分行:北京直辖市、天津直辖市、山东省和河北省;
–
“珠江三角洲及海西地区”指本集团下列地区服务的分行:广东省和福建省;
–
“东北地区”指本集团下列地区服务的分行:辽宁省、黑龙江省和吉林省;
–
“中部地区”指本集团下列地区服务的分行:河南省、安徽省、湖南省、湖北省、江西省、山西省和海南
省;
–
“西部地区”指本集团下列地区服务的分行:四川省、重庆直辖市、贵州省、云南省、陕西省、甘肃省、
宁夏回族自治区、新疆维吾尔族自治区、广西壮族自治区、内蒙古自治区、青海省和西藏自治区;
–
“境外”指本集团处于境外的分行及代表处,包括香港分行、纽约分行、新加坡分行、卢森堡分行、伦敦
分行、悉尼分行和台北代表处;
–
“附属机构",600036.SH,招商银行,2025-06-30,2025,半年报,招商银行2025半年报,招商银行2025半年报.pdf,C:\Users\Administrator\Desktop\financial-poc\data\raw\pdf\招商银行2025半年报.pdf,,,,485,679,利润表,175,175,182,利润表
600036_SH_pdf_招商银行2025半年报_pdf_e6770b40_chunk_486,pdf,pdf,"治区、广西壮族自治区、内蒙古自治区、青海省和西藏自治区;
–
“境外”指本集团处于境外的分行及代表处,包括香港分行、纽约分行、新加坡分行、卢森堡分行、伦敦
分行、悉尼分行和台北代表处;
–
“附属机构”指本集团的全资及控股附属机构,包括招商永隆银行、招银国际、招银金租、招商基金、招
银理财、招银欧洲和招商信诺资管等。
总资产
总负债
非流动性资产
营业收入
税前利润
地区信息
2025年
6月30日
2024年
12月31日
2025年
6月30日
2024年
12月31日
2025年
6月30日
2024年
12月31日
截至
2025年
6月30日止
6个月期间
截至
2024年
6月30日止
6个月期间
截至
2025年
6月30日止
6个月期间
截至
2024年
6月30日止
6个月期间
总行
5,858,750
5,620,792
4,770,523
4,616,716
62,484
61,287
64,419
75,347
37,414
38,937
长江三角洲地区
1,580,585
1,521,903
1,573,322
1,503,109
5,309
5,469
23",600036.SH,招商银行,2025-06-30,2025,半年报,招商银行2025半年报,招商银行2025半年报.pdf,C:\Users\Administrator\Desktop\financial-poc\data\raw\pdf\招商银行2025半年报.pdf,,,,486,679,利润表,175,175,182,利润表
600036_SH_pdf_招商银行2025半年报_pdf_e6770b40_chunk_487,pdf,pdf,"84
61,287
64,419
75,347
37,414
38,937
长江三角洲地区
1,580,585
1,521,903
1,573,322
1,503,109
5,309
5,469
23,142
22,506
11,161
12,678
环渤海地区
1,034,753
1,002,690
1,026,907
988,780
3,634
3,845
17,508
16,060
9,959
9,117
珠江三角洲及海西地区
1,306,124
1,234,991
1,299,190
1,225,218
3,593
3,957
18,048
17,377
5,877
8,163
东北地区
171,775
173,447
170,933
171,967
1,303
1,357
3,236
3,189
1,305
1,577
中部地区
755,835
733,700
751,743
725,410
3,087
3,195
10,000
9,815
5,103
5,573
西部地区
760,853
751,874
757,346
744,561
2,627
2,734
10,118",600036.SH,招商银行,2025-06-30,2025,半年报,招商银行2025半年报,招商银行2025半年报.pdf,C:\Users\Administrator\Desktop\financial-poc\data\raw\pdf\招商银行2025半年报.pdf,,,,487,679,利润表,175,175,182,利润表
600036_SH_pdf_招商银行2025半年报_pdf_e6770b40_chunk_488,pdf,pdf,"25,410
3,087
3,195
10,000
9,815
5,103
5,573
西部地区
760,853
751,874
757,346
744,561
2,627
2,734
10,118
9,924
4,351
5,043
境外
229,603
236,567
237,352
244,455
669
746
2,154
2,112
1,305
1,377
附属机构
958,873
876,072
772,975
698,345
104,340
107,343
21,344
16,615
12,431
7,176
合计
12,657,151
12,152,036
11,360,291
10,918,561
187,046
189,933
169,969
172,945
88,906
89,641
注:
非流动资产包括合营企业投资、联营企业投资、固定资产、在建工程、投资性房地产、使用权资产、无形资产和商誉等。
181
第八章 财务报告
招商银行股份有限公司
2025年半年度报告(A股)
47. 或有负债和承担
(a) 信贷承诺
本集团在任何特定期间均须提供贷款额度的承担,形式包",600036.SH,招商银行,2025-06-30,2025,半年报,招商银行2025半年报,招商银行2025半年报.pdf,C:\Users\Administrator\Desktop\financial-poc\data\raw\pdf\招商银行2025半年报.pdf,,,,488,679,利润表,175,175,182,利润表
600036_SH_pdf_招商银行2025半年报_pdf_e6770b40_chunk_489,pdf,pdf,"用权资产、无形资产和商誉等。
181
第八章 财务报告
招商银行股份有限公司
2025年半年度报告(A股)
47. 或有负债和承担
(a) 信贷承诺
本集团在任何特定期间均须提供贷款额度的承担,形式包括批出贷款额度及信用卡透支额度。
本集团提供财务担保及信用证服务,以保证客户向第三方履行合同。承兑汇票是指本集团对客户签发的汇票作出
的兑付承诺。本集团预期大部分的承兑汇票均会同时与客户偿付款项结清。
信贷承诺的合同金额分类载于下表。下表所反映承担的金额是指贷款额度全部支用时的金额。下表所反映担保及",600036.SH,招商银行,2025-06-30,2025,半年报,招商银行2025半年报,招商银行2025半年报.pdf,C:\Users\Administrator\Desktop\financial-poc\data\raw\pdf\招商银行2025半年报.pdf,,,,489,679,利润表,175,175,182,利润表
600036_SH_pdf_招商银行2025半年报_pdf_e6770b40_chunk_490,pdf,pdf,"信用证的金额是指假如交易另一方未能完全履行合同时,于资产负债表日确认的最大可能损失额。
本集团
2025年6月30日
阶段一
(12个月预期
信用损失)
阶段二
(整个存续期
预期信用损失
-未减值)
阶段三
(整个存续期
预期信用损失
-已减值)
合计
不可撤销的保函
338,882
1,927
285
341,094
-融资保函
29,112
783
3
29,898
-非融资保函
309,770
1,144
282
311,196
不可撤销的信用证
367,214
1,248
–
368,462
承兑汇票
566,857
3,069
12
569,938
不可撤销的贷款承诺
187,610
984
102
188,696
-原到期日为1年以内(含)
50,524
1
7
50,532
-原到期日为1年以上
137,086
983
95
138,164
信用卡未使用额度
1,666,493
28,255
29
1,694,777
其他
94,714
948
20
95,682
合计
3,221,770
36,431
448
3,258,649
本集团
2024年12月31日
阶段一",600036.SH,招商银行,2025-06-30,2025,半年报,招商银行2025半年报,招商银行2025半年报.pdf,C:\Users\Administrator\Desktop\financial-poc\data\raw\pdf\招商银行2025半年报.pdf,,,,490,679,资产负债表,182,182,189,资产负债表
600036_SH_pdf_招商银行2025半年报_pdf_e6770b40_chunk_491,pdf,pdf,"93
28,255
29
1,694,777
其他
94,714
948
20
95,682
合计
3,221,770
36,431
448
3,258,649
本集团
2024年12月31日
阶段一
(12个月预期
信用损失)
阶段二
(整个存续期
预期信用损失
-未减值)
阶段三
(整个存续期
预期信用损失
-已减值)
合计
不可撤销的保函
326,654
1,983
582
329,219
-融资保函
33,109
754
293
34,156
-非融资保函
293,545
1,229
289
295,063
不可撤销的信用证
304,725
1,249
–
305,974
承兑汇票
581,176
3,054
360
584,590
不可撤销的贷款承诺
162,159
415
96
162,670
-原到期日为1年以内(含)
45,039
3
1
45,043
-原到期日为1年以上
117,120
412
95
117,627
信用卡未使用额度
1,588,137
32,399
5
1,620,541
其他
96,525
708
20
97,253
合计
3,059,376
3",600036.SH,招商银行,2025-06-30,2025,半年报,招商银行2025半年报,招商银行2025半年报.pdf,C:\Users\Administrator\Desktop\financial-poc\data\raw\pdf\招商银行2025半年报.pdf,,,,491,679,资产负债表,182,182,189,资产负债表
600036_SH_pdf_招商银行2025半年报_pdf_e6770b40_chunk_492,pdf,pdf,"117,120
412
95
117,627
信用卡未使用额度
1,588,137
32,399
5
1,620,541
其他
96,525
708
20
97,253
合计
3,059,376
39,808
1,063
3,100,247
182
第八章 财务报告
招商银行股份有限公司
2025年半年度报告(A股)
47. 或有负债和承担(续)
(a) 信贷承诺(续)
截至2025年6月30日,本集团不可撤销的信用证中,开出即期信用证金额为人民币22,646百万元(2024年12月
31日:人民币20,139百万元),开出远期信用证金额为人民币17,832百万元(2024年12月31日:人民币18,230
百万元),其他付款承诺金额为人民币327,984百万元(2024年12月31日:人民币267,605百万元)。
本行
2025年6月30日
阶段一
(12个月预期
信用损失)
阶段二
(整个存续期
预期信用损失
-未减值)
阶段三
(整个存续期
预期信用损失
-已减值)
合计
不可撤销的保函
336,248
1,188
285
337,721
-融资保函
28,144
44
3",600036.SH,招商银行,2025-06-30,2025,半年报,招商银行2025半年报,招商银行2025半年报.pdf,C:\Users\Administrator\Desktop\financial-poc\data\raw\pdf\招商银行2025半年报.pdf,,,,492,679,资产负债表,182,182,189,资产负债表
600036_SH_pdf_招商银行2025半年报_pdf_e6770b40_chunk_493,pdf,pdf,"(整个存续期
预期信用损失
-未减值)
阶段三
(整个存续期
预期信用损失
-已减值)
合计
不可撤销的保函
336,248
1,188
285
337,721
-融资保函
28,144
44
3
28,191
-非融资保函
308,104
1,144
282
309,530
不可撤销的信用证
365,695
1,248
–
366,943
承兑汇票
566,717
3,069
12
569,798
不可撤销的贷款承诺
166,818
820
96
167,734
-原到期日为1年以内(含)
42,168
–
1
42,169
-原到期日为1年以上
124,650
820
95
125,565
信用卡未使用额度
1,663,498
28,246
29
1,691,773
其他
94,714
948
20
95,682
合计
3,193,690
35,519
442
3,229,651
本行
2024年12月31日
阶段一
(12个月预期
信用损失)
阶段二
(整个存续期
预期信用损失
-未减值)
阶段三
(整个存续期
预期信用损失
-已减值)
合计
不可撤销的保函
324,028
1",600036.SH,招商银行,2025-06-30,2025,半年报,招商银行2025半年报,招商银行2025半年报.pdf,C:\Users\Administrator\Desktop\financial-poc\data\raw\pdf\招商银行2025半年报.pdf,,,,493,679,资产负债表,182,182,189,资产负债表
600036_SH_pdf_招商银行2025半年报_pdf_e6770b40_chunk_494,pdf,pdf,"行
2024年12月31日
阶段一
(12个月预期
信用损失)
阶段二
(整个存续期
预期信用损失
-未减值)
阶段三
(整个存续期
预期信用损失
-已减值)
合计
不可撤销的保函
324,028
1,243
582
325,853
-融资保函
32,213
14
293
32,520
-非融资保函
291,815
1,229
289
293,333
不可撤销的信用证
303,372
1,250
–
304,622
承兑汇票
581,008
3,054
360
584,422
不可撤销的贷款承诺
141,586
410
95
142,091
-原到期日为1年以内(含)
35,425
–
–
35,425
-原到期日为1年以上
106,161
410
95
106,666
信用卡未使用额度
1,587,970
32,389
4
1,620,363
其他
96,523
708
20
97,251
合计
3,034,487
39,054
1,061
3,074,602
183
第八章 财务报告
招商银行股份有限公司
2025年半年度报告(A股)
47. 或有负债和承担(续)
(a) 信贷承诺",600036.SH,招商银行,2025-06-30,2025,半年报,招商银行2025半年报,招商银行2025半年报.pdf,C:\Users\Administrator\Desktop\financial-poc\data\raw\pdf\招商银行2025半年报.pdf,,,,494,679,资产负债表,182,182,189,资产负债表
600036_SH_pdf_招商银行2025半年报_pdf_e6770b40_chunk_495,pdf,pdf,"1
合计
3,034,487
39,054
1,061
3,074,602
183
第八章 财务报告
招商银行股份有限公司
2025年半年度报告(A股)
47. 或有负债和承担(续)
(a) 信贷承诺(续)
截至2025年6月30日,本行不可撤销的信用证中,开出即期信用证金额为人民币21,128百万元(2024年12月31
日:人民币18,787百万元),开出远期信用证金额为人民币17,832百万元(2024年12月31日:人民币18,230百
万元),其他付款承诺金额为人民币327,983百万元(2024年12月31日:人民币267,605百万元)。
不可撤销的贷款承诺包含对境外及境内的银团贷款,及境外机构对境外客户提供的贷款授信额度等。
除上述不可撤销的贷款承诺外,本集团于2025年6月30日有金额为人民币5,271,281百万元(2024年12月31日:
人民币5,385,015百万元)的可撤销贷款承诺。这些贷款承诺是本集团可于任何时间无条件地取消的,或按相关
的贷款合同约定因借款人的信贷能力变坏而自动取消的。由于本集团并不承担这些客户未使用的授信额度风险,
因此该数额并未包含在",600036.SH,招商银行,2025-06-30,2025,半年报,招商银行2025半年报,招商银行2025半年报.pdf,C:\Users\Administrator\Desktop\financial-poc\data\raw\pdf\招商银行2025半年报.pdf,,,,495,679,资产负债表,182,182,189,资产负债表
600036_SH_pdf_招商银行2025半年报_pdf_e6770b40_chunk_496,pdf,pdf,"元)的可撤销贷款承诺。这些贷款承诺是本集团可于任何时间无条件地取消的,或按相关
的贷款合同约定因借款人的信贷能力变坏而自动取消的。由于本集团并不承担这些客户未使用的授信额度风险,
因此该数额并未包含在信贷承诺内。
本集团
本行
2025年
6月30日
2024年
12月31日
2025年
6月30日
2024年
12月31日
或有负债和承担的信用风险加权金额
997,142
846,851
957,931
808,801
自2024年1月1日起,对于或有负债和承担的信用风险加权资产金额,本集团依据金融监管总局发布的《商业银
行资本管理办法》,并根据原银保监会2014年4月核准的范围采用内部评级法计算,内部评级法未覆盖部分采用
权重法计算。
(b) 资本承担
本集团已授权资本承担如下:
本集团
本行
2025年
6月30日
2024年
12月31日
2025年
6月30日
2024年
12月31日
已订约
196
177
126
124
已授权但未订约
198
216
198
209
合计
394
393
324
333
本集团作为出租人的租赁承诺详见附注47(e)。
(c)
未决诉讼",600036.SH,招商银行,2025-06-30,2025,半年报,招商银行2025半年报,招商银行2025半年报.pdf,C:\Users\Administrator\Desktop\financial-poc\data\raw\pdf\招商银行2025半年报.pdf,,,,496,679,资产负债表,182,182,189,资产负债表
600036_SH_pdf_招商银行2025半年报_pdf_e6770b40_chunk_497,pdf,pdf,"31日
已订约
196
177
126
124
已授权但未订约
198
216
198
209
合计
394
393
324
333
本集团作为出租人的租赁承诺详见附注47(e)。
(c)
未决诉讼
于2025年6月30日,本行及本集团内子公司尚有作为被起诉方的若干未决诉讼案件,涉及起诉金额约人民币
2,078百万元(2024年12月31日:人民币2,024百万元)。本集团认为,本集团不会因该等未决诉讼而遭受重大损
失。
184
第八章 财务报告
招商银行股份有限公司
2025年半年度报告(A股)
47. 或有负债和承担(续)
(d) 承兑责任
作为中国国债承销商,若债券持有人于债券到期日前兑付国债,本集团有责任为债券持有人兑付这些债券。该等
国债于到期日前的承兑价是按票面价值加上兑付日应计提的未付利息。债券持有人的应计提利息按照财政部和中
国人民银行有关规则计算。承兑价可能与于承兑日市场上交易的相近似债券的公允价值不同。
本集团于资产负债表日按票面值对已承销、出售,但未到期的国债承兑责任如下:
本集团
本行
2025年
6月30日
2024年
12月31日
2025年
6月30日
2",600036.SH,招商银行,2025-06-30,2025,半年报,招商银行2025半年报,招商银行2025半年报.pdf,C:\Users\Administrator\Desktop\financial-poc\data\raw\pdf\招商银行2025半年报.pdf,,,,497,679,资产负债表,182,182,189,资产负债表
600036_SH_pdf_招商银行2025半年报_pdf_e6770b40_chunk_498,pdf,pdf,"上交易的相近似债券的公允价值不同。
本集团于资产负债表日按票面值对已承销、出售,但未到期的国债承兑责任如下:
本集团
本行
2025年
6月30日
2024年
12月31日
2025年
6月30日
2024年
12月31日
承兑责任
32,672
30,807
32,672
30,807
本集团预计于国债到期日前通过本集团提前承兑的国债金额不重大。
(e) 租赁承诺
本集团于资产负债表日作为出租人的经营租赁承诺和融资租赁承诺如下:
本集团
本行
2025年
6月30日
2024年
12月31日
2025年
6月30日
2024年
12月31日
经营租赁承诺
23,861
14,321
–
–
融资租赁承诺
50,865
37,503
–
–
合计
74,726
51,824
–
–
185
第八章 财务报告
招商银行股份有限公司
2025年半年度报告(A股)
48. 代客交易
(a) 委托贷款业务
本集团的委托贷款业务是指政府部门、企事业单位及个人等委托人提供资金,本集团根据委托人确定的贷款对象
和贷款条件等代为发放、监督使用并协助收回的贷款。本集团的委托贷款业务均不需本集团承担任何信",600036.SH,招商银行,2025-06-30,2025,半年报,招商银行2025半年报,招商银行2025半年报.pdf,C:\Users\Administrator\Desktop\financial-poc\data\raw\pdf\招商银行2025半年报.pdf,,,,498,679,资产负债表,182,182,189,资产负债表
600036_SH_pdf_招商银行2025半年报_pdf_e6770b40_chunk_499,pdf,pdf,"贷款业务
本集团的委托贷款业务是指政府部门、企事业单位及个人等委托人提供资金,本集团根据委托人确定的贷款对象
和贷款条件等代为发放、监督使用并协助收回的贷款。本集团的委托贷款业务均不需本集团承担任何信用风险,
本集团只以代理人的身份,根据委托方的指示持有和管理这些资产及负债,并就所提供的服务收取手续费。
由于委托贷款并不属于本集团的资产,故未在资产负债表内确认。提供有关服务的已收和应收收入在利润表的手
续费及佣金收入中确认。
于资产负债表日的委托资产及负债如下:
本集团
本行
2025年
6月30日
2024年
12月31日
2025年
6月30日
2024年
12月31日
委托贷款
259,518
245,897
259,424
245,804
委托贷款资金
(259,518)
(245,897)
(259,424)
(245,804)
(b) 理财业务
本集团的理财业务主要是指本行及招银理财将理财产品销售给企业或个人,募集资金投资于国家债券、政策性银
行债券、企业短期融资券等投资品种。本集团作为发起人成立理财产品,与理财产品相关的投资风险由投资者承
担。理财产品未纳入本集团合并财务",600036.SH,招商银行,2025-06-30,2025,半年报,招商银行2025半年报,招商银行2025半年报.pdf,C:\Users\Administrator\Desktop\financial-poc\data\raw\pdf\招商银行2025半年报.pdf,,,,499,679,资产负债表,182,182,189,资产负债表
600036_SH_pdf_招商银行2025半年报_pdf_e6770b40_chunk_500,pdf,pdf,"银理财将理财产品销售给企业或个人,募集资金投资于国家债券、政策性银
行债券、企业短期融资券等投资品种。本集团作为发起人成立理财产品,与理财产品相关的投资风险由投资者承
担。理财产品未纳入本集团合并财务报表范围。本集团从该业务中获取的收入主要包括理财产品的托管、销售、
投资管理等手续费收入。
理财产品投资及募集的资金不是本集团的资产和负债,因此未在资产负债表内确认。从理财业务客户募集的资金
于投资前记录为其他负债。
本行根据《关于规范金融机构资产管理业务的指导意见》等相关政策要求,理财产品逐步迁移至招银理财,
新产品主要通过招银理财发行。于报告期末,本集团未纳入合并报表的理财业务向客户募集的资金为人民币
2,280,129百万元(2024年12月31日:人民币2,298,278百万元)。本行为人民币36,094百万元(2024年12月31
日:人民币52,344百万元)。
(c)
受托管理保险资产业务
本集团的受托管理保险资产业务主要是指本集团受保险公司委托,在监管政策范围内及保险公司投资指引约束
下,对委托投资的保险资产行使投资管理权并据此收取手续费收入的业务。
于资产负债表日的受托管",600036.SH,招商银行,2025-06-30,2025,半年报,招商银行2025半年报,招商银行2025半年报.pdf,C:\Users\Administrator\Desktop\financial-poc\data\raw\pdf\招商银行2025半年报.pdf,,,,500,679,资产负债表,182,182,189,资产负债表
600036_SH_pdf_招商银行2025半年报_pdf_e6770b40_chunk_501,pdf,pdf,"险资产业务
本集团的受托管理保险资产业务主要是指本集团受保险公司委托,在监管政策范围内及保险公司投资指引约束
下,对委托投资的保险资产行使投资管理权并据此收取手续费收入的业务。
于资产负债表日的受托管理保险资产余额如下:
本集团
本行
2025年
6月30日
2024年
12月31日
2025年
6月30日
2024年
12月31日
受托管理保险资产
214,016
189,647
–
–
186
第八章 财务报告
招商银行股份有限公司
2025年半年度报告(A股)
49. 风险管理
(a) 信用风险
信用风险是交易对手或债务人违约,使本集团可能蒙受损失的风险。当所有交易对手集中在单一行业或地区时,
银行可能面临较大的信用风险。这主要是由于不同的交易对手会因处于同一地区或行业而受到同样的经济发展影
响,可能影响到其还款能力。
本集团专为有效识别、评估和管理信用风险而设计了系统架构、信用政策和程序。董事会委任的风险与资本管理
委员会,负责监督和评估风险管理各职能部门的设置、组织架构、工作程序和效果。
日常操作方面,董事会风险与资本管理委员会所督导的风险管理部门负责参与、协调配合并监控各业",600036.SH,招商银行,2025-06-30,2025,半年报,招商银行2025半年报,招商银行2025半年报.pdf,C:\Users\Administrator\Desktop\financial-poc\data\raw\pdf\招商银行2025半年报.pdf,,,,501,679,资产负债表,182,182,189,资产负债表
600036_SH_pdf_招商银行2025半年报_pdf_e6770b40_chunk_502,pdf,pdf,"和程序。董事会委任的风险与资本管理
委员会,负责监督和评估风险管理各职能部门的设置、组织架构、工作程序和效果。
日常操作方面,董事会风险与资本管理委员会所督导的风险管理部门负责参与、协调配合并监控各业务部门和法
律合规部等部门实施风险管理工作。本集团信用风险管理覆盖授信与投资业务的贷(投)前调查、贷(投)中审
查、贷(投)后管理等各流程环节。
本集团按照《商业银行预期信用损失法实施管理办法》的规定,运用预期信用损失模型,对以摊余成本计量的或
以公允价值计量且其变动计入其他综合收益的表内承担信用风险的金融资产,以及贷款承诺和财务担保合同等表
外承担信用风险的项目计提信用风险损失准备。
在批发金融业务信用风险管理方面,本集团优化了授信与投资政策,持续完善公司、同业及机构类客户准入标
准,强化对重点风险领域管控,促进信贷结构优化。
在零售金融业务信用风险管理方面,本集团主要依靠对申请人的信用评估作为发放个人信贷的基础,对信贷申请
人收入、信用历史和贷款偿还能力等进行评估。本集团重视对个人贷款的贷后监控,重点关注借款人的偿款能力
和抵质押品状况及其价值变化情况。一旦贷款逾期,本集团将根据一套个",600036.SH,招商银行,2025-06-30,2025,半年报,招商银行2025半年报,招商银行2025半年报.pdf,C:\Users\Administrator\Desktop\financial-poc\data\raw\pdf\招商银行2025半年报.pdf,,,,502,679,资产负债表,182,182,189,资产负债表
600036_SH_pdf_招商银行2025半年报_pdf_e6770b40_chunk_503,pdf,pdf,"作为发放个人信贷的基础,对信贷申请
人收入、信用历史和贷款偿还能力等进行评估。本集团重视对个人贷款的贷后监控,重点关注借款人的偿款能力
和抵质押品状况及其价值变化情况。一旦贷款逾期,本集团将根据一套个人贷款标准化催收作业流程体系开展催
收工作。
在适当的情况下,本集团将要求客户提供抵质押品或其他担保。本集团已为担保人或抵质押物的准入、担保额度
的核定、担保的设定与后续管理制定制度或指引。对担保人或担保物的担保能力、担保意愿均会定期审核,确保
其符合相关法律法规的要求,并能有效地缓释风险。
资产质量分类方面,本集团基于《商业银行金融资产风险分类办法》,结合实际情况完善分类制度,细化分类方
法。其中,本集团在监管五级分类的基础上,实行十级分类管理(正常一至五级、关注一级、关注二级、次级、
可疑及损失)。
或有负债和承担产生的风险在实质上与贷款和垫款的风险一致。因此,这些交易需要经过与贷款业务相同的申
请、贷后管理以及抵质押担保要求。
信用风险的集中程度:当一定数量的客户进行相同的经营活动、处于相同的地理位置或其行业具有相似的经济特
性时,其履行合约的能力会受到同一经济变化的影响。信用风险的",600036.SH,招商银行,2025-06-30,2025,半年报,招商银行2025半年报,招商银行2025半年报.pdf,C:\Users\Administrator\Desktop\financial-poc\data\raw\pdf\招商银行2025半年报.pdf,,,,503,679,资产负债表,182,182,189,资产负债表
600036_SH_pdf_招商银行2025半年报_pdf_e6770b40_chunk_504,pdf,pdf,"同的申
请、贷后管理以及抵质押担保要求。
信用风险的集中程度:当一定数量的客户进行相同的经营活动、处于相同的地理位置或其行业具有相似的经济特
性时,其履行合约的能力会受到同一经济变化的影响。信用风险的集中程度反映了本集团业绩对某一特定行业或
地理位置的敏感程度。为防范集中度风险,本集团制定了必要的限额管理政策,定期进行组合监测、分析。
有关贷款和垫款按行业、贷款组合的分析已于附注9列示。
187
第八章 财务报告
招商银行股份有限公司
2025年半年度报告(A股)
49. 风险管理(续)
(a) 信用风险(续)
(i)
内部信用风险评级
本集团根据违约概率将信用风险进行分级。内部信用风险评级基于模型预测的违约风险水平评定,主要考虑了借
款人的财务情况、债务压力、行业特征等定性及定量因素。
(ii)
信用风险显著增加
如果信用风险显著增加,本集团按照整个存续期预期信用损失计提损失准备。
在评估金融工具自初始确认后信用风险是否显著增加时,本集团对比金融工具及其他工具在初始确认日和报告日
的违约风险情况。在实际操作中,本集团在评估信用风险是否显著增加时考虑金融工具的内部信用风险评级实际
或预",600036.SH,招商银行,2025-06-30,2025,半年报,招商银行2025半年报,招商银行2025半年报.pdf,C:\Users\Administrator\Desktop\financial-poc\data\raw\pdf\招商银行2025半年报.pdf,,,,504,679,资产负债表,182,182,189,资产负债表
600036_SH_pdf_招商银行2025半年报_pdf_e6770b40_chunk_505,pdf,pdf,"估金融工具自初始确认后信用风险是否显著增加时,本集团对比金融工具及其他工具在初始确认日和报告日
的违约风险情况。在实际操作中,本集团在评估信用风险是否显著增加时考虑金融工具的内部信用风险评级实际
或预期显著恶化情况、内部预警信号、债项五级分类结果、逾期天数等。本集团定期回顾评价标准是否适用当前
情况。
满足下列任意条件的批发业务,本集团认为其信用风险显著增加:债项五级分类为关注类;债项逾期天数超过
30天(含);该客户内部信用风险评级下迁达到一定标准;该客户预警信号达到一定级别;该客户出现本集团认
定的其他重大风险信号等。
满足下列任意条件的零售业务和信用卡业务,本集团认为其信用风险显著增加:债项五级分类为关注类;债项逾
期天数超过30天(含);该客户或者债项出现信用风险预警信号;该客户出现本集团认定的其他重大风险信号等。
如果:i)违约风险较低,ii)借款人在近期内具有很强的履行合同现金流量义务的能力,以及iii)经济和商业条件
的不利变化从长远来看不一定会降低借款人履行合同现金流量义务的能力,债务工具被确定为具有较低的信用风
险。
对于贷款承诺和财务担保合同,本集团成为不可撤销承诺",600036.SH,招商银行,2025-06-30,2025,半年报,招商银行2025半年报,招商银行2025半年报.pdf,C:\Users\Administrator\Desktop\financial-poc\data\raw\pdf\招商银行2025半年报.pdf,,,,505,679,资产负债表,182,182,189,资产负债表
600036_SH_pdf_招商银行2025半年报_pdf_e6770b40_chunk_506,pdf,pdf,"流量义务的能力,以及iii)经济和商业条件
的不利变化从长远来看不一定会降低借款人履行合同现金流量义务的能力,债务工具被确定为具有较低的信用风
险。
对于贷款承诺和财务担保合同,本集团成为不可撤销承诺一方的日期被视为评估金融工具减值的初始确认日。
本集团认为,如果债务工具逾期90天(含)及以上或者债项五级分类为次级类、可疑类、损失类(此三类也包括
债务工具逾期90天(含)及以上),则进入阶段三。
(iii)
预期信用损失的计量
本集团计量预期信用损失的关键输入值包括:
•
违约概率(PD) :是指债务人在未来12个月或者在整个剩余存续期发生违约的可能性;
•
违约损失率(LGD) :是指某一债项违约导致的损失金额占该违约债项风险暴露的比例;
•
违约风险暴露(EAD) :是指某一债项的风险暴露敞口。
以上输入值来自于本集团研发的统计模型、历史数据,并考虑前瞻性信息。
188
第八章 财务报告
招商银行股份有限公司
2025年半年度报告(A股)
49. 风险管理(续)
(a) 信用风险(续)
(iv)
考虑前瞻性信息
本集团根据资产不同的风险特征,将资产划分为不同的资产组,并根据资产组的",600036.SH,招商银行,2025-06-30,2025,半年报,招商银行2025半年报,招商银行2025半年报.pdf,C:\Users\Administrator\Desktop\financial-poc\data\raw\pdf\招商银行2025半年报.pdf,,,,506,679,资产负债表,182,182,189,资产负债表
600036_SH_pdf_招商银行2025半年报_pdf_e6770b40_chunk_507,pdf,pdf,"告
招商银行股份有限公司
2025年半年度报告(A股)
49. 风险管理(续)
(a) 信用风险(续)
(iv)
考虑前瞻性信息
本集团根据资产不同的风险特征,将资产划分为不同的资产组,并根据资产组的风险特征,在合理的成本和时间
范围内,收集外部权威数据、内部风险相关数据进行建模,除国内生产总值、消费者物价指数、生产者物价指
数、广义货币供应量等常见经济指标外,同时也纳入了行业类、利率汇率类、调查指数类等多类别指标。经量化
统计建模并结合专家判断,本集团设置多种前瞻场景,对宏观经济指标、风险参数进行预测。基准情景下,本集
团综合外部权威机构发布的预测值、行内专业团队及相关模型预测结果进行设置,其余情景参考历史实际数据进
行分析预测。以国内生产总值(年度同比)和消费者物价指数(当月同比)为例,2025年6月30日基准情景下,本
集团对未来一年的预测值分别为5%左右和0.5%左右。
本集团多场景权重采取基准场景为主、其余场景为辅的原则,结合量化计量和专家判断进行设置,2025年6月
30日基准情景权重占比最高。经敏感性测算,当乐观场景权重上升10%,基准场景权重下降10%时,本集团于
20",600036.SH,招商银行,2025-06-30,2025,半年报,招商银行2025半年报,招商银行2025半年报.pdf,C:\Users\Administrator\Desktop\financial-poc\data\raw\pdf\招商银行2025半年报.pdf,,,,507,679,资产负债表,182,182,189,资产负债表
600036_SH_pdf_招商银行2025半年报_pdf_e6770b40_chunk_508,pdf,pdf,"景权重采取基准场景为主、其余场景为辅的原则,结合量化计量和专家判断进行设置,2025年6月
30日基准情景权重占比最高。经敏感性测算,当乐观场景权重上升10%,基准场景权重下降10%时,本集团于
2025年6月30日预期信用损失金额较当前结果减少约2.8%(2024年12月31日:减少约2.6%)。当悲观场景权重
上升10%,基准场景权重下降10%时,预期信用损失金额较当前结果增加约4.7%(2024年12月31日:增加约
4.6%)。
本集团定期对宏观经济指标池的各项指标进行预测,以加权的12个月预期信用损失(阶段一)或加权的整个存续
期预期信用损失(阶段二及阶段三)计量相关的损失准备。
(v)
按照相同的风险特征进行分类
本集团将主要业务分为批发业务、零售业务和信用卡业务。根据相似风险特征对模型进行分组,目前主要分组参
考指标包括债项五级分类、业务类型、抵质押方式等。
(vi)
最大风险敞口",600036.SH,招商银行,2025-06-30,2025,半年报,招商银行2025半年报,招商银行2025半年报.pdf,C:\Users\Administrator\Desktop\financial-poc\data\raw\pdf\招商银行2025半年报.pdf,,,,508,679,资产负债表,182,182,189,资产负债表
600036_SH_pdf_招商银行2025半年报_pdf_e6770b40_chunk_509,pdf,pdf,"在不考虑抵质押品或其他信用增级的情况下,本集团所承受的信用风险最大敞口金额即为合并资产负债表中相
关金融工具的账面金额以及附注47(a)中信贷承诺的合同金额合计。截至2025年6月30日,本集团所承受的最大
信用风险敞口金额为人民币15,579,882百万元(2024年12月31日:人民币14,922,470百万元),本行为人民币
14,767,660百万元(2024年12月31日:人民币14,199,153百万元)。
(vii)
重组贷款和垫款
重组贷款标准执行《商业银行金融资产风险分类办法》
(中国银行保险监督管理委员会中国人民银行令〔2023〕第
1号)。
截至2025年6月30日,本集团的已重组贷款金额为人民币26,123百万元(2024年12月31日:人民币24,826百万
元)。
(viii) 不良贷款
在贷款监管五级分类制度下,本集团的不良贷款包括分类为次级、可疑和损失类的贷款。截至2025年6月30日,
本集团不良贷款余额为人民币66,370百万元(2024年12月31日:人民币65,610百万元);本行不良贷款余额为
人民币61,923百万元(2024年12月31日:",600036.SH,招商银行,2025-06-30,2025,半年报,招商银行2025半年报,招商银行2025半年报.pdf,C:\Users\Administrator\Desktop\financial-poc\data\raw\pdf\招商银行2025半年报.pdf,,,,509,679,资产负债表,189,189,190,合并资产负债表
600036_SH_pdf_招商银行2025半年报_pdf_e6770b40_chunk_510,pdf,pdf,"款。截至2025年6月30日,
本集团不良贷款余额为人民币66,370百万元(2024年12月31日:人民币65,610百万元);本行不良贷款余额为
人民币61,923百万元(2024年12月31日:人民币61,117百万元)。
189
第八章 财务报告
招商银行股份有限公司
2025年半年度报告(A股)
49. 风险管理(续)
(a) 信用风险(续)
(ix)
金融工具信用质量分析",600036.SH,招商银行,2025-06-30,2025,半年报,招商银行2025半年报,招商银行2025半年报.pdf,C:\Users\Administrator\Desktop\financial-poc\data\raw\pdf\招商银行2025半年报.pdf,,,,510,679,资产负债表,189,189,190,合并资产负债表
600036_SH_pdf_招商银行2025半年报_pdf_e6770b40_chunk_511,pdf,pdf,"于资产负债表日,本集团的贷款和垫款及以摊余成本计量的债务工具投资的风险阶段划分详见附注9和附注11,
信贷承诺及表外预期信用损失准备的风险阶段划分详见附注47(a)和附注29,其他金融工具风险阶段划分如下:
2025年6月30日
账面余额
预期信用损失准备
阶段一
(12个月预期
信用损失)
阶段二
(整个存续期
预期信用损失
-未减值)
阶段三
(整个存续期
预期信用损失
-已减值)
合计
阶段一
(12个月预期
信用损失)
阶段二
(整个存续期
预期信用损失
-未减值)
阶段三
(整个存续期
预期信用损失
-已减值)
合计
存放中央银行款项
538,543
–
–
538,543
–
–
–
–
存放同业和其他金融机构款项
185,280
7
1
185,288
(712)
(4)
(1)
(717)
拆出资金
480,937
–
–
480,937
(1,366)
–
–
(1,366)
买入返售金融资产
270,967
–
140
271,107
(652)
–
(140)
(792)
以公允价值计量且其变动计入其他
综合收益的债务工具投资
1,247,838
94
118
1",600036.SH,招商银行,2025-06-30,2025,半年报,招商银行2025半年报,招商银行2025半年报.pdf,C:\Users\Administrator\Desktop\financial-poc\data\raw\pdf\招商银行2025半年报.pdf,,,,511,679,资产负债表,190,190,198,资产负债表
600036_SH_pdf_招商银行2025半年报_pdf_e6770b40_chunk_512,pdf,pdf,"6)
买入返售金融资产
270,967
–
140
271,107
(652)
–
(140)
(792)
以公允价值计量且其变动计入其他
综合收益的债务工具投资
1,247,838
94
118
1,248,050
(7,170)
(10)
(1,218)
(8,398)
2024年12月31日
账面余额
预期信用损失准备
阶段一
(12个月预期
信用损失)
阶段二
(整个存续期
预期信用损失
-未减值)
阶段三
(整个存续期
预期信用损失
-已减值)
合计
阶段一
(12个月预期
信用损失)
阶段二
(整个存续期
预期信用损失
-未减值)
阶段三
(整个存续期
预期信用损失
-已减值)
合计
存放中央银行款项
557,166
–
–
557,166
–
–
–
–
存放同业和其他金融机构款项
220,537
1
11
220,549
(818)
(1)
(11)
(830)
拆出资金
406,817
–
–
406,817
(1,126)
–
–
(1,126)
买入返售金融资产
271,903
–
140
272,043
(606)
–
(140)
(746)
以公允价值计量且其",600036.SH,招商银行,2025-06-30,2025,半年报,招商银行2025半年报,招商银行2025半年报.pdf,C:\Users\Administrator\Desktop\financial-poc\data\raw\pdf\招商银行2025半年报.pdf,,,,512,679,资产负债表,190,190,198,资产负债表
600036_SH_pdf_招商银行2025半年报_pdf_e6770b40_chunk_513,pdf,pdf,"406,817
–
–
406,817
(1,126)
–
–
(1,126)
买入返售金融资产
271,903
–
140
272,043
(606)
–
(140)
(746)
以公允价值计量且其变动计入其他
综合收益的债务工具投资
1,082,186
209
182
1,082,577
(7,339)
(21)
(1,260)
(8,620)
190
第八章 财务报告
招商银行股份有限公司
2025年半年度报告(A股)
49. 风险管理(续)
(a) 信用风险(续)
(ix)
金融工具信用质量分析(续)
于资产负债表日,本行的贷款和垫款及以摊余成本计量的债务工具投资的风险阶段划分详见附注9和附注11,信
贷承诺及表外预期信用损失准备的风险阶段划分详见附注47(a)和附注29,其他金融工具风险阶段划分如下:
2025年6月30日
账面余额
预期信用损失准备
阶段一
(12个月预期
信用损失)
阶段二
(整个存续期
预期信用损失
-未减值)
阶段三
(整个存续期
预期信用损失
-已减值)
合计
阶段一
(12个月预期
信用损失)
阶段二
(整个存续期
预期信用损失
-未减值)
阶段三",600036.SH,招商银行,2025-06-30,2025,半年报,招商银行2025半年报,招商银行2025半年报.pdf,C:\Users\Administrator\Desktop\financial-poc\data\raw\pdf\招商银行2025半年报.pdf,,,,513,679,资产负债表,190,190,198,资产负债表
600036_SH_pdf_招商银行2025半年报_pdf_e6770b40_chunk_514,pdf,pdf,"损失)
阶段二
(整个存续期
预期信用损失
-未减值)
阶段三
(整个存续期
预期信用损失
-已减值)
合计
阶段一
(12个月预期
信用损失)
阶段二
(整个存续期
预期信用损失
-未减值)
阶段三
(整个存续期
预期信用损失
-已减值)
合计
存放中央银行款项
529,594
–
–
529,594
–
–
–
–
存放同业和其他金融机构款项
125,395
7
1
125,403
(691)
(4)
(1)
(696)
拆出资金
453,955
–
–
453,955
(1,428)
–
–
(1,428)
买入返售金融资产
266,396
–
140
266,536
(650)
–
(140)
(790)
以公允价值计量且其变动计入其他
综合收益的债务工具投资
1,055,378
77
118
1,055,573
(7,051)
(10)
(1,218)
(8,279)
2024年12月31日
账面余额
预期信用损失准备
阶段一
(12个月预期
信用损失)
阶段二
(整个存续期
预期信用损失
-未减值)
阶段三
(整个存续期
预期信用损失
-已减值)
合计
阶段一
(12个月预",600036.SH,招商银行,2025-06-30,2025,半年报,招商银行2025半年报,招商银行2025半年报.pdf,C:\Users\Administrator\Desktop\financial-poc\data\raw\pdf\招商银行2025半年报.pdf,,,,514,679,资产负债表,190,190,198,资产负债表
600036_SH_pdf_招商银行2025半年报_pdf_e6770b40_chunk_515,pdf,pdf,"12月31日
账面余额
预期信用损失准备
阶段一
(12个月预期
信用损失)
阶段二
(整个存续期
预期信用损失
-未减值)
阶段三
(整个存续期
预期信用损失
-已减值)
合计
阶段一
(12个月预期
信用损失)
阶段二
(整个存续期
预期信用损失
-未减值)
阶段三
(整个存续期
预期信用损失
-已减值)
合计
存放中央银行款项
554,877
–
–
554,877
–
–
–
–
存放同业和其他金融机构款项
174,652
1
11
174,664
(811)
(1)
(11)
(823)
拆出资金
375,205
–
–
375,205
(1,168)
–
–
(1,168)
买入返售金融资产
270,561
–
140
270,701
(605)
–
(140)
(745)
以公允价值计量且其变动计入其他
综合收益的债务工具投资
914,812
77
182
915,071
(7,248)
(11)
(1,260)
(8,519)
注:
上表中的各项金融工具账面余额未包含应计利息。
191
第八章 财务报告
招商银行股份有限公司
2025年半年度报告(A股)
49. 风险管",600036.SH,招商银行,2025-06-30,2025,半年报,招商银行2025半年报,招商银行2025半年报.pdf,C:\Users\Administrator\Desktop\financial-poc\data\raw\pdf\招商银行2025半年报.pdf,,,,515,679,资产负债表,190,190,198,资产负债表
600036_SH_pdf_招商银行2025半年报_pdf_e6770b40_chunk_516,pdf,pdf,"7,248)
(11)
(1,260)
(8,519)
注:
上表中的各项金融工具账面余额未包含应计利息。
191
第八章 财务报告
招商银行股份有限公司
2025年半年度报告(A股)
49. 风险管理(续)
(b) 市场风险
市场风险是指因汇率、利率、商品价格和其他价格等可观察市场因子的变动,引起本集团金融工具的公允价值或
未来现金流量变动,从而可能蒙受损失的风险。利率风险和汇率风险是本集团所面临的主要市场风险。本集团的
市场风险来自交易账簿和银行账簿两方面。交易账簿包括为交易目的或规避交易账簿上的其他项目风险而持有
的、可以自由交易的金融工具和头寸;银行账簿指记录在银行资产负债表内及表外的、市场价值相对稳定、银行
为获取稳定收益或套期风险而开展、并愿意持有的资产负债业务及相关金融工具。
(i)
利率风险
利率风险是指利率水平、期限结构等要素发生不利变动导致金融工具和头寸整体收益和市值遭受损失的风险。
(1)
交易账簿
本集团根据风险治理基本原则建设并不断完善市场风险管理体系,建立市场风险识别、计量、监测、控
制和报告的管理流程,覆盖交易账簿业务涉及的利率、汇率、商品等风险。在董事会",600036.SH,招商银行,2025-06-30,2025,半年报,招商银行2025半年报,招商银行2025半年报.pdf,C:\Users\Administrator\Desktop\financial-poc\data\raw\pdf\招商银行2025半年报.pdf,,,,516,679,资产负债表,190,190,198,资产负债表
600036_SH_pdf_招商银行2025半年报_pdf_e6770b40_chunk_517,pdf,pdf,"受损失的风险。
(1)
交易账簿
本集团根据风险治理基本原则建设并不断完善市场风险管理体系,建立市场风险识别、计量、监测、控
制和报告的管理流程,覆盖交易账簿业务涉及的利率、汇率、商品等风险。在董事会制定的市场风险偏
好下,开展交易账簿相关业务管理,清晰识别、准确计量和有效管理交易账簿市场风险,以确保全行交
易账簿风险敞口在可接受范围内,达到风险收益的合理平衡,并不断提升经风险调整后回报水平,努力
实现股东价值最大化。
本集团交易账簿市场风险治理组织架构明确了董事会、董事会风险与资本管理委员会、高级管理层及银
行相关部门的职责、分工和报告路线,以保障交易账簿市场风险管理目标的实现。市场风险管理部是本
集团交易账簿市场风险主管部门,承担风险政策制定及管理职能。
本集团根据业务实际和市场风险治理组织架构建立交易账簿市场风险限额管理体系,由董事会制定的风
险偏好定量指标为最高层级限额,通过限额层级自上而下、逐级传导。各层级管理机构在其授权范围
内,根据风险特征、产品类型和交易策略等,分配和设置限额。业务前台根据授权和限额要求开展业
务,各级监控职责部门根据限额管理规定持续监控和报告。
交易账",600036.SH,招商银行,2025-06-30,2025,半年报,招商银行2025半年报,招商银行2025半年报.pdf,C:\Users\Administrator\Desktop\financial-poc\data\raw\pdf\招商银行2025半年报.pdf,,,,517,679,资产负债表,190,190,198,资产负债表
600036_SH_pdf_招商银行2025半年报_pdf_e6770b40_chunk_518,pdf,pdf,"级自上而下、逐级传导。各层级管理机构在其授权范围
内,根据风险特征、产品类型和交易策略等,分配和设置限额。业务前台根据授权和限额要求开展业
务,各级监控职责部门根据限额管理规定持续监控和报告。
交易账簿市场风险管理采用规模指标、止损指标、敏感性指标、风险价值指标、压力测试损失指标等风
险计量指标作为限额指标,综合考虑风险偏好、风险承受能力、业务经营策略、风险收益、管理条件等
因素设置限额值。
本集团采用估值、敏感性分析、风险价值分析、压力测试等计量手段对利率市场风险因子进行甄别和量
化分析,并将市场风险计量模型融入日常风险管理,把市场风险计量作为业务规划、资源分配、金融市
场业务经营和风险管理的基础。
192
第八章 财务报告
招商银行股份有限公司
2025年半年度报告(A股)
49. 风险管理(续)
(b) 市场风险(续)
(i)
利率风险(续)
(2)
银行账簿
本集团根据外部监管要求以及内部银行账簿利率风险管理政策,建设并不断完善银行账簿利率风险管理
体系,建立利率风险识别、计量、监测、控制和报告的管理流程,覆盖银行账簿表内外各项业务。本集
团在董事会制定的银行账簿利率风险偏好下",600036.SH,招商银行,2025-06-30,2025,半年报,招商银行2025半年报,招商银行2025半年报.pdf,C:\Users\Administrator\Desktop\financial-poc\data\raw\pdf\招商银行2025半年报.pdf,,,,518,679,资产负债表,190,190,198,资产负债表
600036_SH_pdf_招商银行2025半年报_pdf_e6770b40_chunk_519,pdf,pdf,"以及内部银行账簿利率风险管理政策,建设并不断完善银行账簿利率风险管理
体系,建立利率风险识别、计量、监测、控制和报告的管理流程,覆盖银行账簿表内外各项业务。本集
团在董事会制定的银行账簿利率风险偏好下,清晰识别、准确计量和有效管理银行账簿利率风险,以保
证在可承受的银行账簿风险范围内,保持净利息收入(NII)和股东权益经济价值(EVE)稳定增长。
本集团利率风险管理治理架构明确了董事会、高级管理层、专门委员会及银行相关部门在银行账簿利率
风险管理中的职责、分工及报告路线,保证利率风险管理的有效性。总行资产负债管理部是银行账簿利
率风险的主管部门。总行审计部负责独立审计。
本集团银行账簿利率风险偏好稳健审慎。本集团根据业务实际和银行账簿利率风险治理架构建立银行账
簿利率风险限额管理体系,由董事会制定的风险偏好定量指标为最高层级限额,通过限额层级自上而
下、逐级传导。各层级在其授权范围内,根据风险承受能力、业务经营策略和风险管理目标等,设置限
额并持续监测与报告。本集团根据风险计量和监测结果,结合宏观经济和利率环境,制定利率风险管理
策略并定期跟踪回检。本集团风险管理的主要措施包括表内资产",600036.SH,招商银行,2025-06-30,2025,半年报,招商银行2025半年报,招商银行2025半年报.pdf,C:\Users\Administrator\Desktop\financial-poc\data\raw\pdf\招商银行2025半年报.pdf,,,,519,679,资产负债表,190,190,198,资产负债表
600036_SH_pdf_招商银行2025半年报_pdf_e6770b40_chunk_520,pdf,pdf,"风险承受能力、业务经营策略和风险管理目标等,设置限
额并持续监测与报告。本集团根据风险计量和监测结果,结合宏观经济和利率环境,制定利率风险管理
策略并定期跟踪回检。本集团风险管理的主要措施包括表内资产负债结构调整和表外利率衍生品对冲。
本集团主要采用情景模拟分析、重定价缺口分析、久期分析等方法,定期计量、分析银行账簿利率风
险。压力测试作为情景模拟的一种形式,用于评估极端利率波动情况下净利息收入和经济价值指标的变
动。本集团通过资产负债管理系统进行银行账簿利率风险的计量和监测,计量过程中所使用的主要模型
和参数假设在投产前经过独立验证,并在投产后定期进行回顾和验证。报告期内,各项利率风险指标反
映银行账簿利率风险水平整体稳定,均维持在设定的限额和预警值内。
193
第八章 财务报告
招商银行股份有限公司
2025年半年度报告(A股)
49. 风险管理(续)
(b) 市场风险(续)
(i)
利率风险(续)
(3)
下表列出于资产负债表日资产与负债于相关年度预计下一个重新定价日期(或到期日,以较早者为准)的
分析
本集团
2025年6月30日
合计
3个月
或以下
(包括已逾期)
3个月",600036.SH,招商银行,2025-06-30,2025,半年报,招商银行2025半年报,招商银行2025半年报.pdf,C:\Users\Administrator\Desktop\financial-poc\data\raw\pdf\招商银行2025半年报.pdf,,,,520,679,资产负债表,190,190,198,资产负债表
600036_SH_pdf_招商银行2025半年报_pdf_e6770b40_chunk_521,pdf,pdf,"利率风险(续)
(3)
下表列出于资产负债表日资产与负债于相关年度预计下一个重新定价日期(或到期日,以较早者为准)的
分析
本集团
2025年6月30日
合计
3个月
或以下
(包括已逾期)
3个月
至1年
1年至5年
5年以上
不计息
资产
现金及存放中央银行款项
552,964
528,568
–
–
–
24,396
应收同业和其他金融机构款项
934,457
640,786
272,115
21,542
14
–
贷款和垫款(注(i))
6,845,864
2,996,963
3,219,593
570,396
58,912
–
金融投资及衍生金融资产
3,940,503
474,288
534,039
1,415,761
1,431,846
84,569
其他资产(注(ii))
383,363
–
–
–
–
383,363
资产总计
12,657,151
4,640,605
4,025,747
2,007,699
1,490,772
492,328
负债
向中央银行借款及应付同业和
其他金融机构款项
1,289,785
1,096,867
179,767
12,764
38",600036.SH,招商银行,2025-06-30,2025,半年报,招商银行2025半年报,招商银行2025半年报.pdf,C:\Users\Administrator\Desktop\financial-poc\data\raw\pdf\招商银行2025半年报.pdf,,,,521,679,资产负债表,190,190,198,资产负债表
600036_SH_pdf_招商银行2025半年报_pdf_e6770b40_chunk_522,pdf,pdf,",025,747
2,007,699
1,490,772
492,328
负债
向中央银行借款及应付同业和
其他金融机构款项
1,289,785
1,096,867
179,767
12,764
387
–
客户存款
9,422,379
6,424,881
1,658,218
1,306,079
31,068
2,133
以公允价值计量且其变动计入
当期损益的金融负债及
衍生金融负债
122,103
–
5,698
–
–
116,405
租赁负债
12,107
1,082
2,790
7,225
1,010
–
应付债券
162,020
64,050
45,937
46,650
5,383
–
其他负债(注(ii))
351,897
2
–
3,108
–
348,787
负债总计
11,360,291
7,586,882
1,892,410
1,375,826
37,848
467,325
资产负债缺口
1,296,860
(2,946,277)
2,133,337
631,873
1,452,924
25,003
194
第八章 财务报告
招商银行股份有限公司
2025年半年度报",600036.SH,招商银行,2025-06-30,2025,半年报,招商银行2025半年报,招商银行2025半年报.pdf,C:\Users\Administrator\Desktop\financial-poc\data\raw\pdf\招商银行2025半年报.pdf,,,,522,679,资产负债表,190,190,198,资产负债表
600036_SH_pdf_招商银行2025半年报_pdf_e6770b40_chunk_523,pdf,pdf,"25
资产负债缺口
1,296,860
(2,946,277)
2,133,337
631,873
1,452,924
25,003
194
第八章 财务报告
招商银行股份有限公司
2025年半年度报告(A股)
49. 风险管理(续)
(b) 市场风险(续)
(i)
利率风险(续)
(3)
下表列出于资产负债表日资产与负债于相关年度预计下一个重新定价日期(或到期日,以较早者为准)的
分析(续)
本集团
2024年12月31日
合计
3个月
或以下
(包括已逾期)
3个月
至1年
1年至5年
5年以上
不计息
资产
现金及存放中央银行款项
573,788
547,644
–
–
–
26,144
应收同业和其他金融机构款项
896,707
678,771
193,834
24,089
13
–
贷款和垫款(注(i))
6,622,950
2,921,730
3,085,793
553,747
61,680
–
金融投资及衍生金融资产
3,674,904
487,488
510,412
1,287,820
1,309,218
79,966
其他资产(注(ii))
383,687
–
–
–",600036.SH,招商银行,2025-06-30,2025,半年报,招商银行2025半年报,招商银行2025半年报.pdf,C:\Users\Administrator\Desktop\financial-poc\data\raw\pdf\招商银行2025半年报.pdf,,,,523,679,资产负债表,190,190,198,资产负债表
600036_SH_pdf_招商银行2025半年报_pdf_e6770b40_chunk_524,pdf,pdf,"61,680
–
金融投资及衍生金融资产
3,674,904
487,488
510,412
1,287,820
1,309,218
79,966
其他资产(注(ii))
383,687
–
–
–
–
383,687
资产总计
12,152,036
4,635,633
3,790,039
1,865,656
1,370,911
489,797
负债
向中央银行借款及应付同业和
其他金融机构款项
1,207,017
1,008,346
187,090
11,192
389
–
客户存款
9,096,587
6,367,726
1,418,427
1,285,129
22,696
2,609
以公允价值计量且其变动计入
当期损益的金融负债及
衍生金融负债
99,044
–
5,691
–
–
93,353
租赁负债
12,778
1,055
2,855
7,705
1,163
–
应付债券
221,583
115,232
54,627
44,330
7,394
–
其他负债(注(ii))
281,552
4
–
3,033
–
278,515
负债总计
10,918,561
7,492",600036.SH,招商银行,2025-06-30,2025,半年报,招商银行2025半年报,招商银行2025半年报.pdf,C:\Users\Administrator\Desktop\financial-poc\data\raw\pdf\招商银行2025半年报.pdf,,,,524,679,资产负债表,190,190,198,资产负债表
600036_SH_pdf_招商银行2025半年报_pdf_e6770b40_chunk_525,pdf,pdf,"221,583
115,232
54,627
44,330
7,394
–
其他负债(注(ii))
281,552
4
–
3,033
–
278,515
负债总计
10,918,561
7,492,363
1,668,690
1,351,389
31,642
374,477
资产负债缺口
1,233,475
(2,856,730)
2,121,349
514,267
1,339,269
115,320
195
第八章 财务报告
招商银行股份有限公司
2025年半年度报告(A股)
49. 风险管理(续)
(b) 市场风险(续)
(i)
利率风险(续)
(3)
下表列出于资产负债表日资产与负债于相关年度预计下一个重新定价日期(或到期日,以较早者为准)的
分析(续)
本行
2025年6月30日
合计
3个月
或以下
(包括已逾期)
3个月
至1年
1年至5年
5年以上
不计息
资产
现金及存放中央银行款项
543,649
519,631
–
–
–
24,018
应收同业和其他金融机构款项
842,980
581,762
253,991
7,227
–
–
贷款和垫款(注(i))
6,4",600036.SH,招商银行,2025-06-30,2025,半年报,招商银行2025半年报,招商银行2025半年报.pdf,C:\Users\Administrator\Desktop\financial-poc\data\raw\pdf\招商银行2025半年报.pdf,,,,525,679,资产负债表,190,190,198,资产负债表
600036_SH_pdf_招商银行2025半年报_pdf_e6770b40_chunk_526,pdf,pdf,"放中央银行款项
543,649
519,631
–
–
–
24,018
应收同业和其他金融机构款项
842,980
581,762
253,991
7,227
–
–
贷款和垫款(注(i))
6,499,134
2,786,546
3,109,144
553,927
49,517
–
金融投资及衍生金融资产
3,611,395
455,656
460,535
1,279,093
1,368,937
47,174
其他资产(注(ii))
302,570
–
–
–
–
302,570
资产总计
11,799,728
4,343,595
3,823,670
1,840,247
1,418,454
373,762
负债
向中央银行借款及应付同业和
其他金融机构款项
1,042,960
924,930
116,492
1,538
–
–
客户存款
9,063,432
6,155,191
1,580,818
1,296,358
31,065
–
以公允价值计量且其变动计入
当期损益的金融负债及
衍生金融负债
82,990
–
5,698
–
–
77,292
租赁负债
11,668
987
2",600036.SH,招商银行,2025-06-30,2025,半年报,招商银行2025半年报,招商银行2025半年报.pdf,C:\Users\Administrator\Desktop\financial-poc\data\raw\pdf\招商银行2025半年报.pdf,,,,526,679,资产负债表,190,190,198,资产负债表
600036_SH_pdf_招商银行2025半年报_pdf_e6770b40_chunk_527,pdf,pdf,"0,818
1,296,358
31,065
–
以公允价值计量且其变动计入
当期损益的金融负债及
衍生金融负债
82,990
–
5,698
–
–
77,292
租赁负债
11,668
987
2,610
7,085
986
–
应付债券
92,102
35,116
29,384
27,602
–
–
其他负债(注(ii))
308,890
–
–
–
–
308,890
负债总计
10,602,042
7,116,224
1,735,002
1,332,583
32,051
386,182
资产负债缺口
1,197,686
(2,772,629)
2,088,668
507,664
1,386,403
(12,420)
196
第八章 财务报告
招商银行股份有限公司
2025年半年度报告(A股)
49. 风险管理(续)
(b) 市场风险(续)
(i)
利率风险(续)
(3)
下表列出于资产负债表日资产与负债于相关年度预计下一个重新定价日期(或到期日,以较早者为准)的
分析(续)
本行
2024年12月31日
合计
3个月
或以下
(包括已逾期)
3个月
至1年
1年至5年
5年以",600036.SH,招商银行,2025-06-30,2025,半年报,招商银行2025半年报,招商银行2025半年报.pdf,C:\Users\Administrator\Desktop\financial-poc\data\raw\pdf\招商银行2025半年报.pdf,,,,527,679,资产负债表,190,190,198,资产负债表
600036_SH_pdf_招商银行2025半年报_pdf_e6770b40_chunk_528,pdf,pdf,"于资产负债表日资产与负债于相关年度预计下一个重新定价日期(或到期日,以较早者为准)的
分析(续)
本行
2024年12月31日
合计
3个月
或以下
(包括已逾期)
3个月
至1年
1年至5年
5年以上
不计息
资产
现金及存放中央银行款项
570,996
545,397
–
–
–
25,599
应收同业和其他金融机构款项
817,834
631,407
170,055
16,372
–
–
贷款和垫款(注(i))
6,292,771
2,709,121
2,994,337
539,053
50,260
–
金融投资及衍生金融资产
3,393,118
462,578
451,681
1,173,519
1,260,623
44,717
其他资产(注(ii))
303,895
–
–
–
–
303,895
资产总计
11,378,614
4,348,503
3,616,073
1,728,944
1,310,883
374,211
负债
向中央银行借款及应付同业和
其他金融机构款项
981,596
855,289
124,769
1,538
–
–
客户存款
8,778,250
6,",600036.SH,招商银行,2025-06-30,2025,半年报,招商银行2025半年报,招商银行2025半年报.pdf,C:\Users\Administrator\Desktop\financial-poc\data\raw\pdf\招商银行2025半年报.pdf,,,,528,679,资产负债表,190,190,198,资产负债表
600036_SH_pdf_招商银行2025半年报_pdf_e6770b40_chunk_529,pdf,pdf,",944
1,310,883
374,211
负债
向中央银行借款及应付同业和
其他金融机构款项
981,596
855,289
124,769
1,538
–
–
客户存款
8,778,250
6,119,767
1,359,674
1,276,113
22,696
–
以公允价值计量且其变动计入
当期损益的金融负债及
衍生金融负债
65,558
–
5,691
–
–
59,867
租赁负债
12,294
960
2,642
7,557
1,135
–
应付债券
155,640
94,851
36,125
24,664
–
–
其他负债(注(ii))
242,191
–
–
–
–
242,191
负债总计
10,235,529
7,070,867
1,528,901
1,309,872
23,831
302,058
资产负债缺口
1,143,085
(2,722,364)
2,087,172
419,072
1,287,052
72,153
注:
(i)
以上列报为“3个月或以下”到期的贷款和垫款包括于2025年6月30日和2024年12月31日的逾期金额(扣除损失准备)。逾期金",600036.SH,招商银行,2025-06-30,2025,半年报,招商银行2025半年报,招商银行2025半年报.pdf,C:\Users\Administrator\Desktop\financial-poc\data\raw\pdf\招商银行2025半年报.pdf,,,,529,679,资产负债表,190,190,198,资产负债表
600036_SH_pdf_招商银行2025半年报_pdf_e6770b40_chunk_530,pdf,pdf,",172
419,072
1,287,052
72,153
注:
(i)
以上列报为“3个月或以下”到期的贷款和垫款包括于2025年6月30日和2024年12月31日的逾期金额(扣除损失准备)。逾期金
额是指该等所有或部分本金或利息已逾期的贷款和垫款。
(ii)
本表中的各项金融资产及金融负债的应计利息分别包含于“其他资产”及“其他负债”中。
(4)
敏感性分析
本集团采用敏感性分析衡量利率变化对本集团净利息收入以及权益的可能影响。下表列出本集团于2025
年6月30日和2024年12月31日按当日资产和负债进行利率敏感性分析的结果。
2025年6月30日
2024年12月31日
利率变更(基点)
上升25
下降25
上升25
下降25
净利息收入的(减少)/增加
(5,025)
5,025
(4,713)
4,713
权益的(减少)/增加
(12,176)
12,431
(10,793)
10,931
上述利率敏感性分析显示未来12个月内,在上表假设利率变更情形下,净利息收入和权益的变动情况。
由于实际情况与假设可能存在不一致,利率增减导致本集团净利息收入及权益出现的实际变化可能与此",600036.SH,招商银行,2025-06-30,2025,半年报,招商银行2025半年报,招商银行2025半年报.pdf,C:\Users\Administrator\Desktop\financial-poc\data\raw\pdf\招商银行2025半年报.pdf,,,,530,679,资产负债表,190,190,198,资产负债表
600036_SH_pdf_招商银行2025半年报_pdf_e6770b40_chunk_531,pdf,pdf,"10,931
上述利率敏感性分析显示未来12个月内,在上表假设利率变更情形下,净利息收入和权益的变动情况。
由于实际情况与假设可能存在不一致,利率增减导致本集团净利息收入及权益出现的实际变化可能与此
敏感性分析的结果不同。
197
第八章 财务报告
招商银行股份有限公司
2025年半年度报告(A股)
49. 风险管理(续)
(b) 市场风险(续)
(ii)
汇率风险
汇率风险是指以外币形式存在的资产负债及权益项目、外汇及外汇衍生工具头寸,由于汇率发生不利变化导致本
集团整体收益遭受损失的风险。本集团的金融资产及负债均以人民币为主,其余主要为美元和港币。本集团根据
汇率风险管理政策制定、执行和监督职能相分离的原则,建立了汇率风险管理治理结构,明确董事会、监事会、
高级管理层、专门委员会及本行相关部门在汇率风险管理中的作用、职责及报告路线。本集团汇率风险偏好审
慎,原则上不主动承担风险,较好地适应了本集团当前发展阶段。目前的汇率风险管理政策及制度符合监管要求
和本集团自身管理需要。
(1)
交易账簿
本集团建立了包括汇率风险在内的交易账簿市场风险管理体系,以量化指标对交易账簿汇率风险进行",600036.SH,招商银行,2025-06-30,2025,半年报,招商银行2025半年报,招商银行2025半年报.pdf,C:\Users\Administrator\Desktop\financial-poc\data\raw\pdf\招商银行2025半年报.pdf,,,,531,679,资产负债表,190,190,198,资产负债表
600036_SH_pdf_招商银行2025半年报_pdf_e6770b40_chunk_532,pdf,pdf,"地适应了本集团当前发展阶段。目前的汇率风险管理政策及制度符合监管要求
和本集团自身管理需要。
(1)
交易账簿
本集团建立了包括汇率风险在内的交易账簿市场风险管理体系,以量化指标对交易账簿汇率风险进行统
一管理。交易账簿汇率风险管理的架构、流程、方法与交易账簿利率风险相一致。
本集团采用敞口指标、市场风险价值指标(VaR,包含利率、汇率、商品风险因子)、汇率情景压力测试
损失指标、汇率敏感性指标、累计损失指标等量化指标进行管理,管理方式包括下达业务授权和限额指
标、每日监控、持续报告等。
(2)
银行账簿
本集团银行账簿汇率风险由总行统筹管理,总行资产负债管理部作为全行的司库负责具体银行账簿汇率
风险管理工作。审计部负责对此进行审计。司库负责按监管要求和审慎原则管理银行账簿汇率风险,通
过限额管理、计划调控等方式对银行账簿汇率风险实行统一管理。
本集团的银行账簿汇率风险主要来自本集团持有的非人民币金融资产、金融负债币种的错配。本集团通
过严格管控风险敞口,将银行账簿汇率风险控制在本集团可承受范围之内。
本集团主要采用外汇敞口分析、情景模拟分析、压力测试等方法计量、分析银行账簿汇率风险。",600036.SH,招商银行,2025-06-30,2025,半年报,招商银行2025半年报,招商银行2025半年报.pdf,C:\Users\Administrator\Desktop\financial-poc\data\raw\pdf\招商银行2025半年报.pdf,,,,532,679,资产负债表,190,190,198,资产负债表
600036_SH_pdf_招商银行2025半年报_pdf_e6770b40_chunk_533,pdf,pdf,"非人民币金融资产、金融负债币种的错配。本集团通
过严格管控风险敞口,将银行账簿汇率风险控制在本集团可承受范围之内。
本集团主要采用外汇敞口分析、情景模拟分析、压力测试等方法计量、分析银行账簿汇率风险。本集团
定期计量和分析银行账簿外汇敞口的变化,在限额框架中按月监测、报告汇率风险,并根据汇率变动趋
势对外汇敞口进行相应的调整,以规避有关的银行账簿汇率风险。
本集团继续加大银行账簿汇率风险监测以及限额授权管理的力度,确保风险控制在合理范围内。
(c)
流动性风险
流动性风险是指本集团无法以合理成本及时获得充足资金,以应对资产增长、偿付到期债务或其他支付义务的风
险。
本集团根据流动性风险管理政策制定、执行和监督职能相分离的原则,建立了流动性风险管理治理结构,明确董
事会、监事会、高级管理层、专门委员会及本行相关部门在流动性风险管理中的作用、职责及报告路线,以提高
流动性风险管理的有效性。董事会承担对流动性风险管理的最终责任,确保本集团有效地识别、计量、监测和控
制流动性风险,负责确定本集团可以承受的流动性风险水平。董事会风险与资本管理委员会按照董事会要求履行
流动性风险管理方面的职责。监",600036.SH,招商银行,2025-06-30,2025,半年报,招商银行2025半年报,招商银行2025半年报.pdf,C:\Users\Administrator\Desktop\financial-poc\data\raw\pdf\招商银行2025半年报.pdf,,,,533,679,资产负债表,190,190,198,资产负债表
600036_SH_pdf_招商银行2025半年报_pdf_e6770b40_chunk_534,pdf,pdf,"会承担对流动性风险管理的最终责任,确保本集团有效地识别、计量、监测和控
制流动性风险,负责确定本集团可以承受的流动性风险水平。董事会风险与资本管理委员会按照董事会要求履行
流动性风险管理方面的职责。监事会负责对董事会及高级管理层在流动性风险管理中的履职情况进行监督评价,
并向股东大会报告。高级管理层(总行行长室)负责流动性风险的具体管理工作,及时了解流动性风险变化,并",600036.SH,招商银行,2025-06-30,2025,半年报,招商银行2025半年报,招商银行2025半年报.pdf,C:\Users\Administrator\Desktop\financial-poc\data\raw\pdf\招商银行2025半年报.pdf,,,,534,679,资产负债表,190,190,198,资产负债表
600036_SH_pdf_招商银行2025半年报_pdf_e6770b40_chunk_535,pdf,pdf,"向董事会报告。资产负债管理委员会按照高级管理层要求行使具体的流动性风险管理职能。总行资产负债管理部
是资产负债管理委员会的日常办事机构,负责拟定流动性风险管理政策和程序、对流动性风险进行定性和定量分
析等具体管理工作。总行审计部履行对流动性风险管理工作的审计职责,负责对本集团流动性风险管理情况进行
全面审计。
198
第八章 财务报告
招商银行股份有限公司
2025年半年度报告(A股)
49. 风险管理(续)
(c)
流动性风险(续)
本集团流动性风险偏好审慎,较好地适应了本集团当前发展阶段。目前的流动性风险管理政策及制度符合监管要
求和本集团自身管理需要。
本集团流动性风险采取总行统筹、分支机构配合的模式开展管理。资产负债管理部作为全行的司库,负责具体日
常流动性风险管理工作。司库根据监管要求和审慎原则,通过限额管理、计划调控、主动负债以及内部资金转移
定价等方式对流动性实行统一管理。
本集团从短期备付和中长期结构两个层面,计量、监测并识别流动性风险,按照固定频度密切监测各项限额指
标。
本集团定期开展压力测试,评估压力情况下流动性风险抵御能力,除监管机构要求开展的年度压力测试外,还",600036.SH,招商银行,2025-06-30,2025,半年报,招商银行2025半年报,招商银行2025半年报.pdf,C:\Users\Administrator\Desktop\financial-poc\data\raw\pdf\招商银行2025半年报.pdf,,,,535,679,管理层讨论,198,198,204,
600036_SH_pdf_招商银行2025半年报_pdf_e6770b40_chunk_536,pdf,pdf,"本集团从短期备付和中长期结构两个层面,计量、监测并识别流动性风险,按照固定频度密切监测各项限额指
标。
本集团定期开展压力测试,评估压力情况下流动性风险抵御能力,除监管机构要求开展的年度压力测试外,还按
月开展本币及外币流动性压力测试。此外,本集团制定了流动性应急计划,定期开展流动性应急演练,持续提升
对流动性风险事件的应对能力。
下表列示于报告期末,本集团的非衍生金融资产、非衍生金融负债及贷款承诺的未折现合同现金流量分析。这些
金融工具的实际现金流量可能与本分析有显著差异。
2025年6月30日
账面值
合计
实时偿还
1个月内
1个月至3个月3个月至1年
1年至5年
5年以上
无期限
已逾期
非衍生金融资产
现金及存放中央银行款项
552,964
552,964
72,214
318
370
1,650
–
–
478,412
–
应收同业和其他金融机构款项
934,457
941,113
67,176
446,127
128,940
275,729
23,126
15
–
–
贷款和垫款
6,845,864
7,875,541
37,076
469,139
513,373
2,1",600036.SH,招商银行,2025-06-30,2025,半年报,招商银行2025半年报,招商银行2025半年报.pdf,C:\Users\Administrator\Desktop\financial-poc\data\raw\pdf\招商银行2025半年报.pdf,,,,536,679,管理层讨论,198,198,204,
600036_SH_pdf_招商银行2025半年报_pdf_e6770b40_chunk_537,pdf,pdf,"13
67,176
446,127
128,940
275,729
23,126
15
–
–
贷款和垫款
6,845,864
7,875,541
37,076
469,139
513,373
2,177,197
2,342,997
2,305,196
–
30,563
金融投资
3,919,106
4,602,382
4,179
272,863
169,856
584,014
1,741,700
1,800,834
28,860
76
-以公允价值计量且其变动
计入当期损益的金融投资
660,819
694,175
4,179
167,071
43,438
192,670
176,318
105,473
5,026
–
-以摊余成本计量的
债务工具投资
1,986,403
2,387,402
–
39,531
56,008
200,856
964,809
1,126,131
–
67
-以公允价值计量且其
变动计入其他综合
收益的债务工具投资
1,248,050
1,496,971
–
66,261
70,410
190,488
600,573
569,230
–
9
-指定为以公允",600036.SH,招商银行,2025-06-30,2025,半年报,招商银行2025半年报,招商银行2025半年报.pdf,C:\Users\Administrator\Desktop\financial-poc\data\raw\pdf\招商银行2025半年报.pdf,,,,537,679,管理层讨论,198,198,204,
600036_SH_pdf_招商银行2025半年报_pdf_e6770b40_chunk_538,pdf,pdf,"以公允价值计量且其
变动计入其他综合
收益的债务工具投资
1,248,050
1,496,971
–
66,261
70,410
190,488
600,573
569,230
–
9
-指定为以公允价值计量且
其变动计入其他综合
收益的权益工具投资
23,834
23,834
–
–
–
–
–
–
23,834
–
其他资产
100,913
100,913
23,246
14,734
15,283
19,712
5,934
832
16,721
4,451
合计
12,353,304
14,072,913
203,891
1,203,181
827,822
3,058,302
4,113,757
4,106,877
523,993
35,090
非衍生金融负债及租赁负债
向中央银行借款及应付同业和
其他金融机构款项
1,289,785
1,302,678
681,563
239,214
143,120
182,216
50,179
6,386
–
–
客户存款
9,422,379
9,616,694
4,833,933
752,652
877,222
1,719,872
1,398",600036.SH,招商银行,2025-06-30,2025,半年报,招商银行2025半年报,招商银行2025半年报.pdf,C:\Users\Administrator\Desktop\financial-poc\data\raw\pdf\招商银行2025半年报.pdf,,,,538,679,管理层讨论,198,198,204,
600036_SH_pdf_招商银行2025半年报_pdf_e6770b40_chunk_539,pdf,pdf,"143,120
182,216
50,179
6,386
–
–
客户存款
9,422,379
9,616,694
4,833,933
752,652
877,222
1,719,872
1,398,690
34,325
–
–
以公允价值计量且其变动计入
当期损益的金融负债
99,279
99,353
39,431
8,603
1,630
12,638
2,412
34,639
–
–
租赁负债
12,107
13,140
–
428
658
2,872
7,853
1,329
–
–
应付债券
162,020
186,579
–
12,970
37,790
67,576
62,708
5,535
–
–
其他负债
243,721
244,017
66,390
84,748
15,066
46,950
30,573
290
–
–
合计
11,229,291
11,462,461
5,621,317
1,098,615
1,075,486
2,032,124
1,552,415
82,504
–
–
贷款承诺
–
1,883,473
1,883,473
–
–
–
–
–
–
–",600036.SH,招商银行,2025-06-30,2025,半年报,招商银行2025半年报,招商银行2025半年报.pdf,C:\Users\Administrator\Desktop\financial-poc\data\raw\pdf\招商银行2025半年报.pdf,,,,539,679,管理层讨论,198,198,204,
600036_SH_pdf_招商银行2025半年报_pdf_e6770b40_chunk_540,pdf,pdf,"621,317
1,098,615
1,075,486
2,032,124
1,552,415
82,504
–
–
贷款承诺
–
1,883,473
1,883,473
–
–
–
–
–
–
–
199
第八章 财务报告
招商银行股份有限公司
2025年半年度报告(A股)
49. 风险管理(续)
(c)
流动性风险(续)
下表列示于报告期末,本集团的非衍生金融资产、非衍生金融负债及贷款承诺的未折现合同现金流量分析。这些
金融工具的实际现金流量可能与本分析有显著差异。(续)
2024年12月31日
账面值
合计
实时偿还
1个月内
1个月至3个月3个月至1年
1年至5年
5年以上
无期限
已逾期
非衍生金融资产
现金及存放中央银行款项
573,788
573,788
46,957
38
136
1,925
–
–
524,732
–
应收同业和其他金融机构款项
896,707
904,328
47,430
479,793
152,137
197,581
27,374
13
–
–
贷款和垫款
6,622,950
7,670,661
37,161
583,775
555,313
1,9",600036.SH,招商银行,2025-06-30,2025,半年报,招商银行2025半年报,招商银行2025半年报.pdf,C:\Users\Administrator\Desktop\financial-poc\data\raw\pdf\招商银行2025半年报.pdf,,,,540,679,管理层讨论,198,198,204,
600036_SH_pdf_招商银行2025半年报_pdf_e6770b40_chunk_541,pdf,pdf,"28
47,430
479,793
152,137
197,581
27,374
13
–
–
贷款和垫款
6,622,950
7,670,661
37,161
583,775
555,313
1,963,041
2,235,195
2,265,613
–
30,563
金融投资
3,642,371
4,273,759
4,956
272,560
163,542
555,653
1,597,127
1,653,029
26,820
72
-以公允价值计量且其变动
计入当期损益的金融投资
617,018
638,145
4,956
225,776
45,894
124,509
156,719
75,786
4,505
–
-以摊余成本计量的
债务工具投资
1,920,461
2,324,329
–
25,001
67,717
219,327
895,238
1,116,976
–
70
-以公允价值计量且其
变动计入其他综合
收益的债务工具投资
1,082,577
1,288,970
–
21,783
49,931
211,817
545,170
460,267
–
2
-指定为以公允价",600036.SH,招商银行,2025-06-30,2025,半年报,招商银行2025半年报,招商银行2025半年报.pdf,C:\Users\Administrator\Desktop\financial-poc\data\raw\pdf\招商银行2025半年报.pdf,,,,541,679,管理层讨论,198,198,204,
600036_SH_pdf_招商银行2025半年报_pdf_e6770b40_chunk_542,pdf,pdf,"公允价值计量且其
变动计入其他综合
收益的债务工具投资
1,082,577
1,288,970
–
21,783
49,931
211,817
545,170
460,267
–
2
-指定为以公允价值计量且
其变动计入其他综合
收益的权益工具投资
22,315
22,315
–
–
–
–
–
–
22,315
–
其他资产
102,337
102,337
33,461
12,442
14,328
21,190
5,063
511
10,681
4,661
合计
11,838,153
13,524,873
169,965
1,348,608
885,456
2,739,390
3,864,759
3,919,166
562,233
35,296
非衍生金融负债及租赁负债
向中央银行借款及应付同业和
其他金融机构款项
1,207,017
1,220,980
656,335
150,888
152,614
206,029
47,556
7,558
–
–
客户存款
9,096,587
9,321,148
4,793,218
686,784
958,060
1,470,346
1,387,",600036.SH,招商银行,2025-06-30,2025,半年报,招商银行2025半年报,招商银行2025半年报.pdf,C:\Users\Administrator\Desktop\financial-poc\data\raw\pdf\招商银行2025半年报.pdf,,,,542,679,管理层讨论,198,198,204,
600036_SH_pdf_招商银行2025半年报_pdf_e6770b40_chunk_543,pdf,pdf,"152,614
206,029
47,556
7,558
–
–
客户存款
9,096,587
9,321,148
4,793,218
686,784
958,060
1,470,346
1,387,318
25,422
–
–
以公允价值计量且其变动计入
当期损益的金融负债
67,461
67,510
16,886
6,247
1,342
7,526
4,998
30,511
–
–
租赁负债
12,778
13,793
–
451
614
2,908
8,299
1,521
–
–
应付债券
221,583
228,531
–
26,990
73,018
63,674
57,135
7,714
–
–
其他负债
181,168
181,168
43,755
33,783
21,974
48,334
33,017
305
–
–
合计
10,786,594
11,033,130
5,510,194
905,143
1,207,622
1,798,817
1,538,323
73,031
–
–
贷款承诺
–
1,783,211
1,783,211
–
–
–
–
–
–
–
200",600036.SH,招商银行,2025-06-30,2025,半年报,招商银行2025半年报,招商银行2025半年报.pdf,C:\Users\Administrator\Desktop\financial-poc\data\raw\pdf\招商银行2025半年报.pdf,,,,543,679,管理层讨论,198,198,204,
600036_SH_pdf_招商银行2025半年报_pdf_e6770b40_chunk_544,pdf,pdf,"0,194
905,143
1,207,622
1,798,817
1,538,323
73,031
–
–
贷款承诺
–
1,783,211
1,783,211
–
–
–
–
–
–
–
200
第八章 财务报告
招商银行股份有限公司
2025年半年度报告(A股)
49. 风险管理(续)
(c)
流动性风险(续)
下表列示于报告期末,本行的非衍生金融资产、非衍生金融负债及贷款承诺的未折现合同现金流量分析。这些金
融工具的实际现金流量可能与本分析有显著差异。
2025年6月30日
账面值
合计
实时偿还
1个月内
1个月至3个月3个月至1年
1年至5年
5年以上
无期限
已逾期
非衍生金融资产
现金及存放中央银行款项
543,649
543,649
63,242
318
370
1,650
–
–
478,069
–
应收同业和其他金融机构款项
842,980
846,911
38,459
430,161
113,618
257,143
7,530
–
–
–
贷款和垫款
6,499,134
7,494,540
–
444,875
497,983
2,088,028
2,198,60",600036.SH,招商银行,2025-06-30,2025,半年报,招商银行2025半年报,招商银行2025半年报.pdf,C:\Users\Administrator\Desktop\financial-poc\data\raw\pdf\招商银行2025半年报.pdf,,,,544,679,管理层讨论,198,198,204,
600036_SH_pdf_招商银行2025半年报_pdf_e6770b40_chunk_545,pdf,pdf,"9
430,161
113,618
257,143
7,530
–
–
–
贷款和垫款
6,499,134
7,494,540
–
444,875
497,983
2,088,028
2,198,609
2,236,132
–
28,913
金融投资
3,590,769
4,266,738
–
289,693
151,750
502,370
1,574,415
1,735,072
13,362
76
-以公允价值计量且其变动
计入当期损益的金融投资
585,050
618,291
–
195,378
46,684
175,176
123,241
76,277
1,535
–
-以摊余成本计量的
债务工具投资
1,938,319
2,337,663
–
38,463
53,340
185,733
937,833
1,122,227
–
67
-以 公允价值计量且其变动
计入其他综合收益的债务
工具投资
1,055,573
1,298,957
–
55,852
51,726
141,461
513,341
536,568
–
9
-指 定为以公允价值计量且其
变动计入其他综合收益的
权益工",600036.SH,招商银行,2025-06-30,2025,半年报,招商银行2025半年报,招商银行2025半年报.pdf,C:\Users\Administrator\Desktop\financial-poc\data\raw\pdf\招商银行2025半年报.pdf,,,,545,679,管理层讨论,198,198,204,
600036_SH_pdf_招商银行2025半年报_pdf_e6770b40_chunk_546,pdf,pdf,"工具投资
1,055,573
1,298,957
–
55,852
51,726
141,461
513,341
536,568
–
9
-指 定为以公允价值计量且其
变动计入其他综合收益的
权益工具投资
11,827
11,827
–
–
–
–
–
–
11,827
–
其他资产
82,216
82,216
21,347
9,292
12,954
17,345
250
30
16,602
4,396
合计
11,558,748
13,234,054
123,048
1,174,339
776,675
2,866,536
3,780,804
3,971,234
508,033
33,385
非衍生金融负债及租赁负债
向中央银行借款及应付同业和
其他金融机构款项
1,042,960
1,044,776
667,306
178,839
79,627
117,418
1,586
–
–
–
客户存款
9,063,432
9,253,168
4,694,300
693,208
804,471
1,639,975
1,387,310
33,904
–
–
以公允价值计量且其变动计入
当期损益",600036.SH,招商银行,2025-06-30,2025,半年报,招商银行2025半年报,招商银行2025半年报.pdf,C:\Users\Administrator\Desktop\financial-poc\data\raw\pdf\招商银行2025半年报.pdf,,,,546,679,管理层讨论,198,198,204,
600036_SH_pdf_招商银行2025半年报_pdf_e6770b40_chunk_547,pdf,pdf,"客户存款
9,063,432
9,253,168
4,694,300
693,208
804,471
1,639,975
1,387,310
33,904
–
–
以公允价值计量且其变动计入
当期损益的金融负债
61,450
61,464
37,906
7,895
1,630
12,638
1,395
–
–
–
租赁负债
11,668
12,667
–
378
613
2,685
7,695
1,296
–
–
应付债券
92,102
94,291
–
8,679
24,033
33,085
28,494
–
–
–
其他负债
208,619
208,619
59,839
74,439
12,924
38,409
23,008
–
–
–
合计
10,480,231
10,674,985
5,459,351
963,438
923,298
1,844,210
1,449,488
35,200
–
–
贷款承诺
–
1,859,507
1,859,507
–
–
–
–
–
–
–
201
第八章 财务报告
招商银行股份有限公司
2025年半年度报告(A股)
49. 风险管理(续)
(",600036.SH,招商银行,2025-06-30,2025,半年报,招商银行2025半年报,招商银行2025半年报.pdf,C:\Users\Administrator\Desktop\financial-poc\data\raw\pdf\招商银行2025半年报.pdf,,,,547,679,管理层讨论,198,198,204,
600036_SH_pdf_招商银行2025半年报_pdf_e6770b40_chunk_548,pdf,pdf,"00
–
–
贷款承诺
–
1,859,507
1,859,507
–
–
–
–
–
–
–
201
第八章 财务报告
招商银行股份有限公司
2025年半年度报告(A股)
49. 风险管理(续)
(c)
流动性风险(续)
下表列示于报告期末,本行的非衍生金融资产、非衍生金融负债及贷款承诺的未折现合同现金流量分析。这些金
融工具的实际现金流量可能与本分析有显著差异。(续)
2024年12月31日
账面值
合计
实时偿还
1个月内
1个月至3个月3个月至1年
1年至5年
5年以上
无期限
已逾期
非衍生金融资产
现金及存放中央银行款项
570,996
570,996
44,693
38
136
1,925
–
–
524,204
–
应收同业和其他金融机构款项
817,834
821,606
25,140
468,432
138,501
172,451
17,082
–
–
–
贷款和垫款
6,292,771
7,303,084
–
568,695
536,288
1,884,826
2,084,623
2,199,638
–
29,014
金融投资
3,361,303
3,987,66",600036.SH,招商银行,2025-06-30,2025,半年报,招商银行2025半年报,招商银行2025半年报.pdf,C:\Users\Administrator\Desktop\financial-poc\data\raw\pdf\招商银行2025半年报.pdf,,,,548,679,管理层讨论,198,198,204,
600036_SH_pdf_招商银行2025半年报_pdf_e6770b40_chunk_549,pdf,pdf,"6,292,771
7,303,084
–
568,695
536,288
1,884,826
2,084,623
2,199,638
–
29,014
金融投资
3,361,303
3,987,667
–
266,545
154,140
490,850
1,461,036
1,601,945
13,079
72
-以公允价值计量且其变动
计入当期损益的金融投资
546,965
567,192
–
225,688
59,508
113,289
116,355
50,790
1,562
–
-以摊余成本计量的
债务工具投资
1,887,750
2,290,618
–
24,604
65,150
208,729
880,419
1,111,646
–
70
-以 公允价值计量且其变动
计入其他综合收益的债务
工具投资
915,071
1,118,340
–
16,253
29,482
168,832
464,262
439,509
–
2
-指 定为以公允价值计量且其
变动计入其他综合收益的
权益工具投资
11,517
11,517
–
–
–
–
–
–
11,517
–
其他资产
86",600036.SH,招商银行,2025-06-30,2025,半年报,招商银行2025半年报,招商银行2025半年报.pdf,C:\Users\Administrator\Desktop\financial-poc\data\raw\pdf\招商银行2025半年报.pdf,,,,549,679,管理层讨论,198,198,204,
600036_SH_pdf_招商银行2025半年报_pdf_e6770b40_chunk_550,pdf,pdf,"832
464,262
439,509
–
2
-指 定为以公允价值计量且其
变动计入其他综合收益的
权益工具投资
11,517
11,517
–
–
–
–
–
–
11,517
–
其他资产
86,775
86,775
32,276
8,297
11,800
18,874
314
31
10,572
4,611
合计
11,129,679
12,770,128
102,109
1,312,007
840,865
2,568,926
3,563,055
3,801,614
547,855
33,697
非衍生金融负债及租赁负债
向中央银行借款及应付同业和
其他金融机构款项
981,596
983,223
652,221
107,928
96,163
125,373
1,538
–
–
–
客户存款
8,778,250
8,998,590
4,669,023
630,719
889,650
1,408,127
1,376,403
24,668
–
–
以公允价值计量且其变动计入
当期损益的金融负债
34,469
34,518
15,562
6,198
1,342
7,526
3,890",600036.SH,招商银行,2025-06-30,2025,半年报,招商银行2025半年报,招商银行2025半年报.pdf,C:\Users\Administrator\Desktop\financial-poc\data\raw\pdf\招商银行2025半年报.pdf,,,,550,679,管理层讨论,198,198,204,
600036_SH_pdf_招商银行2025半年报_pdf_e6770b40_chunk_551,pdf,pdf,"1,408,127
1,376,403
24,668
–
–
以公允价值计量且其变动计入
当期损益的金融负债
34,469
34,518
15,562
6,198
1,342
7,526
3,890
–
–
–
租赁负债
12,294
13,275
–
410
557
2,687
8,138
1,483
–
–
应付债券
155,640
157,860
–
23,183
69,219
39,874
25,584
–
–
–
其他负债
149,663
149,663
38,125
27,539
18,277
40,282
25,440
–
–
–
合计
10,111,912
10,337,129
5,374,931
795,977
1,075,208
1,623,869
1,440,993
26,151
–
–
贷款承诺
–
1,762,454
1,762,454
–
–
–
–
–
–
–
注:
各项金融资产及金融负债的应计利息分别包含于“其他资产”及“其他负债”中。
202
第八章 财务报告
招商银行股份有限公司
2025年半年度报告(A股)
49. 风险管理(续)
(d) 操作风",600036.SH,招商银行,2025-06-30,2025,半年报,招商银行2025半年报,招商银行2025半年报.pdf,C:\Users\Administrator\Desktop\financial-poc\data\raw\pdf\招商银行2025半年报.pdf,,,,551,679,管理层讨论,198,198,204,
600036_SH_pdf_招商银行2025半年报_pdf_e6770b40_chunk_552,pdf,pdf,"–
注:
各项金融资产及金融负债的应计利息分别包含于“其他资产”及“其他负债”中。
202
第八章 财务报告
招商银行股份有限公司
2025年半年度报告(A股)
49. 风险管理(续)
(d) 操作风险
操作风险是指由于不完善或有问题的内部程序、员工和信息科技系统,以及外部事件所造成损失的风险,包括法
律风险,但不包括战略风险和声誉风险。
报告期内,本集团通过加强对重点领域操作风险的识别、评估和监测,从流程、制度、人员、系统入手,针对关
键控制环节存在的问题,进一步完善操作风险管理方法,健全操作风险考核评价机制,强化操作风险管理经济资
本分配机制,进一步提升本集团操作风险管理的针对性和有效性,各项主要风险指标均符合本集团风险偏好要
求。
面对内外部经营管理方面的挑战,本集团将继续以风险偏好为引领,进一步提升风险管理能力,加强操作风险监
测和管控,努力防范和降低操作风险事件及损失。
(e) 资本管理
本集团资本管理的目标为:
-
保持合理的资本充足率水平,持续满足资本监管法规和政策要求。保持稳固的资本基础,支持本集团业
务增长和战略规划的实施,充分履行社会责任,实现全面、协调和可持续发展",600036.SH,招商银行,2025-06-30,2025,半年报,招商银行2025半年报,招商银行2025半年报.pdf,C:\Users\Administrator\Desktop\financial-poc\data\raw\pdf\招商银行2025半年报.pdf,,,,552,679,管理层讨论,198,198,204,
600036_SH_pdf_招商银行2025半年报_pdf_e6770b40_chunk_553,pdf,pdf,"资本管理
本集团资本管理的目标为:
-
保持合理的资本充足率水平,持续满足资本监管法规和政策要求。保持稳固的资本基础,支持本集团业
务增长和战略规划的实施,充分履行社会责任,实现全面、协调和可持续发展;
-
遵守资本监管法规,开展内部资本充足评估程序,公开披露资本管理相关信息,全面覆盖各类风险,确
保集团安全运营;
-
充分运用各类风险量化成果,推行以经济资本为核心的银行价值管理体系,动态完善政策流程和管理应
用体系,强化资本约束和资本激励机制,提升客户定价和决策支持能力,提高资本配置效率;
-
合理运用各类资本工具,不断增强资本实力,优化资本结构,提高资本质量,降低资本成本,为股东创
造最佳回报。
本集团对资本结构进行管理,并根据经济环境和集团经营活动的风险特性进行资本结构调整。为保持或调整资本
结构,本集团可能调整利润分配政策,发行或回购股票、其他一级资本工具、合格二级资本工具、可转换公司债
券等。本集团管理层根据监管规定的方法定期监控资本充足率。本集团及本行于每季度向金融监管总局提交所需
信息。
本集团资本充足率计算范围包括本行及其子公司。本行资本充足率计算范围包括本行境内外所有",600036.SH,招商银行,2025-06-30,2025,半年报,招商银行2025半年报,招商银行2025半年报.pdf,C:\Users\Administrator\Desktop\financial-poc\data\raw\pdf\招商银行2025半年报.pdf,,,,553,679,管理层讨论,198,198,204,
600036_SH_pdf_招商银行2025半年报_pdf_e6770b40_chunk_554,pdf,pdf,"公司债
券等。本集团管理层根据监管规定的方法定期监控资本充足率。本集团及本行于每季度向金融监管总局提交所需
信息。
本集团资本充足率计算范围包括本行及其子公司。本行资本充足率计算范围包括本行境内外所有分支机构。截至
2025年6月30日,本集团资本充足率并表的子公司包括:招商永隆银行、招银国际、招银金租、招商基金、招银
理财、招商信诺资管和招银欧洲。
203
第八章 财务报告
招商银行股份有限公司
2025年半年度报告(A股)
49. 风险管理(续)
(e) 资本管理(续)
自2024年1月1日起,本集团按照金融监管总局《商业银行资本管理办法》及其他相关规定的要求计算资本充足
率。根据原银保监会2014年4月18日核准本行实施资本计量高级方法的批复要求以及《国家金融监督管理总局关
于实施〈商业银行资本管理办法〉相关事项的通知》
(金规〔2023〕9号),本集团符合监管要求的公司风险暴露和
金融机构风险暴露使用初级内部评级法,零售风险暴露使用高级内部评级法,市场风险、操作风险均采用标准
法。采用资本计量高级方法的商业银行应当按照资本计量高级方法和其他方法平行计量资本充足率,并遵守资本
底",600036.SH,招商银行,2025-06-30,2025,半年报,招商银行2025半年报,招商银行2025半年报.pdf,C:\Users\Administrator\Desktop\financial-poc\data\raw\pdf\招商银行2025半年报.pdf,,,,554,679,管理层讨论,198,198,204,
600036_SH_pdf_招商银行2025半年报_pdf_e6770b40_chunk_555,pdf,pdf,"金融机构风险暴露使用初级内部评级法,零售风险暴露使用高级内部评级法,市场风险、操作风险均采用标准
法。采用资本计量高级方法的商业银行应当按照资本计量高级方法和其他方法平行计量资本充足率,并遵守资本
底线要求。同时,金融监管总局或其派出机构对采用资本计量高级方法的商业银行设立并行期,并行期内商业银
行应遵循《商业银行资本管理办法》中并行期相关规定开展资本计量。
资本充足率管理是本集团资本管理的核心。资本充足率反映了本集团稳健经营和抵御风险的能力。本集团在满足",600036.SH,招商银行,2025-06-30,2025,半年报,招商银行2025半年报,招商银行2025半年报.pdf,C:\Users\Administrator\Desktop\financial-poc\data\raw\pdf\招商银行2025半年报.pdf,,,,555,679,管理层讨论,198,198,204,
600036_SH_pdf_招商银行2025半年报_pdf_e6770b40_chunk_556,pdf,pdf,"法定监管要求的基础上,根据实际面临的风险状况,参考国际先进同业的资本充足率水准及本集团经营状况,审
慎确定资本充足率目标。
本集团根据战略发展规划、业务扩张情况、风险变动趋势等因素采用情景模拟、压力测试等方法预测、规划和管
理资本充足率。
本集团根据《商业银行资本管理办法》等有关法规计量高级方法资本充足率结果如下:
2025年6月30日
2024年12月31日
核心一级资本充足率
14.00%
14.86%
一级资本充足率
17.07%
17.48%
资本充足率
18.56%
19.05%
核心一级资本
1,049,899
1,036,392
核心一级资本监管扣除项目
13,308
13,344
核心一级资本净额
1,036,591
1,023,048
其他一级资本
227,446
180,446
一级资本净额
1,264,037
1,203,494
二级资本
110,497
108,248
资本净额
1,374,534
1,311,742
风险加权资产(考虑资本底线要求)
7,404,703
6,885,783
204
第八章 财务报告
招商银行股份有限公司
2025年半年度报告(A",600036.SH,招商银行,2025-06-30,2025,半年报,招商银行2025半年报,招商银行2025半年报.pdf,C:\Users\Administrator\Desktop\financial-poc\data\raw\pdf\招商银行2025半年报.pdf,,,,556,679,风险提示,204,204,205,
600036_SH_pdf_招商银行2025半年报_pdf_e6770b40_chunk_557,pdf,pdf,"8
资本净额
1,374,534
1,311,742
风险加权资产(考虑资本底线要求)
7,404,703
6,885,783
204
第八章 财务报告
招商银行股份有限公司
2025年半年度报告(A股)
49. 风险管理(续)
(f)
运用衍生工具
衍生工具包括本集团在外汇和利率市场进行的远期、掉期和期权交易。
本集团为资金业务及对资产和负债的管理而进行利率、货币及其他衍生工具交易。根据持有目的不同分类为公允
价值套期金融工具、现金流量套期金融工具和以公允价值计量且其变动计入当期损益的金融工具。
本集团会根据银行资产负债的利率、汇率风险状况,基于对未来利率、汇率走势的分析判断,选择合适的套期策
略和套期工具。
当本集团的资产或负债的原币为外币时,面临的汇率风险可以通过外汇远期合约或外汇期权合约进行套期。
本集团使用利率掉期工具对人民币贷款组合和同业资产或负债的利率风险进行现金流套期;对以公允价值计量且
当期损益计入其他综合收益的债券投资的利率风险进行公允价值套期。",600036.SH,招商银行,2025-06-30,2025,半年报,招商银行2025半年报,招商银行2025半年报.pdf,C:\Users\Administrator\Desktop\financial-poc\data\raw\pdf\招商银行2025半年报.pdf,,,,557,679,风险提示,204,204,205,
600036_SH_pdf_招商银行2025半年报_pdf_e6770b40_chunk_558,pdf,pdf,"以下列示的是各资产负债表日本集团衍生工具按剩余到期日分析的名义金额及公允价值,名义金额仅指在资产负
债表日尚未到期交割的交易量,并不代表风险数额。
本集团
2025年6月30日
按剩余到期日分析的名义金额
公允价值
3个月或以下
3个月至1年
1年至5年
5年以上
合计
资产
负债
以公允价值计量且其变动
计入当期损益的衍生工具
利率衍生工具
321,640
1,391,787
1,086,734
1,763
2,801,924
8,804
(9,042)
利率掉期
321,029
1,391,752
1,086,734
1,763
2,801,278
8,804
(9,040)
债券期货
611
35
–
–
646
–
(2)
货币衍生工具
1,154,769
1,115,192
63,742
7,339
2,341,042
11,745
(13,087)
远期
64,447
47,282
1,272
1,564
114,565
459
(883)
外汇掉期
829,803
796,545
42,454
5,775
1,674,577
8,707
(9,937)
期货
537
19",600036.SH,招商银行,2025-06-30,2025,半年报,招商银行2025半年报,招商银行2025半年报.pdf,C:\Users\Administrator\Desktop\financial-poc\data\raw\pdf\招商银行2025半年报.pdf,,,,558,679,资产负债表,205,205,219,资产负债表
600036_SH_pdf_招商银行2025半年报_pdf_e6770b40_chunk_559,pdf,pdf,"82
1,272
1,564
114,565
459
(883)
外汇掉期
829,803
796,545
42,454
5,775
1,674,577
8,707
(9,937)
期货
537
194
–
–
731
–
–
期权
259,982
271,171
20,016
–
551,169
2,579
(2,267)
其他衍生工具
7,049
9,132
406
–
16,587
522
(475)
权益期权购入
982
4,200
36
–
5,218
76
(1)
权益期权出售
837
4,201
–
–
5,038
–
(45)
大宗商品交易
5,230
268
70
–
5,568
446
(421)
信用违约掉期
–
463
300
–
763
–
(8)
公允价值套期金融工具
利率衍生工具
–
–
2,417
973
3,390
–
(15)
利率掉期
–
–
2,417
973
3,390
–
(15)
货币衍生工具
–
10,910
5,771
–
16,681
242
(135)
外汇掉期
–
10,910
5,771
–
16,681
242
(135)
现",600036.SH,招商银行,2025-06-30,2025,半年报,招商银行2025半年报,招商银行2025半年报.pdf,C:\Users\Administrator\Desktop\financial-poc\data\raw\pdf\招商银行2025半年报.pdf,,,,559,679,资产负债表,205,205,219,资产负债表
600036_SH_pdf_招商银行2025半年报_pdf_e6770b40_chunk_560,pdf,pdf,"7
973
3,390
–
(15)
货币衍生工具
–
10,910
5,771
–
16,681
242
(135)
外汇掉期
–
10,910
5,771
–
16,681
242
(135)
现金流量套期金融工具
利率衍生工具
1,603
11,000
19,529
305
32,437
83
(70)
利率掉期
1,603
11,000
19,529
305
32,437
83
(70)
与指定为以公允价值计量且其
变动计入当期损益的金融工
具一并管理的衍生工具
利率衍生工具
–
178
–
–
178
1
–
利率掉期
–
178
–
–
178
1
–
合计
1,485,061
2,538,199
1,178,599
10,380
5,212,239
21,397
(22,824)
205
第八章 财务报告
招商银行股份有限公司
2025年半年度报告(A股)
49. 风险管理(续)
(f)
运用衍生工具(续)
本集团
2024年12月31日
按剩余到期日分析的名义金额
公允价值
3个月或以下
3个月至1年
1年至5年
5年以上
合计
资产
负债
以公允价值计量且其变动
计入",600036.SH,招商银行,2025-06-30,2025,半年报,招商银行2025半年报,招商银行2025半年报.pdf,C:\Users\Administrator\Desktop\financial-poc\data\raw\pdf\招商银行2025半年报.pdf,,,,560,679,资产负债表,205,205,219,资产负债表
600036_SH_pdf_招商银行2025半年报_pdf_e6770b40_chunk_561,pdf,pdf,"续)
(f)
运用衍生工具(续)
本集团
2024年12月31日
按剩余到期日分析的名义金额
公允价值
3个月或以下
3个月至1年
1年至5年
5年以上
合计
资产
负债
以公允价值计量且其变动
计入当期损益的衍生工具
利率衍生工具
295,444
931,606
847,772
1,290
2,076,112
11,136
(11,478)
利率掉期
290,990
931,524
847,772
1,290
2,071,576
11,035
(11,478)
债券期货
4,454
82
–
–
4,536
101
–
货币衍生工具
944,726
947,917
83,676
1,722
1,978,041
20,926
(19,773)
远期
44,479
21,093
1,372
280
67,224
588
(579)
外汇掉期
664,671
740,338
67,377
1,442
1,473,828
17,734
(16,958)
期货
18
387
–
–
405
–
–
期权
235,558
186,099
14,927
–
436,584
2,604
(2,236",600036.SH,招商银行,2025-06-30,2025,半年报,招商银行2025半年报,招商银行2025半年报.pdf,C:\Users\Administrator\Desktop\financial-poc\data\raw\pdf\招商银行2025半年报.pdf,,,,561,679,资产负债表,205,205,219,资产负债表
600036_SH_pdf_招商银行2025半年报_pdf_e6770b40_chunk_562,pdf,pdf,"442
1,473,828
17,734
(16,958)
期货
18
387
–
–
405
–
–
期权
235,558
186,099
14,927
–
436,584
2,604
(2,236)
其他衍生工具
4,767
6,090
230
37
11,124
262
(123)
权益期权购入
805
2,769
–
37
3,611
131
–
权益期权出售
805
2,769
–
–
3,574
–
(21)
大宗商品交易
3,157
351
–
–
3,508
131
(100)
信用违约掉期
–
201
230
–
431
–
(2)
公允价值套期金融工具
利率衍生工具
–
–
500
–
500
–
(15)
利率掉期
–
–
500
–
500
–
(15)
货币衍生工具
1,200
1,940
6,614
–
9,754
76
(161)
外汇掉期
1,200
1,940
6,614
–
9,754
76
(161)
现金流量套期金融工具
利率衍生工具
2,110
10,384
9,533
330
22,357
128
(33)
利率掉期
2,110
10,384",600036.SH,招商银行,2025-06-30,2025,半年报,招商银行2025半年报,招商银行2025半年报.pdf,C:\Users\Administrator\Desktop\financial-poc\data\raw\pdf\招商银行2025半年报.pdf,,,,562,679,资产负债表,205,205,219,资产负债表
600036_SH_pdf_招商银行2025半年报_pdf_e6770b40_chunk_563,pdf,pdf,"40
6,614
–
9,754
76
(161)
现金流量套期金融工具
利率衍生工具
2,110
10,384
9,533
330
22,357
128
(33)
利率掉期
2,110
10,384
9,533
330
22,357
128
(33)
与指定为以公允价值计量且其
变动计入当期损益的金融工
具一并管理的衍生工具
利率衍生工具
–
–
183
–
183
5
–
利率掉期
–
–
183
–
183
5
–
合计
1,248,247
1,897,937
948,508
3,379
4,098,071
32,533
(31,583)
206
第八章 财务报告
招商银行股份有限公司
2025年半年度报告(A股)
49. 风险管理(续)
(f)
运用衍生工具(续)
本行
2025年6月30日
按剩余到期日分析的名义金额
公允价值
3个月或以下
3个月至1年
1年至5年
5年以上
合计
资产
负债
以公允价值计量且其变动
计入当期损益的衍生工具
利率衍生工具
321,485
1,389,976
1,086,562
1,763
2,799,786
8,779
(9,034)
利率掉",600036.SH,招商银行,2025-06-30,2025,半年报,招商银行2025半年报,招商银行2025半年报.pdf,C:\Users\Administrator\Desktop\financial-poc\data\raw\pdf\招商银行2025半年报.pdf,,,,563,679,资产负债表,205,205,219,资产负债表
600036_SH_pdf_招商银行2025半年报_pdf_e6770b40_chunk_564,pdf,pdf,"计
资产
负债
以公允价值计量且其变动
计入当期损益的衍生工具
利率衍生工具
321,485
1,389,976
1,086,562
1,763
2,799,786
8,779
(9,034)
利率掉期
321,029
1,389,965
1,086,562
1,763
2,799,319
8,779
(9,033)
债券期货
456
11
–
–
467
–
(1)
货币衍生工具
1,044,173
1,068,438
55,442
7,339
2,175,392
11,320
(12,044)
远期
61,451
44,225
1,266
1,564
108,506
403
(778)
外汇掉期
725,070
755,728
34,160
5,775
1,520,733
8,353
(9,015)
期货
537
194
–
–
731
–
–
期权
257,115
268,291
20,016
–
545,422
2,564
(2,251)
其他衍生工具
6,482
8,413
370
–
15,265
490
(447)
权益期权购入
626
3,841
–
–
4,467
4",600036.SH,招商银行,2025-06-30,2025,半年报,招商银行2025半年报,招商银行2025半年报.pdf,C:\Users\Administrator\Desktop\financial-poc\data\raw\pdf\招商银行2025半年报.pdf,,,,564,679,资产负债表,205,205,219,资产负债表
600036_SH_pdf_招商银行2025半年报_pdf_e6770b40_chunk_565,pdf,pdf,"0,016
–
545,422
2,564
(2,251)
其他衍生工具
6,482
8,413
370
–
15,265
490
(447)
权益期权购入
626
3,841
–
–
4,467
44
–
权益期权出售
626
3,841
–
–
4,467
–
(18)
大宗商品交易
5,230
268
70
–
5,568
446
(421)
信用违约掉期
–
463
300
–
763
–
(8)
公允价值套期金融工具
利率衍生工具
–
–
2,417
973
3,390
–
(15)
利率掉期
–
–
2,417
973
3,390
–
(15)
现金流量套期金融工具
利率衍生工具
887
5,709
3,142
–
9,738
36
–
利率掉期
887
5,709
3,142
–
9,738
36
–
与指定为以公允价值计量且其
变动计入当期损益的金融工
具一并管理的衍生工具
利率衍生工具
–
178
–
–
178
1
–
利率掉期
–
178
–
–
178
1
–
合计
1,373,027
2,472,714
1,147,933
10,075
5,003,749
2",600036.SH,招商银行,2025-06-30,2025,半年报,招商银行2025半年报,招商银行2025半年报.pdf,C:\Users\Administrator\Desktop\financial-poc\data\raw\pdf\招商银行2025半年报.pdf,,,,565,679,资产负债表,205,205,219,资产负债表
600036_SH_pdf_招商银行2025半年报_pdf_e6770b40_chunk_566,pdf,pdf,"利率衍生工具
–
178
–
–
178
1
–
利率掉期
–
178
–
–
178
1
–
合计
1,373,027
2,472,714
1,147,933
10,075
5,003,749
20,626
(21,540)
207
第八章 财务报告
招商银行股份有限公司
2025年半年度报告(A股)
49. 风险管理(续)
(f)
运用衍生工具(续)
本行
2024年12月31日
按剩余到期日分析的名义金额
公允价值
3个月或以下
3个月至1年
1年至5年
5年以上
合计
资产
负债
以公允价值计量且其变动
计入当期损益的衍生工具
利率衍生工具
295,068
931,606
845,839
1,290
2,073,803
11,128
(11,462)
利率掉期
290,990
931,524
845,839
1,290
2,069,643
11,031
(11,462)
债券期货
4,078
82
–
–
4,160
97
–
货币衍生工具
911,557
941,218
75,782
1,722
1,930,279
20,518
(19,505)
远期
42,672
19,",600036.SH,招商银行,2025-06-30,2025,半年报,招商银行2025半年报,招商银行2025半年报.pdf,C:\Users\Administrator\Desktop\financial-poc\data\raw\pdf\招商银行2025半年报.pdf,,,,566,679,资产负债表,205,205,219,资产负债表
600036_SH_pdf_招商银行2025半年报_pdf_e6770b40_chunk_567,pdf,pdf,"4,078
82
–
–
4,160
97
–
货币衍生工具
911,557
941,218
75,782
1,722
1,930,279
20,518
(19,505)
远期
42,672
19,658
1,372
280
63,982
524
(527)
外汇掉期
634,582
735,176
59,483
1,442
1,430,683
17,401
(16,753)
期货
18
387
–
–
405
–
–
期权
234,285
185,997
14,927
–
435,209
2,593
(2,225)
其他衍生工具
4,019
6,084
230
–
10,333
155
(107)
权益期权购入
431
2,766
–
–
3,197
24
–
权益期权出售
431
2,766
–
–
3,197
–
(5)
大宗商品交易
3,157
351
–
–
3,508
131
(100)
信用违约掉期
–
201
230
–
431
–
(2)
公允价值套期金融工具
利率衍生工具
–
–
500
–
500
–
(15)
利率掉期
–
–
500
–
500
–
(15)",600036.SH,招商银行,2025-06-30,2025,半年报,招商银行2025半年报,招商银行2025半年报.pdf,C:\Users\Administrator\Desktop\financial-poc\data\raw\pdf\招商银行2025半年报.pdf,,,,567,679,资产负债表,205,205,219,资产负债表
600036_SH_pdf_招商银行2025半年报_pdf_e6770b40_chunk_568,pdf,pdf,"(100)
信用违约掉期
–
201
230
–
431
–
(2)
公允价值套期金融工具
利率衍生工具
–
–
500
–
500
–
(15)
利率掉期
–
–
500
–
500
–
(15)
现金流量套期金融工具
利率衍生工具
1,966
5,712
281
–
7,959
9
–
利率掉期
1,966
5,712
281
–
7,959
9
–
与指定为以公允价值计量且其
变动计入当期损益的金融工
具一并管理的衍生工具
利率衍生工具
–
–
183
–
183
5
–
利率掉期
–
–
183
–
183
5
–
合计
1,212,610
1,884,620
922,815
3,012
4,023,057
31,815
(31,089)
截至2025年6月30日止6个月期间,因无效的现金流量套期导致的对当期损益的影响为零(截至2024年度:零)。
208
第八章 财务报告
招商银行股份有限公司
2025年半年度报告(A股)
49. 风险管理(续)
(f)
运用衍生工具(续)
本集团有关衍生工具的信用风险加权资产情况如下:
项目
2025年6月30日
2024年12月31日",600036.SH,招商银行,2025-06-30,2025,半年报,招商银行2025半年报,招商银行2025半年报.pdf,C:\Users\Administrator\Desktop\financial-poc\data\raw\pdf\招商银行2025半年报.pdf,,,,568,679,资产负债表,205,205,219,资产负债表
600036_SH_pdf_招商银行2025半年报_pdf_e6770b40_chunk_569,pdf,pdf,"银行股份有限公司
2025年半年度报告(A股)
49. 风险管理(续)
(f)
运用衍生工具(续)
本集团有关衍生工具的信用风险加权资产情况如下:
项目
2025年6月30日
2024年12月31日
交易对手违约风险加权资产
7,215
4,254
信用估值调整风险加权资产
3,280
2,353
合计
10,495
6,607
自2024年1月1日起,本集团根据《商业银行资本管理办法》计算衍生工具的风险加权资产,对符合原银保监会
2014年4月核准的内评覆盖范围的业务采用内部评级法计算风险加权资产,内部评级法未覆盖部分仍采用权重法
计算。
(g) 公允价值
(i)
确定公允价值的方法
本集团设有多项会计政策和披露规定,要求计量金融和非金融资产和负债的公允价值。
本集团就计量公允价值制定了一个控制架构,包括设立估值团队,全面监控所有重大的公允价值计量,包括三层
次的公允价值计量。
估值团队会定期审阅重大和不可观察的输入值和估值调整。如果使用第三方信息(如经纪报价或定价服务)来计
量公允价值,估值团队会评核从第三方得到的证据,以支持有关估值符合《企业会计准则》规定的结论,包括有
关估值结",600036.SH,招商银行,2025-06-30,2025,半年报,招商银行2025半年报,招商银行2025半年报.pdf,C:\Users\Administrator\Desktop\financial-poc\data\raw\pdf\招商银行2025半年报.pdf,,,,569,679,资产负债表,205,205,219,资产负债表
600036_SH_pdf_招商银行2025半年报_pdf_e6770b40_chunk_570,pdf,pdf,"会定期审阅重大和不可观察的输入值和估值调整。如果使用第三方信息(如经纪报价或定价服务)来计
量公允价值,估值团队会评核从第三方得到的证据,以支持有关估值符合《企业会计准则》规定的结论,包括有
关估值结果已分类为公允价值层次中的应属层次。
在计量资产或负债的公允价值时,本集团会尽可能使用市场上可观察的数据。公允价值会根据估值技术所采用的
输入值来分类为不同的层次。
公允价值计量结果所属层次取决于对公允价值计量整体而言具有重要意义的最低层次的输入值。三个层次输入值
的定义如下:
•
第一层次输入值是指主体在计量日能获得的相同资产或负债在活跃市场中未经调整的报价;
•
第二层次输入值是指除了第一层次输入值所包含的报价以外的,资产或负债的其他直接或间接可观察的
输入值;
•
第三层次输入值是指资产或负债的不可观察输入值。
本集团会在出现变动的报告期末确认在公允价值层次之间的转换。
本集团以公允价值计量的资产和负债均持续以公允价值计量,不存在非持续以公允价值计量的资产和负债。
209
第八章 财务报告
招商银行股份有限公司
2025年半年度报告(A股)
49. 风险管理(续)
(g) 公允价值(",600036.SH,招商银行,2025-06-30,2025,半年报,招商银行2025半年报,招商银行2025半年报.pdf,C:\Users\Administrator\Desktop\financial-poc\data\raw\pdf\招商银行2025半年报.pdf,,,,570,679,资产负债表,205,205,219,资产负债表
600036_SH_pdf_招商银行2025半年报_pdf_e6770b40_chunk_571,pdf,pdf,"计量的资产和负债均持续以公允价值计量,不存在非持续以公允价值计量的资产和负债。
209
第八章 财务报告
招商银行股份有限公司
2025年半年度报告(A股)
49. 风险管理(续)
(g) 公允价值(续)
(ii)
持续以公允价值计量的金融资产和金融负债
下表列示了本集团在每个资产负债表日持续以公允价值计量的资产和负债于本报告期末的公允价值信息及其公允
价值计量的层次:
2025年6月30日
本集团
本行
第一层次
第二层次
第三层次
总额
第一层次
第二层次
第三层次
总额
资产
分类为以公允价值计量且其变动计入
当期损益的金融投资
27,951
617,746
3,202
648,899
22,602
560,767
1,681
585,050
-债券投资
13,964
338,544
113
352,621
9,554
227,929
322
237,805
-贵金属合同
12,328
–
–
12,328
12,328
–
–
12,328
-股权投资
1,626
938
2,185
4,749
720
–
1,189
1,909
-基金投资
33
266,165
694
26",600036.SH,招商银行,2025-06-30,2025,半年报,招商银行2025半年报,招商银行2025半年报.pdf,C:\Users\Administrator\Desktop\financial-poc\data\raw\pdf\招商银行2025半年报.pdf,,,,571,679,资产负债表,205,205,219,资产负债表
600036_SH_pdf_招商银行2025半年报_pdf_e6770b40_chunk_572,pdf,pdf,"8
–
–
12,328
12,328
–
–
12,328
-股权投资
1,626
938
2,185
4,749
720
–
1,189
1,909
-基金投资
33
266,165
694
266,892
–
323,030
–
323,030
-理财产品
–
3,496
–
3,496
–
1,400
–
1,400
-其他
–
8,603
210
8,813
–
8,408
170
8,578
指定为以公允价值计量且其变动计入
当期损益的金融投资
171
11,749
–
11,920
–
–
–
–
-债券投资
171
11,749
–
11,920
–
–
–
–
衍生金融资产
–
21,397
–
21,397
–
20,626
–
20,626
以公允价值计量且其变动计入
当期损益的贷款和垫款
–
64,212
1,560
65,772
–
64,212
1,496
65,708
以公允价值计量且其变动计入
其他综合收益的债务工具投资
260,369
999,748
–
1,260,117
143,270
922,391
–
1,065,661
以公允价值计量且其变动",600036.SH,招商银行,2025-06-30,2025,半年报,招商银行2025半年报,招商银行2025半年报.pdf,C:\Users\Administrator\Desktop\financial-poc\data\raw\pdf\招商银行2025半年报.pdf,,,,572,679,资产负债表,205,205,219,资产负债表
600036_SH_pdf_招商银行2025半年报_pdf_e6770b40_chunk_573,pdf,pdf,",708
以公允价值计量且其变动计入
其他综合收益的债务工具投资
260,369
999,748
–
1,260,117
143,270
922,391
–
1,065,661
以公允价值计量且其变动计入
其他综合收益的贷款和垫款
–
284,284
265,998
550,282
–
284,284
265,699
549,983
指定为以公允价值计量且其变动计入
其他综合收益的权益工具投资
14,288
1,870
7,676
23,834
3,349
1,870
6,608
11,827
合计
302,779
2,001,006
278,436
2,582,221
169,221
1,854,150
275,484
2,298,855
负债
交易性金融负债
55,736
698
–
56,434
55,736
–
–
55,736
-与贵金属相关的金融负债
55,736
–
–
55,736
55,736
–
–
55,736
-债券卖空
–
698
–
698
–
–
–
–
指定为以公允价值计量且其变动计入
当期损益的金融负债
5,570
35,654
1,621
42,84",600036.SH,招商银行,2025-06-30,2025,半年报,招商银行2025半年报,招商银行2025半年报.pdf,C:\Users\Administrator\Desktop\financial-poc\data\raw\pdf\招商银行2025半年报.pdf,,,,573,679,资产负债表,205,205,219,资产负债表
600036_SH_pdf_招商银行2025半年报_pdf_e6770b40_chunk_574,pdf,pdf,",736
55,736
–
–
55,736
-债券卖空
–
698
–
698
–
–
–
–
指定为以公允价值计量且其变动计入
当期损益的金融负债
5,570
35,654
1,621
42,845
5,714
–
–
5,714
-发行债券
5,570
20
–
5,590
5,714
–
–
5,714
-其他
–
35,634
1,621
37,255
–
–
–
–
衍生金融负债
–
22,824
–
22,824
–
21,540
–
21,540
合计
61,306
59,176
1,621
122,103
61,450
21,540
–
82,990
210
第八章 财务报告
招商银行股份有限公司
2025年半年度报告(A股)
49. 风险管理(续)
(g) 公允价值(续)
(ii)
持续以公允价值计量的金融资产和金融负债(续)
下表列示了本集团在每个资产负债表日持续以公允价值计量的资产和负债于本报告期末的公允价值信息及其公允
价值计量的层次:
(续)
2024年12月31日
本集团
本行
第一层次
第二层次
第三层次
总额
第一层次
第二层次
第三层次
总额
资产",600036.SH,招商银行,2025-06-30,2025,半年报,招商银行2025半年报,招商银行2025半年报.pdf,C:\Users\Administrator\Desktop\financial-poc\data\raw\pdf\招商银行2025半年报.pdf,,,,574,679,资产负债表,205,205,219,资产负债表
600036_SH_pdf_招商银行2025半年报_pdf_e6770b40_chunk_575,pdf,pdf,"允价值计量的资产和负债于本报告期末的公允价值信息及其公允
价值计量的层次:
(续)
2024年12月31日
本集团
本行
第一层次
第二层次
第三层次
总额
第一层次
第二层次
第三层次
总额
资产
分类为以公允价值计量且其变动计入
当期损益的金融投资
15,699
584,337
3,317
603,353
12,137
533,154
1,583
546,874
-债券投资
14,204
237,508
340
252,052
11,204
136,598
657
148,459
-贵金属合同
134
–
–
134
134
–
–
134
-股权投资
1,360
3
1,899
3,262
799
–
763
1,562
-基金投资
1
343,079
871
343,951
–
394,657
–
394,657
-理财产品
–
3,134
–
3,134
–
1,303
–
1,303
-其他
–
613
207
820
–
596
163
759
指定为以公允价值计量且其变动计入
当期损益的金融投资
1,646
12,019
–
13,665
–
91
–
91
-债券投资",600036.SH,招商银行,2025-06-30,2025,半年报,招商银行2025半年报,招商银行2025半年报.pdf,C:\Users\Administrator\Desktop\financial-poc\data\raw\pdf\招商银行2025半年报.pdf,,,,575,679,资产负债表,205,205,219,资产负债表
600036_SH_pdf_招商银行2025半年报_pdf_e6770b40_chunk_576,pdf,pdf,"303
-其他
–
613
207
820
–
596
163
759
指定为以公允价值计量且其变动计入
当期损益的金融投资
1,646
12,019
–
13,665
–
91
–
91
-债券投资
1,646
12,019
–
13,665
–
91
–
91
衍生金融资产
–
32,533
–
32,533
–
31,815
–
31,815
以公允价值计量且其变动计入
当期损益的贷款和垫款
–
34,601
1,174
35,775
–
34,601
1,109
35,710
以公允价值计量且其变动计入
其他综合收益的债务工具投资
230,469
861,658
–
1,092,127
131,367
791,457
–
922,824
以公允价值计量且其变动计入
其他综合收益的贷款和垫款
–
345,349
206,343
551,692
–
344,791
206,343
551,134
指定为以公允价值计量且其变动计入
其他综合收益的权益工具投资
12,873
1,903
7,539
22,315
3,121
1,870
6,526
11,517
合计
260,687
1",600036.SH,招商银行,2025-06-30,2025,半年报,招商银行2025半年报,招商银行2025半年报.pdf,C:\Users\Administrator\Desktop\financial-poc\data\raw\pdf\招商银行2025半年报.pdf,,,,576,679,资产负债表,205,205,219,资产负债表
600036_SH_pdf_招商银行2025半年报_pdf_e6770b40_chunk_577,pdf,pdf,"1,134
指定为以公允价值计量且其变动计入
其他综合收益的权益工具投资
12,873
1,903
7,539
22,315
3,121
1,870
6,526
11,517
合计
260,687
1,872,400
218,373
2,351,460
146,625
1,737,779
215,561
2,099,965
负债
交易性金融负债
28,757
389
–
29,146
28,757
–
–
28,757
-与贵金属相关的金融负债
28,757
–
–
28,757
28,757
–
–
28,757
-债券卖空
–
389
–
389
–
–
–
–
指定为以公允价值计量且其变动计入
当期损益的金融负债
5,567
31,592
1,156
38,315
5,712
–
–
5,712
-发行债券
5,567
–
–
5,567
5,712
–
–
5,712
-其他
–
31,592
1,156
32,748
–
–
–
–
衍生金融负债
–
31,583
–
31,583
–
31,089
–
31,089
合计
34,324
63,564
1,156
99,044",600036.SH,招商银行,2025-06-30,2025,半年报,招商银行2025半年报,招商银行2025半年报.pdf,C:\Users\Administrator\Desktop\financial-poc\data\raw\pdf\招商银行2025半年报.pdf,,,,577,679,资产负债表,205,205,219,资产负债表
600036_SH_pdf_招商银行2025半年报_pdf_e6770b40_chunk_578,pdf,pdf,"31,592
1,156
32,748
–
–
–
–
衍生金融负债
–
31,583
–
31,583
–
31,089
–
31,089
合计
34,324
63,564
1,156
99,044
34,469
31,089
–
65,558
截至2025年6月30日止6个月期间和2024年度,金融工具并无在公允价值层次的第一和第二层次之间作出重大转
移。
211
第八章 财务报告
招商银行股份有限公司
2025年半年度报告(A股)
49. 风险管理(续)
(g) 公允价值(续)
(ii)
持续以公允价值计量的金融资产和金融负债(续)
(1)
持续第一层次公允价值计量项目市价的确定依据
对于有活跃市场报价的金融工具采用彭博等发布的活跃市场报价。
(2)
持续第二层次公允价值计量项目,采用的估值技术和重要参数的信息
估值日当日中国债券信息网存在估值的人民币债券,采用中国债券信息网最新发布的估值结果确定其公
允价值。
对于没有活跃市场报价的外币债券采用彭博等发布的综合估值。
衍生金融工具中的远期外汇合约的公允价值是采用对远期外汇合约约定价格与市场远期价格之差折现的
方法来确定。所使用的",600036.SH,招商银行,2025-06-30,2025,半年报,招商银行2025半年报,招商银行2025半年报.pdf,C:\Users\Administrator\Desktop\financial-poc\data\raw\pdf\招商银行2025半年报.pdf,,,,578,679,资产负债表,205,205,219,资产负债表
600036_SH_pdf_招商银行2025半年报_pdf_e6770b40_chunk_579,pdf,pdf,"的估值结果确定其公
允价值。
对于没有活跃市场报价的外币债券采用彭博等发布的综合估值。
衍生金融工具中的远期外汇合约的公允价值是采用对远期外汇合约约定价格与市场远期价格之差折现的
方法来确定。所使用的折现率为报告期末相关的人民币掉期收益率曲线。
外汇期权合约、大宗商品期权合约、权益期权合约等期权合约的公允价值是基于柏力克-舒尔斯
(Black-Scholes)模型,采用无风险利率、外汇、大宗商品、权益类合约标的市场价格及价格波动率等市场
数据计算确定。所使用的市场数据源为彭博、路孚特、万得等供应商提供的活跃市场报价。
衍生金融工具中的利率掉期合约、外汇掉期合约、非期权类的大宗商品合约的公允价值为假设于报告期
末终止该掉期合约预计所应收或应付金额折现。所使用的折现率为报告期末相关币种和掉期品种收益率
曲线。
以公允价值计量且其变动计入当期损益的金融投资项下的股权投资、基金投资及理财产品的估值根据在
市场的可观察报价或采用在当前情况下适用的估值技术得出。
以公允价值计量且其变动计入其他综合收益及以公允价值计量且其变动计入当期损益的票据贴现主要采
用上海票据交易所公布的票据转贴现成交价格,以",600036.SH,招商银行,2025-06-30,2025,半年报,招商银行2025半年报,招商银行2025半年报.pdf,C:\Users\Administrator\Desktop\financial-poc\data\raw\pdf\招商银行2025半年报.pdf,,,,579,679,资产负债表,205,205,219,资产负债表
600036_SH_pdf_招商银行2025半年报_pdf_e6770b40_chunk_580,pdf,pdf,"根据在
市场的可观察报价或采用在当前情况下适用的估值技术得出。
以公允价值计量且其变动计入其他综合收益及以公允价值计量且其变动计入当期损益的票据贴现主要采
用上海票据交易所公布的票据转贴现成交价格,以10日均线为基准对票据价值进行评估。
指定为以公允价值计量且其变动计入其他综合收益的权益工具投资,采用彭博提供的估值结果或采用报
告期末中国债券信息网的相关收益率曲线对现金流进行折现确定其公允价值。
发行的存款证,估值取自彭博提供的估值结果。
以公允价值计量且其变动计入当期损益的金融投资项下的“其他”投资估值采用投资的资产净值。
指定为以公允价值计量且其变动计入当期损益的金融负债项下的“其他”采用投资目标的市价组合法,其
公允价值根据投资的资产净值,即产品投资组合的可观察市值及相关费用决定。
212
第八章 财务报告
招商银行股份有限公司
2025年半年度报告(A股)
49. 风险管理(续)
(g) 公允价值(续)
(ii)
持续以公允价值计量的金融资产和金融负债(续)
(3)
持续第三层次公允价值计量项目,采用的估值技术和重要参数的信息如下:
2025年6月30日
的公允价值
估值技术",600036.SH,招商银行,2025-06-30,2025,半年报,招商银行2025半年报,招商银行2025半年报.pdf,C:\Users\Administrator\Desktop\financial-poc\data\raw\pdf\招商银行2025半年报.pdf,,,,580,679,资产负债表,205,205,219,资产负债表
600036_SH_pdf_招商银行2025半年报_pdf_e6770b40_chunk_581,pdf,pdf,"(g) 公允价值(续)
(ii)
持续以公允价值计量的金融资产和金融负债(续)
(3)
持续第三层次公允价值计量项目,采用的估值技术和重要参数的信息如下:
2025年6月30日
的公允价值
估值技术
不可观察输入值
指定为以公允价值计量且其变动计入
其他综合收益的权益工具投资
1,113
市场法
流动性折价
指定为以公允价值计量且其变动计入
其他综合收益的权益工具投资
8
现金流量折现法
风险调整折现率、现金流量
指定为以公允价值计量且其变动计入
其他综合收益的权益工具投资
6,555
资产净值法
净资产、流动性折价
以公允价值计量且其变动计入
当期损益的贷款和垫款
1,560
现金流量折现法
风险调整折现率
以公允价值计量且其变动计入
其他综合收益的贷款和垫款
265,998
现金流量折现法
风险调整折现率
分类为以公允价值计量且其变动计入
当期损益的金融投资
-股权投资
976
市场法
流动性折价
-股权投资
913
现金流量折现法
风险调整折现率、现金流量
-股权投资
296
资产净值法
净资产、流动性折价
-债券投资
113
现金流量折现法
风险调整折现率
-基金投资
584",600036.SH,招商银行,2025-06-30,2025,半年报,招商银行2025半年报,招商银行2025半年报.pdf,C:\Users\Administrator\Desktop\financial-poc\data\raw\pdf\招商银行2025半年报.pdf,,,,581,679,资产负债表,205,205,219,资产负债表
600036_SH_pdf_招商银行2025半年报_pdf_e6770b40_chunk_582,pdf,pdf,"流动性折价
-股权投资
913
现金流量折现法
风险调整折现率、现金流量
-股权投资
296
资产净值法
净资产、流动性折价
-债券投资
113
现金流量折现法
风险调整折现率
-基金投资
584
基金净值法
净资产
-基金投资
65
现金流量折现法
风险调整折现率
-基金投资
45
市场法
流动性折价
-其他
170
现金流量折现法
风险调整折现率、现金流量
-其他
40
基金净值法
净资产
指定为以公允价值计量且其变动计入
当期损益的金融负债
1,621
基金净值法
净资产、流动性折价
213
第八章 财务报告
招商银行股份有限公司
2025年半年度报告(A股)
49. 风险管理(续)
(g) 公允价值(续)
(ii)
持续以公允价值计量的金融资产和金融负债(续)
(3)
持续第三层次公允价值计量项目,采用的估值技术和重要参数的信息如下:(续)
2024年12月31日
的公允价值
估值技术
不可观察输入值
指定为以公允价值计量且其变动计入
其他综合收益的权益工具投资
1,022
市场法
流动性折价
指定为以公允价值计量且其变动计入
其他综合收益的权益工具投资
67
现金流量折现法",600036.SH,招商银行,2025-06-30,2025,半年报,招商银行2025半年报,招商银行2025半年报.pdf,C:\Users\Administrator\Desktop\financial-poc\data\raw\pdf\招商银行2025半年报.pdf,,,,582,679,资产负债表,205,205,219,资产负债表
600036_SH_pdf_招商银行2025半年报_pdf_e6770b40_chunk_583,pdf,pdf,"值技术
不可观察输入值
指定为以公允价值计量且其变动计入
其他综合收益的权益工具投资
1,022
市场法
流动性折价
指定为以公允价值计量且其变动计入
其他综合收益的权益工具投资
67
现金流量折现法
风险调整折现率、现金流量
指定为以公允价值计量且其变动计入
其他综合收益的权益工具投资
6,450
资产净值法
净资产、流动性折价
以公允价值计量且其变动计入
当期损益的贷款和垫款
1,174
现金流量折现法
风险调整折现率
以公允价值计量且其变动计入
其他综合收益的贷款和垫款
206,343
现金流量折现法
风险调整折现率
分类为以公允价值计量且其变动计入
当期损益的金融投资
-股权投资
1,119
市场法
流动性折价
-股权投资
516
现金流量折现法
风险调整折现率、现金流量
-股权投资
264
资产净值法
净资产、流动性折价
-债券投资
340
现金流量折现法
风险调整折现率
-基金投资
807
基金净值法
净资产
-基金投资
64
市场法
流动性折价
-其他
163
现金流量折现法
风险调整折现率、现金流量
-其他
44
基金净值法
净资产
指定为以公允价值计量且其变动计入
当",600036.SH,招商银行,2025-06-30,2025,半年报,招商银行2025半年报,招商银行2025半年报.pdf,C:\Users\Administrator\Desktop\financial-poc\data\raw\pdf\招商银行2025半年报.pdf,,,,583,679,资产负债表,205,205,219,资产负债表
600036_SH_pdf_招商银行2025半年报_pdf_e6770b40_chunk_584,pdf,pdf,"投资
807
基金净值法
净资产
-基金投资
64
市场法
流动性折价
-其他
163
现金流量折现法
风险调整折现率、现金流量
-其他
44
基金净值法
净资产
指定为以公允价值计量且其变动计入
当期损益的金融负债
1,156
基金净值法
净资产、流动性折价
214
第八章 财务报告
招商银行股份有限公司
2025年半年度报告(A股)
49. 风险管理(续)
(g) 公允价值(续)
(ii)
持续以公允价值计量的金融资产和金融负债(续)
(3)
持续第三层次公允价值计量项目,采用的估值技术和重要参数的信息如下:(续)
以重要的不可观察输入变量估值的金融工具
下表列示在公允价值层次第三层次所计量公允价值的期初结余与期末结余之间的变动:
本集团
以公允价值
计量且其变动
计入当期
损益的金融投资
以公允价值
计量且其变动
计入当期
损益的贷款和垫款
以公允价值
计量且其变动
计入其他综合
收益的贷款
和垫款
指定为以
公允价值
计量且其变动
计入其他综合
收益的
权益工具投资
总额
于2025年1月1日
3,317
1,174
206,343
7,539
218,373
收益或损失
-于",600036.SH,招商银行,2025-06-30,2025,半年报,招商银行2025半年报,招商银行2025半年报.pdf,C:\Users\Administrator\Desktop\financial-poc\data\raw\pdf\招商银行2025半年报.pdf,,,,584,679,资产负债表,205,205,219,资产负债表
600036_SH_pdf_招商银行2025半年报_pdf_e6770b40_chunk_585,pdf,pdf,"益的贷款
和垫款
指定为以
公允价值
计量且其变动
计入其他综合
收益的
权益工具投资
总额
于2025年1月1日
3,317
1,174
206,343
7,539
218,373
收益或损失
-于损益中确认
153
5
–
–
158
-于其他综合收益中确认
–
–
(331)
196
(135)
购买/发放
102
485
293,751
–
294,338
出售和结算
(164)
(102)
(233,768)
–
(234,034)
从第三层次转出
(190)
–
–
–
(190)
汇率变动
(16)
(2)
3
(59)
(74)
于2025年6月30日
3,202
1,560
265,998
7,676
278,436
于报告日持有的以上资产项目于
损益中确认的未实现收益或(损失)
69
(22)
–
–
47
本集团
以公允价值
计量且其变动
计入当期
损益的金融投资
以公允价值
计量且其变动
计入当期
损益的贷款和垫款
以公允价值
计量且其变动
计入其他综合
收益的贷款
和垫款
指定为以
公允价值
计量且其变动
计入其他综合
收益的
权益工具投资
总额
于2024年",600036.SH,招商银行,2025-06-30,2025,半年报,招商银行2025半年报,招商银行2025半年报.pdf,C:\Users\Administrator\Desktop\financial-poc\data\raw\pdf\招商银行2025半年报.pdf,,,,585,679,资产负债表,205,205,219,资产负债表
600036_SH_pdf_招商银行2025半年报_pdf_e6770b40_chunk_586,pdf,pdf,"公允价值
计量且其变动
计入当期
损益的贷款和垫款
以公允价值
计量且其变动
计入其他综合
收益的贷款
和垫款
指定为以
公允价值
计量且其变动
计入其他综合
收益的
权益工具投资
总额
于2024年1月1日
4,160
3,729
120,762
7,338
135,989
收益或损失
-于损益中确认
(531)
(84)
–
–
(615)
-于其他综合收益中确认
–
–
252
297
549
购买/发放
72
–
485,550
–
485,622
出售和结算
(179)
(2,472)
(400,221)
(104)
(402,976)
从第三层次转出
(214)
–
–
–
(214)
汇率变动
9
1
–
8
18
于2024年12月31日
3,317
1,174
206,343
7,539
218,373
于报告日持有的以上资产项目于
损益中确认的未实现收益或(损失)
(434)
(104)
–
–
(538)
215
第八章 财务报告
招商银行股份有限公司
2025年半年度报告(A股)
49. 风险管理(续)
(g) 公允价值(续)
(ii)
持续以公允价值计量的金融",600036.SH,招商银行,2025-06-30,2025,半年报,招商银行2025半年报,招商银行2025半年报.pdf,C:\Users\Administrator\Desktop\financial-poc\data\raw\pdf\招商银行2025半年报.pdf,,,,586,679,资产负债表,205,205,219,资产负债表
600036_SH_pdf_招商银行2025半年报_pdf_e6770b40_chunk_587,pdf,pdf,"34)
(104)
–
–
(538)
215
第八章 财务报告
招商银行股份有限公司
2025年半年度报告(A股)
49. 风险管理(续)
(g) 公允价值(续)
(ii)
持续以公允价值计量的金融资产和金融负债(续)
(3)
持续第三层次公允价值计量项目,采用的估值技术和重要参数的信息如下:(续)
以重要的不可观察输入变量估值的金融工具(续)
下表列示在公允价值层次第三层次所计量公允价值的期初结余与期末结余之间的变动:
(续)
以公允价值计量且其变动计入当期损益的金融负债
本集团
2025年
2024年
于1月1日余额
1,156
1,825
于损益中确认的收益或(损失)
98
(235)
发行
549
6
出售和结算
(170)
(455)
汇率变动
(12)
15
于6月30日/12月31日余额
1,621
1,156
于报告日持有的以上负债项目于损益中确认的
未实现收益或(损失)
98
(235)
本行
以公允价值
计量且其变动
计入当期损益的
金融投资
以公允价值
计量且其变动
计入当期损益的
贷款和垫款
以公允价值
计量且其变动
计入其他综合
收益的贷款
和垫款
指定为",600036.SH,招商银行,2025-06-30,2025,半年报,招商银行2025半年报,招商银行2025半年报.pdf,C:\Users\Administrator\Desktop\financial-poc\data\raw\pdf\招商银行2025半年报.pdf,,,,587,679,资产负债表,205,205,219,资产负债表
600036_SH_pdf_招商银行2025半年报_pdf_e6770b40_chunk_588,pdf,pdf,"98
(235)
本行
以公允价值
计量且其变动
计入当期损益的
金融投资
以公允价值
计量且其变动
计入当期损益的
贷款和垫款
以公允价值
计量且其变动
计入其他综合
收益的贷款
和垫款
指定为
以公允价值
计量且其变动
计入其他综合
收益的权益
工具投资
总额
于2025年1月1日
1,583
1,109
206,343
6,526
215,561
收益或损失
-于损益中确认
106
2
–
–
108
-于其他综合收益中确认
–
–
(331)
82
(249)
购买/发放
1
485
293,427
–
293,913
出售和结算
(9)
(100)
(233,740)
–
(233,849)
于2025年6月30日
1,681
1,496
265,699
6,608
275,484
于报告日持有的以上资产项目于
损益中确认的未实现收益或(损失)
11
(23)
–
–
(12)
216
第八章 财务报告
招商银行股份有限公司
2025年半年度报告(A股)
49. 风险管理(续)
(g) 公允价值(续)
(ii)
持续以公允价值计量的金融资产和金融负债(续)
(3)
持续第三",600036.SH,招商银行,2025-06-30,2025,半年报,招商银行2025半年报,招商银行2025半年报.pdf,C:\Users\Administrator\Desktop\financial-poc\data\raw\pdf\招商银行2025半年报.pdf,,,,588,679,资产负债表,205,205,219,资产负债表
600036_SH_pdf_招商银行2025半年报_pdf_e6770b40_chunk_589,pdf,pdf,"216
第八章 财务报告
招商银行股份有限公司
2025年半年度报告(A股)
49. 风险管理(续)
(g) 公允价值(续)
(ii)
持续以公允价值计量的金融资产和金融负债(续)
(3)
持续第三层次公允价值计量项目,采用的估值技术和重要参数的信息如下:(续)
以重要的不可观察输入变量估值的金融工具(续)
下表列示在公允价值层次第三层次所计量公允价值的期初结余与期末结余之间的变动:
(续)
本行
以公允价值
计量且其变动
计入当期损益的
金融投资
以公允价值
计量且其变动
计入当期损益的
贷款和垫款
以公允价值
计量且其变动
计入其他综合
收益的贷款
和垫款
指定为
以公允价值
计量且其变动
计入其他综合
收益的权益
工具投资
总额
于2024年1月1日
1,209
3,647
120,762
6,521
132,139
收益或损失
-于损益中确认
114
(70)
–
–
44
-于其他综合收益中确认
–
–
252
109
361
购买/发放
264
–
485,550
–
485,814
出售和结算
(4)
(2,468)
(400,221)
(104)
(402,797)",600036.SH,招商银行,2025-06-30,2025,半年报,招商银行2025半年报,招商银行2025半年报.pdf,C:\Users\Administrator\Desktop\financial-poc\data\raw\pdf\招商银行2025半年报.pdf,,,,589,679,资产负债表,205,205,219,资产负债表
600036_SH_pdf_招商银行2025半年报_pdf_e6770b40_chunk_590,pdf,pdf,"其他综合收益中确认
–
–
252
109
361
购买/发放
264
–
485,550
–
485,814
出售和结算
(4)
(2,468)
(400,221)
(104)
(402,797)
于2024年12月31日
1,583
1,109
206,343
6,526
215,561
于报告日持有的以上资产项目于
损益中确认的未实现收益或(损失)
175
(85)
–
–
90
截至2025年6月30日止6个月期间和2024年度,本集团上述持续以公允价值计量的金融资产和金融负债各
层次之间没有发生重大转换。
截至2025年6月30日止6个月期间和2024年度,本集团上述持续以公允价值计量所使用的估值技术并未发
生重大变更。
(iii)
未以公允价值计量的金融资产和金融负债
(1)
金融资产
本集团未以公允价值计量的金融资产主要包括存放中央银行款项、存放同业和其他金融机构款项、拆出
资金、买入返售金融资产、以摊余成本计量的债务工具投资以及以摊余成本计量的贷款和垫款。
除以摊余成本计量的贷款和垫款及以摊余成本计量的债务工具投资外,未以公允价值计量的金融资产大
部分于一年之内到期,其",600036.SH,招商银行,2025-06-30,2025,半年报,招商银行2025半年报,招商银行2025半年报.pdf,C:\Users\Administrator\Desktop\financial-poc\data\raw\pdf\招商银行2025半年报.pdf,,,,590,679,资产负债表,205,205,219,资产负债表
600036_SH_pdf_招商银行2025半年报_pdf_e6770b40_chunk_591,pdf,pdf,"资金、买入返售金融资产、以摊余成本计量的债务工具投资以及以摊余成本计量的贷款和垫款。
除以摊余成本计量的贷款和垫款及以摊余成本计量的债务工具投资外,未以公允价值计量的金融资产大
部分于一年之内到期,其账面值接近公允价值。
以摊余成本计量的贷款和垫款以摊余成本扣除损失/减值准备列账(附注9)。由于大部分以摊余成本计
量的贷款和垫款按贷款基准利率定价,至少每年按市场利率重定价一次,减值贷款已扣除损失准备以反
映其可回收金额,因此以摊余成本计量的贷款和垫款的公允价值与账面值接近。
以摊余成本计量的债务工具投资以摊余成本扣除减值准备列账,其中涉及的上市债券投资的公允价值已
披露于附注11。
217
第八章 财务报告
招商银行股份有限公司
2025年半年度报告(A股)
49. 风险管理(续)
(g) 公允价值(续)
(iii)
未以公允价值计量的金融资产和金融负债(续)
(1)
金融资产(续)
下表列示了未以公允价值计量的以摊余成本计量的债务工具投资的账面价值、公允价值以及公允价值层
次的披露:
其中,第一层次公允价值计量依据为采用彭博等发布的活跃市场报价的债券;第二层次公允价值计量项
目中,人",600036.SH,招商银行,2025-06-30,2025,半年报,招商银行2025半年报,招商银行2025半年报.pdf,C:\Users\Administrator\Desktop\financial-poc\data\raw\pdf\招商银行2025半年报.pdf,,,,591,679,资产负债表,205,205,219,资产负债表
600036_SH_pdf_招商银行2025半年报_pdf_e6770b40_chunk_592,pdf,pdf,"列示了未以公允价值计量的以摊余成本计量的债务工具投资的账面价值、公允价值以及公允价值层
次的披露:
其中,第一层次公允价值计量依据为采用彭博等发布的活跃市场报价的债券;第二层次公允价值计量项
目中,人民币债券采用中国债券信息网最新发布的估值结果确定其公允价值,对于没有活跃市场报价的
外币债券采用彭博发布的综合估值;第三层次公允价值为采用预期现金流回收的估值方法。
本集团
2025年6月30日
账面价值
公允价值
第一层次
第二层次
第三层次
以摊余成本计量的债务工具投资
1,986,403
2,101,314
66,113
1,977,650
57,551
2024年12月31日
账面价值
公允价值
第一层次
第二层次
第三层次
以摊余成本计量的债务工具投资
1,920,461
2,066,244
71,429
1,913,893
80,922
注:
以上金融资产不包含应计利息。
(2)
金融负债
本集团未以公允价值计量的金融负债主要包括客户存款、同业和其他金融机构存放及拆入款项、卖出回
购金融资产款和本集团发行的债券。除以下的金融负债外,其他金融负债于各资产负债表日的账面值接
近公允",600036.SH,招商银行,2025-06-30,2025,半年报,招商银行2025半年报,招商银行2025半年报.pdf,C:\Users\Administrator\Desktop\financial-poc\data\raw\pdf\招商银行2025半年报.pdf,,,,592,679,资产负债表,205,205,219,资产负债表
600036_SH_pdf_招商银行2025半年报_pdf_e6770b40_chunk_593,pdf,pdf,"金融负债
本集团未以公允价值计量的金融负债主要包括客户存款、同业和其他金融机构存放及拆入款项、卖出回
购金融资产款和本集团发行的债券。除以下的金融负债外,其他金融负债于各资产负债表日的账面值接
近公允价值。
2025年6月30日
账面价值
公允价值
第一层次
第二层次
第三层次
已发行债券
91,080
90,834
–
90,834
–
2024年12月31日
账面价值
公允价值
第一层次
第二层次
第三层次
已发行债券
85,003
84,438
–
84,438
–
注:
以上金融负债不包含应计利息。
218
第八章 财务报告
招商银行股份有限公司
2025年半年度报告(A股)",600036.SH,招商银行,2025-06-30,2025,半年报,招商银行2025半年报,招商银行2025半年报.pdf,C:\Users\Administrator\Desktop\financial-poc\data\raw\pdf\招商银行2025半年报.pdf,,,,593,679,资产负债表,205,205,219,资产负债表
600036_SH_pdf_招商银行2025半年报_pdf_e6770b40_chunk_594,pdf,pdf,"50. 现金流量表补充说明
(a) 将净利润调整为经营活动的现金流量:
本集团
本行
截至6月30日止6个月期间
截至6月30日止6个月期间
2025年
2024年
2025年
2024年
净利润
75,405
75,379
67,222
70,807
调整:
计提贷款和垫款损失准备
23,341
25,433
22,454
23,210
计提投资及其他减值损失
1,293
1,503
1,080
1,570
固定资产及投资性房地产折旧
5,508
5,235
1,764
1,738
使用权资产折旧摊销
1,909
1,981
1,801
1,871
无形资产摊销
326
464
240
372
长期待摊费用摊销
397
465
389
441
固定资产及其他资产处置净收益
(505)
(45)
(9)
(5)
公允价值变动和未实现汇兑损益
3,679
(5,511)
4,567
(6,983)
投资收益
(21,564)
(18,904)
(20,507)
(17,539)
投资利息收入
(44,933)
(41,585)
(40,753)
(38,370)
债券利息支出
2,923",600036.SH,招商银行,2025-06-30,2025,半年报,招商银行2025半年报,招商银行2025半年报.pdf,C:\Users\Administrator\Desktop\financial-poc\data\raw\pdf\招商银行2025半年报.pdf,,,,594,679,现金流量表,219,219,222,现金流量表
600036_SH_pdf_招商银行2025半年报_pdf_e6770b40_chunk_595,pdf,pdf,"83)
投资收益
(21,564)
(18,904)
(20,507)
(17,539)
投资利息收入
(44,933)
(41,585)
(40,753)
(38,370)
债券利息支出
2,923
3,880
1,652
2,612
租赁负债利息支出
214
241
204
224
已减值贷款和垫款损失准备折现回拨
(66)
(124)
(73)
(109)
递延所得税变动
(3,302)
(1,017)
(2,925)
(897)
经营性应收项目的增加
(364,175)
(298,526)
(328,630)
(277,768)
经营性应付项目的增加
454,011
359,311
388,376
306,743
经营活动产生的现金流量净额
134,461
108,180
96,852
67,917
(b) 现金及现金等价物包括以下项目(原到期日均在3个月以内):
本集团
本行
2025年6月30日2024年6月30日2025年6月30日2024年6月30日
现金及存放中央银行款项
72,214
77,773
63,241
76,914
存放同业和其他金融机构款项
132,71",600036.SH,招商银行,2025-06-30,2025,半年报,招商银行2025半年报,招商银行2025半年报.pdf,C:\Users\Administrator\Desktop\financial-poc\data\raw\pdf\招商银行2025半年报.pdf,,,,595,679,现金流量表,219,219,222,现金流量表
600036_SH_pdf_招商银行2025半年报_pdf_e6770b40_chunk_596,pdf,pdf,"025年6月30日2024年6月30日2025年6月30日2024年6月30日
现金及存放中央银行款项
72,214
77,773
63,241
76,914
存放同业和其他金融机构款项
132,712
116,579
104,159
83,648
拆出资金
127,281
118,538
114,459
96,065
买入返售金融资产
270,739
307,022
266,398
305,618
金融投资及票据贴现
91,975
115,994
88,510
111,995
现金及现金等价物合计
694,921
735,906
636,767
674,240
219
第八章 财务报告
招商银行股份有限公司
2025年半年度报告(A股)
50. 现金流量表补充说明(续)
(c)
现金及现金等价物净(减少)/增加情况:
本集团
本行
截至6月30日止6个月期间
截至6月30日止6个月期间
2025年
2024年
2025年
2024年
现金的期末余额
14,421
14,836
14,055
14,514
减:现金的期初余额
(16,622)
(14,931)
(16,119)
(14",600036.SH,招商银行,2025-06-30,2025,半年报,招商银行2025半年报,招商银行2025半年报.pdf,C:\Users\Administrator\Desktop\financial-poc\data\raw\pdf\招商银行2025半年报.pdf,,,,596,679,现金流量表,219,219,222,现金流量表
600036_SH_pdf_招商银行2025半年报_pdf_e6770b40_chunk_597,pdf,pdf,"2025年
2024年
2025年
2024年
现金的期末余额
14,421
14,836
14,055
14,514
减:现金的期初余额
(16,622)
(14,931)
(16,119)
(14,499)
现金等价物的期末余额
680,500
721,070
622,712
659,726
减:现金等价物的期初余额
(739,905)
(584,088)
(699,876)
(543,952)
现金及现金等价物净(减少)/增加额
(61,606)
136,887
(79,228)
115,789
(d) 重大非现金交易
本期间,本集团无重大非现金交易(截至2024年6月30日止6个月期间:无)。
(e) 筹资活动引起的负债变动
下表列示了筹资活动引起的负债变动,包括现金变动和非现金变动。筹资活动引起的负债是在集团现金流量表中
分类为筹资活动的负债。
本集团
同业存单
存款证
及其他
债券(注)
债券
应计利息
应付股利
其他
金融负债
租赁负债
合计
2025年1月1日余额
89,186
47,394
90,570
1,338
26
35,782
12,778
277,074
现",600036.SH,招商银行,2025-06-30,2025,半年报,招商银行2025半年报,招商银行2025半年报.pdf,C:\Users\Administrator\Desktop\financial-poc\data\raw\pdf\招商银行2025半年报.pdf,,,,597,679,现金流量表,219,219,222,现金流量表
600036_SH_pdf_招商银行2025半年报_pdf_e6770b40_chunk_598,pdf,pdf,"债券(注)
债券
应计利息
应付股利
其他
金融负债
租赁负债
合计
2025年1月1日余额
89,186
47,394
90,570
1,338
26
35,782
12,778
277,074
现金变动:
本期发行
22,917
35,668
16,406
–
–
9,982
–
84,973
本期偿还
(90,190)
(33,953)
(9,933)
–
–
(14,363)
(2,205)
(150,644)
本期支付利息/股利
–
–
–
(2,388)
(297)
–
–
(2,685)
非现金变动:
本期租赁负债新增
–
–
–
–
–
–
1,320
1,320
本期计提利息
–
–
–
2,360
–
–
214
2,574
宣告股利
–
–
–
–
50,737
–
–
50,737
折溢价摊销
542
18
3
–
–
–
–
563
公允价值变动
–
–
104
–
–
945
–
1,049
其他
–
–
–
–
–
8,028
–
8,028
汇率变动
–
(642)
(480)
–
–
(12)
–
(1,134)
2025年6月30日余额
22,455",600036.SH,招商银行,2025-06-30,2025,半年报,招商银行2025半年报,招商银行2025半年报.pdf,C:\Users\Administrator\Desktop\financial-poc\data\raw\pdf\招商银行2025半年报.pdf,,,,598,679,现金流量表,219,219,222,现金流量表
600036_SH_pdf_招商银行2025半年报_pdf_e6770b40_chunk_599,pdf,pdf,"–
–
945
–
1,049
其他
–
–
–
–
–
8,028
–
8,028
汇率变动
–
(642)
(480)
–
–
(12)
–
(1,134)
2025年6月30日余额
22,455
48,485
96,670
1,310
50,466
40,362
12,107
271,855
220
第八章 财务报告
招商银行股份有限公司
2025年半年度报告(A股)
50. 现金流量表补充说明(续)
(e) 筹资活动引起的负债变动(续)
本集团
同业存单
存款证及
其他(注)
债券(注)
债券
应计利息
应付股利
其他
金融负债
租赁负债
合计
2024年1月1日余额
21,443
34,340
124,372
1,814
26
32,616
12,675
227,286
现金变动:
本期发行
142,353
26,241
16,742
–
–
1,069
–
186,405
本期偿还
(22,903)
(24,133)
(40,952)
–
–
(7,893)
(2,315)
(98,196)
本期支付利息/股利
–
–
–
(2,493)
(377)
–
–
(2,870)",600036.SH,招商银行,2025-06-30,2025,半年报,招商银行2025半年报,招商银行2025半年报.pdf,C:\Users\Administrator\Desktop\financial-poc\data\raw\pdf\招商银行2025半年报.pdf,,,,599,679,现金流量表,219,219,222,现金流量表
600036_SH_pdf_招商银行2025半年报_pdf_e6770b40_chunk_600,pdf,pdf,"偿还
(22,903)
(24,133)
(40,952)
–
–
(7,893)
(2,315)
(98,196)
本期支付利息/股利
–
–
–
(2,493)
(377)
–
–
(2,870)
非现金变动:
本期租赁负债新增
–
–
–
–
–
–
2,530
2,530
本期计提利息
–
–
–
2,407
–
–
241
2,648
宣告股利
–
–
–
–
50,111
–
–
50,111
折溢价摊销
1,214
252
7
–
–
–
–
1,473
公允价值变动
–
1
77
–
–
(285)
–
(207)
汇率变动
–
248
680
–
–
39
–
967
2024年6月30日余额
142,107
36,949
100,926
1,728
49,760
25,546
13,131
370,147
本行
同业存单
存款证
及其他
债券(注)
债券
应计利息
应付股利
租赁负债
合计
2025年1月1日余额
89,186
28,230
43,936
506
26
12,294
174,178
现金变动:
本期发行
22,917
25,149
10,000
–",600036.SH,招商银行,2025-06-30,2025,半年报,招商银行2025半年报,招商银行2025半年报.pdf,C:\Users\Administrator\Desktop\financial-poc\data\raw\pdf\招商银行2025半年报.pdf,,,,600,679,现金流量表,219,219,222,现金流量表
600036_SH_pdf_招商银行2025半年报_pdf_e6770b40_chunk_601,pdf,pdf,"股利
租赁负债
合计
2025年1月1日余额
89,186
28,230
43,936
506
26
12,294
174,178
现金变动:
本期发行
22,917
25,149
10,000
–
–
–
58,066
本期偿还
(90,190)
(23,549)
(7,870)
–
–
(2,053)
(123,662)
本期支付利息/股利
–
–
–
(1,163)
–
–
(1,163)
非现金变动:
本期租赁负债新增
–
–
–
–
–
1,223
1,223
本期计提利息
–
–
–
1,096
–
204
1,300
宣告股利
–
–
–
–
50,440
–
50,440
折溢价摊销
542
20
(6)
–
–
–
556
公允价值变动
–
–
107
–
–
–
107
汇率变动
–
(291)
(365)
–
–
–
(656)
2025年6月30日余额
22,455
29,559
45,802
439
50,466
11,668
160,389
221
第八章 财务报告
招商银行股份有限公司
2025年半年度报告(A股)
50. 现金流量表补充说明(续)
(e)",600036.SH,招商银行,2025-06-30,2025,半年报,招商银行2025半年报,招商银行2025半年报.pdf,C:\Users\Administrator\Desktop\financial-poc\data\raw\pdf\招商银行2025半年报.pdf,,,,601,679,现金流量表,219,219,222,现金流量表
600036_SH_pdf_招商银行2025半年报_pdf_e6770b40_chunk_602,pdf,pdf,"29,559
45,802
439
50,466
11,668
160,389
221
第八章 财务报告
招商银行股份有限公司
2025年半年度报告(A股)
50. 现金流量表补充说明(续)
(e) 筹资活动引起的负债变动(续)
本行
同业存单
存款证及
其他(注)
债券(注)
债券
应计利息
应付股利
租赁负债
合计
2024年1月1日余额
21,443
17,721
73,134
1,093
26
12,039
125,456
现金变动:
本期发行
142,353
16,525
5,000
–
–
–
163,878
本期偿还
(22,903)
(15,176)
(30,000)
–
–
(2,130)
(70,209)
本期支付利息/股利
–
–
–
(1,488)
–
–
(1,488)
非现金变动:
本期租赁负债新增
–
–
–
–
–
2,409
2,409
本期计提利息
–
–
–
1,157
–
224
1,381
宣告股利
–
–
–
–
49,734
–
49,734
折溢价摊销
1,214
242
(1)
–
–
–
1,455
公允价值变动
–
1
77
–",600036.SH,招商银行,2025-06-30,2025,半年报,招商银行2025半年报,招商银行2025半年报.pdf,C:\Users\Administrator\Desktop\financial-poc\data\raw\pdf\招商银行2025半年报.pdf,,,,602,679,现金流量表,219,219,222,现金流量表
600036_SH_pdf_招商银行2025半年报_pdf_e6770b40_chunk_603,pdf,pdf,"–
–
1,157
–
224
1,381
宣告股利
–
–
–
–
49,734
–
49,734
折溢价摊销
1,214
242
(1)
–
–
–
1,455
公允价值变动
–
1
77
–
–
–
78
汇率变动
–
(140)
319
–
–
–
179
2024年6月30日余额
142,107
19,173
48,529
762
49,760
12,542
272,873
注:
该列金额包括指定为以公允价值计量且其变动计入当期损益的金融负债。
51. 金融资产转移
在日常业务中,本集团进行的某些交易会将已确认的金融资产转让给第三方或结构化实体。这些金融资产转让若
全部或部分符合终止确认条件,相关金融资产全部或部分终止确认。当本集团保留了已转让资产的几乎所有的风",600036.SH,招商银行,2025-06-30,2025,半年报,招商银行2025半年报,招商银行2025半年报.pdf,C:\Users\Administrator\Desktop\financial-poc\data\raw\pdf\招商银行2025半年报.pdf,,,,603,679,现金流量表,219,219,222,现金流量表
600036_SH_pdf_招商银行2025半年报_pdf_e6770b40_chunk_604,pdf,pdf,"险与报酬时,相关金融资产转让不符合终止确认的条件,本集团继续在资产负债表中确认上述资产。
信贷资产证券化
本集团开展了将信贷资产出售给特殊目的信托,再由特殊目的信托向投资者发行资产支持证券的资产证券化业
务。本集团在该等信贷资产转让业务中可能会持有部分次级档投资,从而对所转让信贷资产保留了部分风险和报
酬。本集团会按照风险和报酬的保留程度,分析判断是否终止确认相关信贷资产。
对于符合终止确认条件的信贷资产证券化,本集团全部终止确认已转移的信贷资产。本期本集团通过该等信贷
资产证券化交易转让的贷款价值为人民币14,621百万元(截至2024年6月30日止6个月期间:人民币10,148百万
元),从而转移了贷款所有权的绝大部分风险及回报,本集团已终止确认该等证券化贷款的全部金额。
222
第八章 财务报告
招商银行股份有限公司
2025年半年度报告(A股)
51. 金融资产转移(续)
信贷资产证券化(续)
对于既没有转移也没有保留与所转让信贷资产所有权有关的几乎所有风险和报酬,且保留了对该信贷资产的控",600036.SH,招商银行,2025-06-30,2025,半年报,招商银行2025半年报,招商银行2025半年报.pdf,C:\Users\Administrator\Desktop\financial-poc\data\raw\pdf\招商银行2025半年报.pdf,,,,604,679,资产负债表,222,222,223,资产负债表
600036_SH_pdf_招商银行2025半年报_pdf_e6770b40_chunk_605,pdf,pdf,"制,本集团合并资产负债表上会按照本集团的继续涉入程度确认该项资产,其余部分终止确认。继续涉入所转
让金融资产的程度,是指本集团承担的被转移金融资产价值变动风险或报酬的程度。本期本集团新增继续涉入的
证券化信贷资产为零(截至2024年6月30日止6个月期间为零)。于2025年6月30日,本集团继续涉入的资产和负
债均为人民币5,274百万元(2024年12月31日:人民币5,274百万元),分别列示于本集团的其他资产和其他负债
中。
信贷资产的转让
截至2025年6月30日止6个月期间,本集团直接向第三方转让信贷资产为零(不含资产证券化)
(截至2024年6月
30日止6个月期间为零)。本集团认为已转让该等贷款所有权的绝大部分风险及报酬,本集团已终止确认该等贷
款的全部金额。
卖出回购交易及证券借出交易
全部未终止确认的已转让金融资产主要为卖出回购交易中作为抵质押物交付给交易对手的证券或票据及证券借出
交易中借出的证券,此种交易下交易对手在本集团无任何违约的情况下,可以将上述证券出售或再次用于担保,
但同时需承担在协议规定的到期日将上述证券归还于本集团的义务。对于上述交易,本集团认为本集",600036.SH,招商银行,2025-06-30,2025,半年报,招商银行2025半年报,招商银行2025半年报.pdf,C:\Users\Administrator\Desktop\financial-poc\data\raw\pdf\招商银行2025半年报.pdf,,,,605,679,资产负债表,223,223,226,合并资产负债表
600036_SH_pdf_招商银行2025半年报_pdf_e6770b40_chunk_606,pdf,pdf,"及证券借出
交易中借出的证券,此种交易下交易对手在本集团无任何违约的情况下,可以将上述证券出售或再次用于担保,
但同时需承担在协议规定的到期日将上述证券归还于本集团的义务。对于上述交易,本集团认为本集团保留了相
关证券的几乎所有的风险和报酬,故未对相关证券进行终止确认。同时,本集团将收到的作为抵押品的现金确认
为一项金融负债。
223
第八章 财务报告
招商银行股份有限公司
2025年半年度报告(A股)
52. 关联方关系及交易
(a) 主要关联方概况
(i)
本行主要股东及其母公司和本行控股子公司
各公司主要情况
企业名称
注册地址
注册资本
对本行
持有股数
对本行
的持股比例
本行
持股比例
主营业务
与本行关系
经济性质
或类型
法定
代表人
招商局集团有限公司
北京
人民币
16,900百万元
7,559,427,375
29.97%
(注(i,vi))
–
运输、代理、仓储服务、
租赁、制造、修理、承
包施工、销售、组织管
理
大股东之
母公司
有限公司
缪建民
其中:招商局轮船有限公司
北京
人民币
17,000百万元
3,289,470,337
13.04%(注(ii)",600036.SH,招商银行,2025-06-30,2025,半年报,招商银行2025半年报,招商银行2025半年报.pdf,C:\Users\Administrator\Desktop\financial-poc\data\raw\pdf\招商银行2025半年报.pdf,,,,606,679,资产负债表,223,223,226,合并资产负债表
600036_SH_pdf_招商银行2025半年报_pdf_e6770b40_chunk_607,pdf,pdf,"、
租赁、制造、修理、承
包施工、销售、组织管
理
大股东之
母公司
有限公司
缪建民
其中:招商局轮船有限公司
北京
人民币
17,000百万元
3,289,470,337
13.04%(注(ii))
–
运输、修理、建造、销售
采购供应、代理
大股东
有限公司
缪建民
深圳市晏清投资发展有限公司
深圳
人民币
600百万元
1,258,542,349
4.99%
–
投资兴办实业、国内商
业、物资供销业
股东
有限公司
孙献
深圳市楚源投资发展有限公司
深圳
人民币
600百万元
944,013,171
3.74%
–
投资兴办实业、国内商
业、物资供销业
股东
有限公司
孙献
招商局金融控股有限公司
深圳
人民币
7,778百万元
1,147,377,415
4.55%
–
金融控股公司业务
股东
有限公司
缪建民
Best Winner Investment Ltd.
英属维尔京群岛
美元1元
386,924,063
1.53%
–
–
股东
股份有限公司
–
China Merchants Union (BVI) Limited
英属维尔京群岛
美元0.06百万元
477,9",600036.SH,招商银行,2025-06-30,2025,半年报,招商银行2025半年报,招商银行2025半年报.pdf,C:\Users\Administrator\Desktop\financial-poc\data\raw\pdf\招商银行2025半年报.pdf,,,,607,679,资产负债表,223,223,226,合并资产负债表
600036_SH_pdf_招商银行2025半年报_pdf_e6770b40_chunk_608,pdf,pdf,"岛
美元1元
386,924,063
1.53%
–
–
股东
股份有限公司
–
China Merchants Union (BVI) Limited
英属维尔京群岛
美元0.06百万元
477,903,500
1.89%
–
–
股东
有限公司
–
招商局实业发展(深圳)
有限公司
深圳
美元10百万元
55,196,540
0.22%
–
投资兴办工业和其它实
业、企业管理及投资咨
询
股东
有限公司
王效钉
中国远洋海运集团有限公司
上海
人民币
11,000百万元
2,515,193,034
9.97%(注(iii))
–
国际船舶运输、国际海运
辅助业务、从事货物及
技术的进出口业务、国
际货运代理业务
股东之
母公司
有限公司
万敏
其中:中国远洋运输有限公司
北京
人民币
16,191百万元
1,574,729,111
6.24%
–
运输业务、租赁业务、船
舶购销业务、仓储业务
股东
有限公司
万敏
中远海运(广州)有限公司
广州
人民币
3,191百万元
696,450,214
2.76%
–
水上运输业
股东
有限公司
张安铭
广州中远海运海宁科技有限公司
广州",600036.SH,招商银行,2025-06-30,2025,半年报,招商银行2025半年报,招商银行2025半年报.pdf,C:\Users\Administrator\Desktop\financial-poc\data\raw\pdf\招商银行2025半年报.pdf,,,,608,679,资产负债表,223,223,226,合并资产负债表
600036_SH_pdf_招商银行2025半年报_pdf_e6770b40_chunk_609,pdf,pdf,"储业务
股东
有限公司
万敏
中远海运(广州)有限公司
广州
人民币
3,191百万元
696,450,214
2.76%
–
水上运输业
股东
有限公司
张安铭
广州中远海运海宁科技有限公司
广州
人民币52百万元
103,552,616
0.41%
–
商务服务业
股东
有限公司
陈建尧
中远海运(上海)有限公司
上海
人民币
1,399百万元
75,617,340
0.30%
–
运输业务、租赁业务、船
舶修造业务
股东
有限公司
赵邦涛
中远海运投资控股有限公司
香港
港币500百万元
54,721,930
0.22%
–
租赁业务、金融业务、保
险业务
股东
有限公司
张铭文
广州市三鼎油品运输有限公司
广州
人民币299百万元
10,121,823
0.04%
–
购销业务、货运代理业
务、船舶租赁业务、运
输业务
股东
有限公司
刘文保
中国交通建设集团有限公司
北京
人民币
7,274百万元
406,670,418
1.61%(注(iv))
–
建设项目总承包
股东之
母公司
有限公司
宋海良
其中:中国交通建设股份有限公司
北京
人民币
16,166百万元
201,0",600036.SH,招商银行,2025-06-30,2025,半年报,招商银行2025半年报,招商银行2025半年报.pdf,C:\Users\Administrator\Desktop\financial-poc\data\raw\pdf\招商银行2025半年报.pdf,,,,609,679,资产负债表,223,223,226,合并资产负债表
600036_SH_pdf_招商银行2025半年报_pdf_e6770b40_chunk_610,pdf,pdf,"7,274百万元
406,670,418
1.61%(注(iv))
–
建设项目总承包
股东之
母公司
有限公司
宋海良
其中:中国交通建设股份有限公司
北京
人民币
16,166百万元
201,089,738
0.80%
–
建设项目总承包、租赁及
维修业务、技术咨询服
务、进出口业务、投资
与管理业务
股东
股份有限公司
宋海良
224
第八章 财务报告
招商银行股份有限公司
2025年半年度报告(A股)
52. 关联方关系及交易(续)
(a) 主要关联方概况(续)
(i)
本行主要股东及其母公司和本行控股子公司(续)
各公司主要情况(续)
企业名称
注册地址
注册资本
对本行
持有股数
对本行
的持股比例
本行
持股比例
主营业务
与本行关系
经济性质
或类型
法定
代表人
上海汽车工业(集团)有限公司
上海
人民币
21,749百万元
310,125,822
1.23%(注(v))
–
机动车辆生产购销业务;
国有资产经营与管理业
务;国内贸易业务、咨
询服务
股东之母公司
有限公司
王晓秋
其中:上海汽车集团股份有限公司
上海
人民币
11,575百万元
310,125,8",600036.SH,招商银行,2025-06-30,2025,半年报,招商银行2025半年报,招商银行2025半年报.pdf,C:\Users\Administrator\Desktop\financial-poc\data\raw\pdf\招商银行2025半年报.pdf,,,,610,679,资产负债表,223,223,226,合并资产负债表
600036_SH_pdf_招商银行2025半年报_pdf_e6770b40_chunk_611,pdf,pdf,")
–
机动车辆生产购销业务;
国有资产经营与管理业
务;国内贸易业务、咨
询服务
股东之母公司
有限公司
王晓秋
其中:上海汽车集团股份有限公司
上海
人民币
11,575百万元
310,125,822
1.23%
–
机动车生产购销业务、咨
询服务、进出口业务
股东
股份有限公司
王晓秋
招银国际金融控股有限公司
香港
港币
4,129百万元
–
–
100.00%
投行及投资管理
子公司
有限公司
王良
招银金融租赁有限公司
上海
人民币
18,000百万元
–
–
100.00%
融资租赁
子公司
有限公司
钟德胜
招商永隆银行有限公司
香港
港币
1,161百万元
–
–
100.00%
银行业务
子公司
有限公司
王良
招商基金管理有限公司
深圳
人民币
1,310百万元
–
–
55.00%
基金管理
子公司
有限公司
王小青
招银理财有限责任公司
深圳
人民币
5,556百万元
–
–
90.00%
资产管理
子公司
有限公司
吴涧兵
招商银行(欧洲)有限公司
卢森堡
欧元
100百万元
–
–
100.00%
银行业务
子公司
有限公司
薛斐
招商信诺资产管理有限公司",600036.SH,招商银行,2025-06-30,2025,半年报,招商银行2025半年报,招商银行2025半年报.pdf,C:\Users\Administrator\Desktop\financial-poc\data\raw\pdf\招商银行2025半年报.pdf,,,,611,679,资产负债表,223,223,226,合并资产负债表
600036_SH_pdf_招商银行2025半年报_pdf_e6770b40_chunk_612,pdf,pdf,"万元
–
–
90.00%
资产管理
子公司
有限公司
吴涧兵
招商银行(欧洲)有限公司
卢森堡
欧元
100百万元
–
–
100.00%
银行业务
子公司
有限公司
薛斐
招商信诺资产管理有限公司
北京
人民币
500百万元
–
–
详见附注14
注(vii)
资产管理
子公司
有限公司
王小青
注:
(i)
招商局集团有限公司(“招商局集团”)于2025年6月30日通过其子公司间接持有本行29.97%(2024年12月31日:29.97%)的股份。
(ii)
招商局轮船有限公司(“招商局轮船”)是招商局集团的子公司,于2025年6月30日其持有本行13.04%的股份(2024年12月31日:
13.04%),为本行第一大股东。
(iii)
中国远洋海运集团有限公司(“中国远洋海运集团”)于2025年6月30日通过其子公司间接持有本行9.97%(2024年12月31日:9.97%)的
股份。
(iv)
中国交通建设集团有限公司(“中国交通建设集团”)于2025年6月30日通过其子公司间接持有本行1.61%(2024年12月31日:1.61%)的
股份。
(v)
上海汽车工业(集团)",600036.SH,招商银行,2025-06-30,2025,半年报,招商银行2025半年报,招商银行2025半年报.pdf,C:\Users\Administrator\Desktop\financial-poc\data\raw\pdf\招商银行2025半年报.pdf,,,,612,679,资产负债表,223,223,226,合并资产负债表
600036_SH_pdf_招商银行2025半年报_pdf_e6770b40_chunk_613,pdf,pdf,"股份。
(iv)
中国交通建设集团有限公司(“中国交通建设集团”)于2025年6月30日通过其子公司间接持有本行1.61%(2024年12月31日:1.61%)的
股份。
(v)
上海汽车工业(集团)有限公司(“上海汽车工业集团”)于2025年6月30日通过其子公司间接持有本行1.23%(2024年12月31日:1.23%)
的股份。
(vi)
招商局集团对本行的持股比例与以上部分相关数直接相加之和在尾数上可能略有差异,系四舍五入所致。
225
第八章 财务报告
招商银行股份有限公司
2025年半年度报告(A股)
52. 关联方关系及交易(续)
(a) 主要关联方概况(续)
(i)
本行主要股东及其母公司和本行控股子公司(续)
各公司的注册资本及其变化
单位:元
关联方名称
2025年6月30日
2024年12月31日
招商局集团
人民币
16,900,000,000
人民币
16,900,000,000
招商局轮船
人民币
17,000,000,000
人民币
17,000,000,000
深圳市晏清投资发展有限公司
人民币
600,000,000
人民币
600,000,000
深",600036.SH,招商银行,2025-06-30,2025,半年报,招商银行2025半年报,招商银行2025半年报.pdf,C:\Users\Administrator\Desktop\financial-poc\data\raw\pdf\招商银行2025半年报.pdf,,,,613,679,资产负债表,223,223,226,合并资产负债表
600036_SH_pdf_招商银行2025半年报_pdf_e6770b40_chunk_614,pdf,pdf,",000,000
招商局轮船
人民币
17,000,000,000
人民币
17,000,000,000
深圳市晏清投资发展有限公司
人民币
600,000,000
人民币
600,000,000
深圳市楚源投资发展有限公司
人民币
600,000,000
人民币
600,000,000
招商局金融控股有限公司
人民币
7,778,000,000
人民币
7,778,000,000
Best Winner Investment Ltd.
美元
1
美元
1
China Merchants Union (BVI) Limited
美元
60,000
美元
60,000
招商局实业发展(深圳)有限公司
美元
10,000,000
美元
10,000,000
中国远洋海运集团
人民币
11,000,000,000
人民币
11,000,000,000
中国远洋运输有限公司
人民币
16,191,351,300
人民币
16,191,351,300
中远海运(广州)有限公司
人民币
3,191,200,000
人民币
3,191,200,000
广州中远海运海宁科技有限公司
人民币
52,00",600036.SH,招商银行,2025-06-30,2025,半年报,招商银行2025半年报,招商银行2025半年报.pdf,C:\Users\Administrator\Desktop\financial-poc\data\raw\pdf\招商银行2025半年报.pdf,,,,614,679,资产负债表,223,223,226,合并资产负债表
600036_SH_pdf_招商银行2025半年报_pdf_e6770b40_chunk_615,pdf,pdf,"351,300
人民币
16,191,351,300
中远海运(广州)有限公司
人民币
3,191,200,000
人民币
3,191,200,000
广州中远海运海宁科技有限公司
人民币
52,000,000
人民币
52,000,000
中远海运(上海)有限公司
人民币
1,398,941,000
人民币
1,398,941,000
中远海运投资控股有限公司
港币
500,000,000
港币
500,000,000
广州市三鼎油品运输有限公司
人民币
299,020,000
人民币
299,020,000
中国交通建设集团
人民币
7,274,023,830
人民币
7,274,023,830
中国交通建设股份有限公司
人民币
16,165,711,425
人民币
16,165,711,425
上海汽车工业集团
人民币
21,749,175,737
人民币
21,749,175,737
上海汽车集团股份有限公司
人民币
11,575,299,445
人民币
11,575,299,445
招银国际金融控股有限公司
港币
4,129,000,000
港币
4,129,000,000",600036.SH,招商银行,2025-06-30,2025,半年报,招商银行2025半年报,招商银行2025半年报.pdf,C:\Users\Administrator\Desktop\financial-poc\data\raw\pdf\招商银行2025半年报.pdf,,,,615,679,资产负债表,223,223,226,合并资产负债表
600036_SH_pdf_招商银行2025半年报_pdf_e6770b40_chunk_616,pdf,pdf,"7
上海汽车集团股份有限公司
人民币
11,575,299,445
人民币
11,575,299,445
招银国际金融控股有限公司
港币
4,129,000,000
港币
4,129,000,000
招银金融租赁有限公司
人民币
18,000,000,000
人民币
18,000,000,000
招商永隆银行有限公司
港币
1,160,950,575
港币
1,160,950,575
招商基金管理有限公司
人民币
1,310,000,000
人民币
1,310,000,000
招银理财有限责任公司
人民币
5,555,555,555
人民币
5,555,555,555
招商银行(欧洲)有限公司
欧元
100,000,000
欧元
100,000,000
招商信诺资产管理有限公司
人民币
500,000,000
人民币
500,000,000
(b) 交易条款
相关期间,本集团在其日常银行业务中与关联方进行交易,包括借贷、投资、存款、证券买卖、代理服务、托管",600036.SH,招商银行,2025-06-30,2025,半年报,招商银行2025半年报,招商银行2025半年报.pdf,C:\Users\Administrator\Desktop\financial-poc\data\raw\pdf\招商银行2025半年报.pdf,,,,616,679,资产负债表,223,223,226,合并资产负债表
600036_SH_pdf_招商银行2025半年报_pdf_e6770b40_chunk_617,pdf,pdf,"及其他受托业务及资产负债表外的交易。董事认为,本集团所有与关联方之重大交易均按一般的商业交易条款进
行。存贷款利率严格按照中国人民银行公布的存贷款利率管理规定执行,该等银行交易按各项交易当时的市场价
格定价。
本报告期内,本集团对给予关联方的贷款和垫款作出以整个存续期进行评估的损失准备的金额并不重大。
226
第八章 财务报告
招商银行股份有限公司
2025年半年度报告(A股)
52. 关联方关系及交易(续)
(c)
与本集团关联公司的交易余额
(i)
与招商局集团有限公司控制公司的交易余额(含第一大股东)
2025年6月30日
2024年12月31日
交易余额
占有关
同类交易
余额比例
交易余额
占有关
同类交易
余额比例
(%)
(%)
资产负债表内项目:
-贷款和垫款
66,385
0.93
58,843
0.85
-金融投资
2,857
0.07
7,580
0.21
-同业和其他金融机构存放款项
43,660
5.86
36,109
5.16
-客户存款
78,506
0.83
75,028
0.82
-租赁负债
171
1.41
186
1.46
资产负债表外项目:
-不",600036.SH,招商银行,2025-06-30,2025,半年报,招商银行2025半年报,招商银行2025半年报.pdf,C:\Users\Administrator\Desktop\financial-poc\data\raw\pdf\招商银行2025半年报.pdf,,,,617,679,资产负债表,226,226,254,资产负债表
600036_SH_pdf_招商银行2025半年报_pdf_e6770b40_chunk_618,pdf,pdf,"他金融机构存放款项
43,660
5.86
36,109
5.16
-客户存款
78,506
0.83
75,028
0.82
-租赁负债
171
1.41
186
1.46
资产负债表外项目:
-不可撤销的保函
9,143
2.68
8,748
2.66
-不可撤销的信用证
1,015
0.28
1,004
0.33
-不可撤销的贷款承诺
6,682
3.54
7,489
4.60
-承兑汇票
526
0.09
599
0.10
截至6月30日止6个月期间
2025年
2024年
交易金额
占有关
同类交易
金额比例
交易金额
占有关
同类交易
金额比例
(%)
(%)
利息收入
1,128
0.64
1,100
0.59
利息支出
(690)
0.97
(656)
0.79
净手续费及佣金收入
237
0.63
282
0.74
业务及管理费
(385)
0.75
(379)
0.74
其他净收入
62
0.24
73
0.23
227
第八章 财务报告
招商银行股份有限公司
2025年半年度报告(A股)
52. 关联方关系及交易(续)
(c)
与本集团关联公司的交易余额(续)
(",600036.SH,招商银行,2025-06-30,2025,半年报,招商银行2025半年报,招商银行2025半年报.pdf,C:\Users\Administrator\Desktop\financial-poc\data\raw\pdf\招商银行2025半年报.pdf,,,,618,679,资产负债表,226,226,254,资产负债表
600036_SH_pdf_招商银行2025半年报_pdf_e6770b40_chunk_619,pdf,pdf,"其他净收入
62
0.24
73
0.23
227
第八章 财务报告
招商银行股份有限公司
2025年半年度报告(A股)
52. 关联方关系及交易(续)
(c)
与本集团关联公司的交易余额(续)
(ii)
与其他持股5%以上和施加重大影响主要股东的交易余额
2025年6月30日
2024年12月31日
交易余额
占有关
同类交易
余额比例
交易余额
占有关
同类交易
余额比例
(%)
(%)
资产负债表内项目:
-拆出资金
400
0.08
–
–
-贷款和垫款
52,019
0.73
46,929
0.68
-金融投资
4,320
0.11
250
0.01
-同业和其他金融机构存放款项
1,653
0.22
4,439
0.63
-客户存款
25,320
0.27
24,718
0.27
-租赁负债
6
0.05
13
0.10
资产负债表外项目:
-不可撤销的保函
12,770
3.74
12,979
3.94
-不可撤销的信用证
4,498
1.22
4,349
1.42
-不可撤销的贷款承诺
1,000
0.53
1,000
0.61
-承兑汇票
4,466
0.78
5,",600036.SH,招商银行,2025-06-30,2025,半年报,招商银行2025半年报,招商银行2025半年报.pdf,C:\Users\Administrator\Desktop\financial-poc\data\raw\pdf\招商银行2025半年报.pdf,,,,619,679,资产负债表,226,226,254,资产负债表
600036_SH_pdf_招商银行2025半年报_pdf_e6770b40_chunk_620,pdf,pdf,".74
12,979
3.94
-不可撤销的信用证
4,498
1.22
4,349
1.42
-不可撤销的贷款承诺
1,000
0.53
1,000
0.61
-承兑汇票
4,466
0.78
5,398
0.92
截至6月30日止6个月期间
2025年
2024年
交易金额
占有关
同类交易
金额比例
交易金额
占有关
同类交易
金额比例
(%)
(%)
利息收入
827
0.47
747
0.40
利息支出
(105)
0.15
(220)
0.26
净手续费及佣金收入
113
0.30
113
0.29
业务及管理费
(1)
–
–
–
其他净收入
369
1.40
212
0.70
228
第八章 财务报告
招商银行股份有限公司
2025年半年度报告(A股)
52. 关联方关系及交易(续)
(c)
与本集团关联公司的交易余额(续)
(iii)
与董监事及高管控制、任职和可施加重大影响公司的交易余额
2025年6月30日
2024年12月31日
交易余额
占有关
同类交易
余额比例
交易余额
占有关
同类交易
余额比例
(%)
(%)
资产负债表内项目:
-贷款和垫款
1
–",600036.SH,招商银行,2025-06-30,2025,半年报,招商银行2025半年报,招商银行2025半年报.pdf,C:\Users\Administrator\Desktop\financial-poc\data\raw\pdf\招商银行2025半年报.pdf,,,,620,679,资产负债表,226,226,254,资产负债表
600036_SH_pdf_招商银行2025半年报_pdf_e6770b40_chunk_621,pdf,pdf,"影响公司的交易余额
2025年6月30日
2024年12月31日
交易余额
占有关
同类交易
余额比例
交易余额
占有关
同类交易
余额比例
(%)
(%)
资产负债表内项目:
-贷款和垫款
1
–
8,805
0.13
-同业和其他金融机构存放款项
1
–
1
–
-客户存款
13,329
0.14
14,362
0.16
资产负债表外项目:
-不可撤销的保函
–
–
6
–
-承兑汇票
–
–
3
–
截至6月30日止6个月期间
2025年
2024年
交易金额
占有关
同类交易
金额比例
交易金额
占有关
同类交易
金额比例
(%)
(%)
利息收入
–
–
216
0.11
利息支出
(217)
0.31
(81)
0.10
净手续费及佣金(支出)/收入
5
0.01
(4)
0.01
业务及管理费
(1,493)
2.92
(1,424)
2.77
其他净收入
13
0.05
–
–
229
第八章 财务报告
招商银行股份有限公司
2025年半年度报告(A股)
52. 关联方关系及交易(续)
(c)
与本集团关联公司的交易余额(续)
(iv)
与联营及合营企业的交易余额
20",600036.SH,招商银行,2025-06-30,2025,半年报,招商银行2025半年报,招商银行2025半年报.pdf,C:\Users\Administrator\Desktop\financial-poc\data\raw\pdf\招商银行2025半年报.pdf,,,,621,679,资产负债表,226,226,254,资产负债表
600036_SH_pdf_招商银行2025半年报_pdf_e6770b40_chunk_622,pdf,pdf,"–
229
第八章 财务报告
招商银行股份有限公司
2025年半年度报告(A股)
52. 关联方关系及交易(续)
(c)
与本集团关联公司的交易余额(续)
(iv)
与联营及合营企业的交易余额
2025年6月30日
2024年12月31日
交易余额
占有关
同类交易
余额比例
交易余额
占有关
同类交易
余额比例
(%)
(%)
资产负债表内项目:
-拆出资金
11,300
2.35
12,800
3.15
-贷款和垫款
6,273
0.09
6,459
0.09
-同业和其他金融机构存放款项
884
0.12
1,055
0.15
-客户存款
1,434
0.02
658
0.01
资产负债表外项目:
-不可撤销的保函
2
–
2
–
截至6月30日止6个月期间
2025年
2024年
交易金额
占有关
同类交易
金额比例
交易金额
占有关
同类交易
金额比例
(%)
(%)
利息收入
307
0.17
409
0.22
利息支出
(15)
0.02
(20)
0.02
净手续费及佣金收入
729
1.94
1,316
3.43
业务及管理费
(16)
0.03
(173)
0.3",600036.SH,招商银行,2025-06-30,2025,半年报,招商银行2025半年报,招商银行2025半年报.pdf,C:\Users\Administrator\Desktop\financial-poc\data\raw\pdf\招商银行2025半年报.pdf,,,,622,679,资产负债表,226,226,254,资产负债表
600036_SH_pdf_招商银行2025半年报_pdf_e6770b40_chunk_623,pdf,pdf,"307
0.17
409
0.22
利息支出
(15)
0.02
(20)
0.02
净手续费及佣金收入
729
1.94
1,316
3.43
业务及管理费
(16)
0.03
(173)
0.34
其他净收入
13
0.05
1
–
230
第八章 财务报告
招商银行股份有限公司
2025年半年度报告(A股)
52. 关联方关系及交易(续)
(d) 与本行关联公司的交易余额(不含子公司)
(i)
与招商局集团有限公司控制公司的交易余额(含第一大股东)
2025年6月30日
2024年12月31日
交易余额
占有关
同类交易
余额比例
交易余额
占有关
同类交易
余额比例
(%)
(%)
资产负债表内项目:
-贷款和垫款
55,871
0.83
52,393
0.80
-金融投资
2,653
0.07
7,397
0.22
-同业和其他金融机构存放款项
43,660
6.01
36,109
5.22
-客户存款
75,372
0.83
72,013
0.82
-租赁负债
171
1.47
186
1.51
资产负债表外项目:
-不可撤销的保函
9,047
2.68
8,748
2.",600036.SH,招商银行,2025-06-30,2025,半年报,招商银行2025半年报,招商银行2025半年报.pdf,C:\Users\Administrator\Desktop\financial-poc\data\raw\pdf\招商银行2025半年报.pdf,,,,623,679,资产负债表,226,226,254,资产负债表
600036_SH_pdf_招商银行2025半年报_pdf_e6770b40_chunk_624,pdf,pdf,"09
5.22
-客户存款
75,372
0.83
72,013
0.82
-租赁负债
171
1.47
186
1.51
资产负债表外项目:
-不可撤销的保函
9,047
2.68
8,748
2.68
-不可撤销的信用证
1,015
0.28
1,004
0.33
-不可撤销的贷款承诺
6,682
3.98
7,489
5.27
-承兑汇票
526
0.09
599
0.10
截至6月30日止6个月期间
2025年
2024年
交易金额
占有关
同类交易
金额比例
交易金额
占有关
同类交易
金额比例
(%)
(%)
利息收入
878
0.53
1,008
0.58
利息支出
(682)
1.11
(597)
0.82
净手续费及佣金收入
233
0.75
276
0.86
业务及管理费
(373)
0.79
(348)
0.73
其他净收入/(支出)
27
0.15
(1)
–
231
第八章 财务报告
招商银行股份有限公司
2025年半年度报告(A股)
52. 关联方关系及交易(续)
(d) 与本行关联公司的交易余额(不含子公司)
(续)
(ii)
与其他持股5%以上和施加重大",600036.SH,招商银行,2025-06-30,2025,半年报,招商银行2025半年报,招商银行2025半年报.pdf,C:\Users\Administrator\Desktop\financial-poc\data\raw\pdf\招商银行2025半年报.pdf,,,,624,679,资产负债表,226,226,254,资产负债表
600036_SH_pdf_招商银行2025半年报_pdf_e6770b40_chunk_625,pdf,pdf,"1
第八章 财务报告
招商银行股份有限公司
2025年半年度报告(A股)
52. 关联方关系及交易(续)
(d) 与本行关联公司的交易余额(不含子公司)
(续)
(ii)
与其他持股5%以上和施加重大影响主要股东的交易余额
2025年6月30日
2024年12月31日
交易余额
占有关
同类交易
余额比例
交易余额
占有关
同类交易
余额比例
(%)
(%)
资产负债表内项目:
-贷款和垫款
49,051
0.73
43,827
0.67
-金融投资
4,320
0.12
250
0.01
-同业和其他金融机构存放款项
1,653
0.23
4,439
0.64
-客户存款
25,063
0.28
24,412
0.28
-租赁负债
6
0.05
13
0.11
资产负债表外项目:
-不可撤销的保函
12,770
3.78
12,979
3.98
-不可撤销的信用证
4,498
1.23
4,349
1.43
-不可撤销的贷款承诺
1,000
0.60
1,000
0.70
-承兑汇票
4,466
0.78
5,398
0.92
截至6月30日止6个月期间
2025年
2024年
交易",600036.SH,招商银行,2025-06-30,2025,半年报,招商银行2025半年报,招商银行2025半年报.pdf,C:\Users\Administrator\Desktop\financial-poc\data\raw\pdf\招商银行2025半年报.pdf,,,,625,679,资产负债表,226,226,254,资产负债表
600036_SH_pdf_招商银行2025半年报_pdf_e6770b40_chunk_626,pdf,pdf,"4,349
1.43
-不可撤销的贷款承诺
1,000
0.60
1,000
0.70
-承兑汇票
4,466
0.78
5,398
0.92
截至6月30日止6个月期间
2025年
2024年
交易金额
占有关
同类交易
金额比例
交易金额
占有关
同类交易
金额比例
(%)
(%)
利息收入
725
0.44
663
0.38
利息支出
(105)
0.17
(198)
0.27
净手续费及佣金收入
112
0.36
113
0.35
业务及管理费
(1)
–
–
–
232
第八章 财务报告
招商银行股份有限公司
2025年半年度报告(A股)
52. 关联方关系及交易(续)
(d) 与本行关联公司的交易余额(不含子公司)
(续)
(iii)
与董监事及高管控制、任职和可施加重大影响公司的交易余额
2025年6月30日
2024年12月31日
交易余额
占有关
同类交易
余额比例
交易余额
占有关
同类交易
余额比例
(%)
(%)
资产负债表内项目:
-贷款和垫款
1
–
8,605
0.13
-同业和其他金融机构存放款项
1
–
1
–
-客户存款
13,329
0.15
14",600036.SH,招商银行,2025-06-30,2025,半年报,招商银行2025半年报,招商银行2025半年报.pdf,C:\Users\Administrator\Desktop\financial-poc\data\raw\pdf\招商银行2025半年报.pdf,,,,626,679,资产负债表,226,226,254,资产负债表
600036_SH_pdf_招商银行2025半年报_pdf_e6770b40_chunk_627,pdf,pdf,"余额
占有关
同类交易
余额比例
(%)
(%)
资产负债表内项目:
-贷款和垫款
1
–
8,605
0.13
-同业和其他金融机构存放款项
1
–
1
–
-客户存款
13,329
0.15
14,362
0.16
资产负债表外项目:
-不可撤销的保函
–
–
6
–
-承兑汇票
–
–
3
–
截至6月30日止6个月期间
2025年
2024年
交易金额
占有关
同类交易
金额比例
交易金额
占有关
同类交易
金额比例
(%)
(%)
利息收入
–
–
216
0.12
利息支出
(217)
0.35
(81)
0.11
净手续费及佣金收入
1
–
2
0.01
业务及管理费
(1,473)
3.12
(1,413)
2.96
其他净收入
9
0.05
–
–
233
第八章 财务报告
招商银行股份有限公司
2025年半年度报告(A股)
52. 关联方关系及交易(续)
(d) 与本行关联公司的交易余额(不含子公司)
(续)
(iv)
与联营及合营企业的交易余额
2025年6月30日
2024年12月31日
交易余额
占有关
同类交易
余额比例
交易余额
占有关
同类交易
余额比例",600036.SH,招商银行,2025-06-30,2025,半年报,招商银行2025半年报,招商银行2025半年报.pdf,C:\Users\Administrator\Desktop\financial-poc\data\raw\pdf\招商银行2025半年报.pdf,,,,627,679,资产负债表,226,226,254,资产负债表
600036_SH_pdf_招商银行2025半年报_pdf_e6770b40_chunk_628,pdf,pdf,"关联公司的交易余额(不含子公司)
(续)
(iv)
与联营及合营企业的交易余额
2025年6月30日
2024年12月31日
交易余额
占有关
同类交易
余额比例
交易余额
占有关
同类交易
余额比例
(%)
(%)
资产负债表内项目:
-拆出资金
10,000
2.20
12,000
3.20
-贷款和垫款
6,273
0.09
6,459
0.10
-同业和其他金融机构存放款项
884
0.12
1,055
0.15
-客户存款
1,262
0.01
489
0.01
资产负债表外项目:
-不可撤销的保函
2
–
2
–
截至6月30日止6个月期间
2025年
2024年
交易金额
占有关
同类交易
金额比例
交易金额
占有关
同类交易
金额比例
(%)
(%)
利息收入
292
0.18
400
0.23
利息支出
(15)
0.02
(17)
0.02
净手续费及佣金收入
577
1.85
1,208
3.77
业务及管理费
(16)
0.03
(173)
0.36
其他净收入
13
0.07
1
–
234
第八章 财务报告
招商银行股份有限公司
2025年半年度报告(A股)",600036.SH,招商银行,2025-06-30,2025,半年报,招商银行2025半年报,招商银行2025半年报.pdf,C:\Users\Administrator\Desktop\financial-poc\data\raw\pdf\招商银行2025半年报.pdf,,,,628,679,资产负债表,226,226,254,资产负债表
600036_SH_pdf_招商银行2025半年报_pdf_e6770b40_chunk_629,pdf,pdf,"1.85
1,208
3.77
业务及管理费
(16)
0.03
(173)
0.36
其他净收入
13
0.07
1
–
234
第八章 财务报告
招商银行股份有限公司
2025年半年度报告(A股)
52. 关联方关系及交易(续)
(e) 与本行子公司的交易余额
2025年6月30日
2024年12月31日
交易余额
占有关
同类交易
余额比例
交易余额
占有关
同类交易
余额比例
(%)
(%)
资产负债表内项目:
-存放同业和其他金融机构款项
644
0.51
5,585
3.20
-拆出资金
32,793
7.22
26,848
7.16
-贷款和垫款
14,580
0.23
15,984
0.24
-金融投资
1,944
0.05
1,526
0.04
-同业和其他金融机构存放款项
5,166
0.71
6,552
0.94
-拆入资金
264
0.49
–
–
-客户存款
8,783
0.10
8,100
0.09
截至6月30日止6个月期间
2025年
2024年
交易金额
占有关
同类交易
金额比例
交易金额
占有关
同类交易
金额比例
(%)
(%)
利息收入
706",600036.SH,招商银行,2025-06-30,2025,半年报,招商银行2025半年报,招商银行2025半年报.pdf,C:\Users\Administrator\Desktop\financial-poc\data\raw\pdf\招商银行2025半年报.pdf,,,,629,679,资产负债表,226,226,254,资产负债表
600036_SH_pdf_招商银行2025半年报_pdf_e6770b40_chunk_630,pdf,pdf,"783
0.10
8,100
0.09
截至6月30日止6个月期间
2025年
2024年
交易金额
占有关
同类交易
金额比例
交易金额
占有关
同类交易
金额比例
(%)
(%)
利息收入
706
0.43
676
0.39
利息支出
(61)
0.10
(63)
0.09
净手续费及佣金收入
287
0.92
294
0.92
业务及管理费
(2,123)
4.49
(2,131)
4.46
其他净收入
454
2.60
267
1.12
53. 少数股东权益
少数股东权益是指本集团子公司权益中不由本集团占有的部分,本集团在报告期内没有拥有重要少数股东权益的
子公司。
(a) 永久债务资本
本行子公司招商永隆银行于2019年1月24日发行永久债务资本美元400百万元,并于2024年全额赎回了该债券。
235
第八章 财务报告
招商银行股份有限公司
2025年半年度报告(A股)
54. 在未纳入合并财务报表范围的结构化主体中的权益
本集团合并财务报表的合并范围以控制为基础予以确定。控制,是指投资方拥有对被投资方的权力,通过参与被
投资方的相关活动而享有可变回报,并且有能力运用对被投",600036.SH,招商银行,2025-06-30,2025,半年报,招商银行2025半年报,招商银行2025半年报.pdf,C:\Users\Administrator\Desktop\financial-poc\data\raw\pdf\招商银行2025半年报.pdf,,,,630,679,资产负债表,226,226,254,资产负债表
600036_SH_pdf_招商银行2025半年报_pdf_e6770b40_chunk_631,pdf,pdf,"在未纳入合并财务报表范围的结构化主体中的权益
本集团合并财务报表的合并范围以控制为基础予以确定。控制,是指投资方拥有对被投资方的权力,通过参与被
投资方的相关活动而享有可变回报,并且有能力运用对被投资方的权力影响其回报金额。
本集团对结构化主体拥有权力而其他投资者没有实质性权利,同时承担并有权获取可变回报,并且有能力运用上
述权力影响其回报金额的结构化主体将纳入合并报表范围。
除上述已纳入本集团合并财务报表范围的结构化主体外,本集团在未纳入合并财务报表范围的结构化主体的权益
信息如下:
(a) 在第三方机构发起设立的结构化主体中享有的权益
本集团通过直接持有投资而在第三方机构发起设立的结构化主体中享有权益。这些结构化主体未纳入本集团的合
并财务报表范围,主要包括理财产品、资产管理计划、信托受益权、资产支持证券以及基金。本集团持有这些结
构化主体的目的是获取投资收益、资本增值或两者兼具。
截至2025年6月30日及2024年12月31日,本集团通过直接持有投资而在第三方机构发起设立的结构化主体中享
有的权益的账面余额及其在本集团的资产负债表的相关资产负债列示如下:
2025年6月30日",600036.SH,招商银行,2025-06-30,2025,半年报,招商银行2025半年报,招商银行2025半年报.pdf,C:\Users\Administrator\Desktop\financial-poc\data\raw\pdf\招商银行2025半年报.pdf,,,,631,679,资产负债表,226,226,254,资产负债表
600036_SH_pdf_招商银行2025半年报_pdf_e6770b40_chunk_632,pdf,pdf,"截至2025年6月30日及2024年12月31日,本集团通过直接持有投资而在第三方机构发起设立的结构化主体中享
有的权益的账面余额及其在本集团的资产负债表的相关资产负债列示如下:
2025年6月30日
账面余额
以公允价值
计量且其变动
计入当期损益
的金融投资
以摊余
成本计量的
债务工具投资
以公允价值
计量且其变动
计入其他综合
收益的债务
工具投资
合计
最大
损失敞口
资产管理计划
8,401
49,770
–
58,171
58,171
信托受益权
170
7,598
–
7,768
7,768
资产支持证券
1,060
805
49,579
51,444
51,444
基金
259,545
–
–
259,545
259,545
理财产品
741
–
–
741
741
合计
269,917
58,173
49,579
377,669
377,669
2024年12月31日
账面余额
以公允价值
计量且其变动
计入当期损益
的金融投资
以摊余
成本计量的
债务工具投资
以公允价值
计量且其变动
计入其他综合
收益的债务
工具投资
合计
最大
损失敞口
资产管理计划
596",600036.SH,招商银行,2025-06-30,2025,半年报,招商银行2025半年报,招商银行2025半年报.pdf,C:\Users\Administrator\Desktop\financial-poc\data\raw\pdf\招商银行2025半年报.pdf,,,,632,679,资产负债表,226,226,254,资产负债表
600036_SH_pdf_招商银行2025半年报_pdf_e6770b40_chunk_633,pdf,pdf,"账面余额
以公允价值
计量且其变动
计入当期损益
的金融投资
以摊余
成本计量的
债务工具投资
以公允价值
计量且其变动
计入其他综合
收益的债务
工具投资
合计
最大
损失敞口
资产管理计划
596
69,168
–
69,764
69,764
信托受益权
163
12,942
–
13,105
13,105
资产支持证券
1,755
1,818
43,911
47,484
47,484
基金
334,929
–
–
334,929
334,929
理财产品
432
–
–
432
432
合计
337,875
83,928
43,911
465,714
465,714
基金、信托受益权、资产管理计划、理财产品及资产支持证券的最大损失敞口为其在资产负债表中的账面余额。
236
第八章 财务报告
招商银行股份有限公司
2025年半年度报告(A股)
54. 在未纳入合并财务报表范围的结构化主体中的权益(续)
(b) 在本集团作为发起人但未纳入合并财务报表范围的结构化主体中享有的权益
本集团发起设立的未纳入合并财务报表范围的结构化主体,主要包括本集团发行的非保本理财产品、基金以及资
产管理",600036.SH,招商银行,2025-06-30,2025,半年报,招商银行2025半年报,招商银行2025半年报.pdf,C:\Users\Administrator\Desktop\financial-poc\data\raw\pdf\招商银行2025半年报.pdf,,,,633,679,资产负债表,226,226,254,资产负债表
600036_SH_pdf_招商银行2025半年报_pdf_e6770b40_chunk_634,pdf,pdf,"体中的权益(续)
(b) 在本集团作为发起人但未纳入合并财务报表范围的结构化主体中享有的权益
本集团发起设立的未纳入合并财务报表范围的结构化主体,主要包括本集团发行的非保本理财产品、基金以及资
产管理计划。这些结构化主体的性质和目的主要是管理投资者的资产并收取管理费,其融资方式是向投资者发行
投资产品。本集团在这些未纳入合并财务报表范围的结构化主体中享有的权益主要指通过管理这些结构化主体赚
取手续费及佣金或管理费收入。
于2025年6月30日,本集团发起设立但未纳入本集团合并财务报表范围的非保本理财产品余额为人民币
2,459,303百万元(2024年12月31日:人民币2,470,334百万元)。
于2025年6月30日,本集团发起设立但未纳入本集团合并财务报表范围的基金为人民币1,331,681百万元(2024
年12月31日:人民币1,320,359百万元)。
于2025年6月30日,本集团发起设立但未纳入本集团合并财务报表范围的资产管理计划为人民币266,107百万元
(2024年12月31日:人民币299,261百万元)。
于2025年6月30日,本集团与本集团作为发起人设立",600036.SH,招商银行,2025-06-30,2025,半年报,招商银行2025半年报,招商银行2025半年报.pdf,C:\Users\Administrator\Desktop\financial-poc\data\raw\pdf\招商银行2025半年报.pdf,,,,634,679,资产负债表,226,226,254,资产负债表
600036_SH_pdf_招商银行2025半年报_pdf_e6770b40_chunk_635,pdf,pdf,",本集团发起设立但未纳入本集团合并财务报表范围的资产管理计划为人民币266,107百万元
(2024年12月31日:人民币299,261百万元)。
于2025年6月30日,本集团与本集团作为发起人设立的非保本理财产品之间的买入返售交易余额为人民币1,361
百万元(2024年12月31日:人民币18,397百万元)。这些交易是根据正常的商业交易条款和条件进行的。
于2025年6月30日,本集团持有的本集团作为发起人设立的非保本理财产品余额为人民币2,755百万元(2024年
12月31日:人民币2,703百万元)。
于2025年6月30日,本集团持有的本集团作为发起人设立的基金产品余额为人民币7,347百万元(2024年12月31
日:人民币9,022百万元)。
截至2025年6月30日止6个月期间,本集团在本集团作为发起人但未纳入合并范围的非保本理财产品确认的手续
费及佣金收入为人民币4,675百万元(截至2024年6月30日止6个月期间:人民币4,588百万元)。
截至2025年6月30日止6个月期间,本集团在本集团作为发起人但未纳入合并范围的基金的手续费及佣金收入为
人民币3,1",600036.SH,招商银行,2025-06-30,2025,半年报,招商银行2025半年报,招商银行2025半年报.pdf,C:\Users\Administrator\Desktop\financial-poc\data\raw\pdf\招商银行2025半年报.pdf,,,,635,679,资产负债表,226,226,254,资产负债表
600036_SH_pdf_招商银行2025半年报_pdf_e6770b40_chunk_636,pdf,pdf,",675百万元(截至2024年6月30日止6个月期间:人民币4,588百万元)。
截至2025年6月30日止6个月期间,本集团在本集团作为发起人但未纳入合并范围的基金的手续费及佣金收入为
人民币3,122百万元(截至2024年6月30日止6个月期间:人民币3,685百万元)。
截至2025年6月30日止6个月期间,本集团在本集团作为发起人但未纳入合并范围的资产管理计划的手续费及佣
金收入为人民币336百万元(截至2024年6月30日止6个月期间:人民币246百万元)。
本集团于2025年1月1日之后发行,并于2025年6月30日之前已到期的非保本理财产品发行总量共计人民币
91,784百万元(截至2024年6月30日止6个月期间:人民币161,997百万元)。
237
第八章 财务报告
招商银行股份有限公司
2025年半年度报告(A股)
55. 非经常性损益
根据《公开发行证券的公司信息披露解释性公告第1号—— 非经常性损益(2023年修订)》的规定,本集团非经常
性损益列示如下:
截至6月30日止6个月期间
2025年
2024年
处置固定资产净损益
9
45
其他净损益
139
1",600036.SH,招商银行,2025-06-30,2025,半年报,招商银行2025半年报,招商银行2025半年报.pdf,C:\Users\Administrator\Desktop\financial-poc\data\raw\pdf\招商银行2025半年报.pdf,,,,636,679,资产负债表,226,226,254,资产负债表
600036_SH_pdf_招商银行2025半年报_pdf_e6770b40_chunk_637,pdf,pdf,"露解释性公告第1号—— 非经常性损益(2023年修订)》的规定,本集团非经常
性损益列示如下:
截至6月30日止6个月期间
2025年
2024年
处置固定资产净损益
9
45
其他净损益
139
110
小计
148
155
减:以上各项对税务的影响
(35)
(36)
合计
113
119
其中:影响本行股东净利润的非经常性损益
111
119
影响少数股东净利润的非经常性损益
2
–
56. 资产负债表日后事项
本行于2025年7月3日收到国家金融监督管理总局《关于同意筹建招银金融资产投资有限公司的批复》
(金复
〔2025〕395号),获准筹建全资子公司招银金融资产投资有限公司,注册资本为人民币15,000百万元。
根据债券募集说明书相关条款的规定,本行于2025年7月9日行使赎回权,全额赎回了2020年7月7日至9日发行
的规模为人民币50,000百万元的“2020年招商银行股份有限公司第一期无固定期限资本债券”。
57. 同期比较数字
为符合本财务报表的列报方式,本集团对附注个别比较数字进行了重新列报。
238
第八章 财务报告
招商银行股份有限公司
2025年半年度报告(",600036.SH,招商银行,2025-06-30,2025,半年报,招商银行2025半年报,招商银行2025半年报.pdf,C:\Users\Administrator\Desktop\financial-poc\data\raw\pdf\招商银行2025半年报.pdf,,,,637,679,资产负债表,226,226,254,资产负债表
600036_SH_pdf_招商银行2025半年报_pdf_e6770b40_chunk_638,pdf,pdf,"有限公司第一期无固定期限资本债券”。
57. 同期比较数字
为符合本财务报表的列报方式,本集团对附注个别比较数字进行了重新列报。
238
第八章 财务报告
招商银行股份有限公司
2025年半年度报告(A股)
未经审计财务报表补充资料
(除特别注明外,货币单位均以人民币百万元列示)
1. 资本构成信息披露
以下监管资本项目与资产负债表对应关系附表依据《商业银行资本管理办法》
(国家金融监督管理总局令第4号)
进行披露。
附表一:资本构成披露
数额
核心一级资本:
1
实收资本和资本公积可计入部分
90,635
2
留存收益
925,749
2a
盈余公积
122,615
2b
一般风险准备
155,258
2c
未分配利润
647,876
3
累计其他综合收益
33,515
4
少数股东资本可计入部分
–
5
扣除前的核心一级资本
1,049,899
核心一级资本:扣除项
6
审慎估值调整
–
7
商誉(扣除递延税负债)
9,953
8
其他无形资产(土地使用权除外)
(扣除递延税负债)
1,923
9
依赖未来盈利的由经营亏损引起的净递延税资产
1,320
10
对未按公允价值计量的项",600036.SH,招商银行,2025-06-30,2025,半年报,招商银行2025半年报,招商银行2025半年报.pdf,C:\Users\Administrator\Desktop\financial-poc\data\raw\pdf\招商银行2025半年报.pdf,,,,638,679,资产负债表,226,226,254,资产负债表
600036_SH_pdf_招商银行2025半年报_pdf_e6770b40_chunk_639,pdf,pdf,"–
7
商誉(扣除递延税负债)
9,953
8
其他无形资产(土地使用权除外)
(扣除递延税负债)
1,923
9
依赖未来盈利的由经营亏损引起的净递延税资产
1,320
10
对未按公允价值计量的项目进行现金流套期形成的储备
60
11
损失准备缺口
–
12
资产证券化销售利得
–
13
自身信用风险变化导致其负债公允价值变化带来的未实现损益
–
14
确定受益类的养老金资产净额(扣除递延税项负债)
52
15
直接或间接持有本银行的股票
–
16
银行间或银行与其他金融机构间通过协议相互持有的核心一级资本
–
17
对未并表金融机构小额少数资本投资中的核心一级资本中应扣除金额
–
18
对未并表金融机构大额少数资本投资中的核心一级资本中应扣除金额
–
19
其他依赖于银行未来盈利的净递延税资产中应扣除金额
–
20
对未并表金融机构大额少数资本投资中的核心一级资本和其他依赖于银行未来盈利的
净递延税资产的未扣除部分超过核心一级资本15%的应扣除金额
–
21
其中:应在对金融机构大额少数资本投资中扣除的金额
–
22
其中:应在其他依赖于银行未来盈利的净递延税资产中扣除的金额
–",600036.SH,招商银行,2025-06-30,2025,半年报,招商银行2025半年报,招商银行2025半年报.pdf,C:\Users\Administrator\Desktop\financial-poc\data\raw\pdf\招商银行2025半年报.pdf,,,,639,679,资产负债表,226,226,254,资产负债表
600036_SH_pdf_招商银行2025半年报_pdf_e6770b40_chunk_640,pdf,pdf,"盈利的
净递延税资产的未扣除部分超过核心一级资本15%的应扣除金额
–
21
其中:应在对金融机构大额少数资本投资中扣除的金额
–
22
其中:应在其他依赖于银行未来盈利的净递延税资产中扣除的金额
–
23
其他应在核心一级资本中扣除的项目合计
–
24
应从其他一级资本和二级资本中扣除的未扣缺口
–
25
核心一级资本扣除项总和
13,308
26
核心一级资本净额
1,036,591
239
第八章 财务报告
招商银行股份有限公司
2025年半年度报告(A股)
1. 资本构成信息披露(续)
附表一:资本构成披露(续)
数额
其他一级资本:
27
其他一级资本工具及其溢价
227,446
28
其中:权益部分
227,446
29
其中:负债部分
–
30
少数股东资本可计入部分
–
31
扣除前的其他一级资本
227,446
其他一级资本:扣除项
32
直接或间接持有的本银行其他一级资本
–
33
银行间或银行与其他金融机构间通过协议相互持有的其他一级资本
–
34
对未并表金融机构小额少数资本投资中的其他一级资本中应扣除金额
–
35
对未并表金融机构大额少数资本投资中的其他一级",600036.SH,招商银行,2025-06-30,2025,半年报,招商银行2025半年报,招商银行2025半年报.pdf,C:\Users\Administrator\Desktop\financial-poc\data\raw\pdf\招商银行2025半年报.pdf,,,,640,679,资产负债表,226,226,254,资产负债表
600036_SH_pdf_招商银行2025半年报_pdf_e6770b40_chunk_641,pdf,pdf,"本
–
33
银行间或银行与其他金融机构间通过协议相互持有的其他一级资本
–
34
对未并表金融机构小额少数资本投资中的其他一级资本中应扣除金额
–
35
对未并表金融机构大额少数资本投资中的其他一级资本
–
36
其他应在其他一级资本中扣除的项目合计
–
37
应从二级资本中扣除的未扣缺口
–
38
其他一级资本扣除项总和
–
39
其他一级资本净额
227,446
40
一级资本净额
1,264,037
二级资本:
41
二级资本工具及其溢价
–
42
少数股东资本可计入部分
–
43
超额损失准备可计入部分
110,497
44
扣除前的二级资本
110,497
二级资本:扣除项
45
直接或间接持有的本银行的二级资本
–
46
银行间或银行与其他金融机构间通过协议相互持有的二级资本投资及TLAC非资本债务
工具投资
–
47
对未并表金融机构小额少数资本投资中的二级资本应扣除金额
–
47a
对未并表金融机构的小额投资中的TLAC非资本债务工具中应扣除金额(仅适用全球系统
重要性银行)
–
48
对未并表金融机构大额少数资本投资中的二级资本应扣除金额
–
48a
对未并表金融机",600036.SH,招商银行,2025-06-30,2025,半年报,招商银行2025半年报,招商银行2025半年报.pdf,C:\Users\Administrator\Desktop\financial-poc\data\raw\pdf\招商银行2025半年报.pdf,,,,641,679,资产负债表,226,226,254,资产负债表
600036_SH_pdf_招商银行2025半年报_pdf_e6770b40_chunk_642,pdf,pdf,"–
47a
对未并表金融机构的小额投资中的TLAC非资本债务工具中应扣除金额(仅适用全球系统
重要性银行)
–
48
对未并表金融机构大额少数资本投资中的二级资本应扣除金额
–
48a
对未并表金融机构大额投资中的TLAC非资本债务工具中应扣除金额(仅适用全球系统
重要性银行)
–
49
其他应在二级资本中扣除的项目合计
–
50
二级资本扣除项总和
–
51
二级资本净额
110,497
52
总资本净额
1,374,534
53
风险加权资产
7,404,703
资本充足率和其他各级资本要求
54
核心一级资本充足率
14.00%
55
一级资本充足率
17.07%
56
资本充足率
18.56%
57
其他各级资本要求
3.25%
58
其中:储备资本要求
2.50%
59
其中:逆周期资本要求
0.00%
60
其中:全球系统重要性银行或国内系统重要性银行附加资本要求
0.75%
61
满足最低资本要求后的可用核心一级资本净额占风险加权资产的比例
9.00%
240
第八章 财务报告
招商银行股份有限公司
2025年半年度报告(A股)
1. 资本构成信息披露(续)
附表一:资本",600036.SH,招商银行,2025-06-30,2025,半年报,招商银行2025半年报,招商银行2025半年报.pdf,C:\Users\Administrator\Desktop\financial-poc\data\raw\pdf\招商银行2025半年报.pdf,,,,642,679,资产负债表,226,226,254,资产负债表
600036_SH_pdf_招商银行2025半年报_pdf_e6770b40_chunk_643,pdf,pdf,"61
满足最低资本要求后的可用核心一级资本净额占风险加权资产的比例
9.00%
240
第八章 财务报告
招商银行股份有限公司
2025年半年度报告(A股)
1. 资本构成信息披露(续)
附表一:资本构成披露(续)
数额
我国最低监管资本要求
62
核心一级资本充足率
5.00%
63
一级资本充足率
6.00%
64
资本充足率
8.00%
门槛扣除项中未扣除部分
65
对未并表金融机构的小额少数资本投资中的未扣除部分
45,450
65a
对未并表金融机构的小额投资中的TLAC非资本债务工具未扣除部分(仅适用全球系统
重要性银行)
–
66
对未并表金融机构的大额少数资本投资未扣除部分
29,381
67
其他依赖于银行未来盈利的净递延税资产(扣除递延税负债)
86,306
可计入二级资本的超额损失准备的限额
68
权重法下,实际计提的超额损失准备金额
不适用
69
权重法下,可计入二级资本超额损失准备的数额
不适用
70
内部评级法下,实际计提的超额损失准备金额
171,492
71
内部评级法下,可计入二级资本超额损失准备的数额
110,497
2025年6月末,本行按照原银保",600036.SH,招商银行,2025-06-30,2025,半年报,招商银行2025半年报,招商银行2025半年报.pdf,C:\Users\Administrator\Desktop\financial-poc\data\raw\pdf\招商银行2025半年报.pdf,,,,643,679,资产负债表,226,226,254,资产负债表
600036_SH_pdf_招商银行2025半年报_pdf_e6770b40_chunk_644,pdf,pdf,"级资本超额损失准备的数额
不适用
70
内部评级法下,实际计提的超额损失准备金额
171,492
71
内部评级法下,可计入二级资本超额损失准备的数额
110,497
2025年6月末,本行按照原银保监会于2014年4月核准的资本管理高级方法计算的核心一级资本充足率为
13.82%、一级资本充足率为17.03%、资本充足率为18.55%、资本净额为人民币1,237,182百万元、风险加权
资产总额为人民币6,669,094百万元(考虑资本底线要求)。
2025年6月末,本集团信用风险采用权重法、市场风险采用标准法、操作风险采用标准法计算的核心一级资本充
足率为11.92%、一级资本充足率14.53%、资本充足率为15.61%、资本净额为人民币1,357,875百万元、风险
加权资产总额为人民币8,697,376百万元。
2025年6月末,本行信用风险采用权重法、市场风险采用标准法、操作风险采用标准法计算的核心一级资本充足
率为11.58%、一级资本充足率为14.27%、资本充足率为15.35%、资本净额为人民币1,221,773百万元、风险
加权资产总额为人民币7,961,761百万元",600036.SH,招商银行,2025-06-30,2025,半年报,招商银行2025半年报,招商银行2025半年报.pdf,C:\Users\Administrator\Desktop\financial-poc\data\raw\pdf\招商银行2025半年报.pdf,,,,644,679,资产负债表,226,226,254,资产负债表
600036_SH_pdf_招商银行2025半年报_pdf_e6770b40_chunk_645,pdf,pdf,"采用标准法计算的核心一级资本充足
率为11.58%、一级资本充足率为14.27%、资本充足率为15.35%、资本净额为人民币1,221,773百万元、风险
加权资产总额为人民币7,961,761百万元。
241
第八章 财务报告
招商银行股份有限公司
2025年半年度报告(A股)
1. 资本构成信息披露(续)
附表二:集团口径的资产负债表(财务并表和监管并表)
财务并表口径下的
资产负债表
监管并表口径下
的资产负债表
资产
现金
14,421
14,421
贵金属
15,601
15,601
存放中央银行款项
538,766
538,766
存放同业和其他金融机构款项
185,079
169,810
拆出资金
482,947
482,947
买入返售金融资产
270,360
266,748
贷款和垫款
6,854,591
6,878,459
衍生金融资产
21,397
21,377
金融投资
3,951,127
3,870,778
以公允价值计量且其变动计入当期损益的金融投资
660,819
609,849
以摊余成本计量的债务工具投资
2,006,357
1,993,906
以公允",600036.SH,招商银行,2025-06-30,2025,半年报,招商银行2025半年报,招商银行2025半年报.pdf,C:\Users\Administrator\Desktop\financial-poc\data\raw\pdf\招商银行2025半年报.pdf,,,,645,679,资产负债表,226,226,254,资产负债表
600036_SH_pdf_招商银行2025半年报_pdf_e6770b40_chunk_646,pdf,pdf,"投资
3,951,127
3,870,778
以公允价值计量且其变动计入当期损益的金融投资
660,819
609,849
以摊余成本计量的债务工具投资
2,006,357
1,993,906
以公允价值计量且其变动计入其他综合收益的债务工具投资
1,260,117
1,259,952
指定为以公允价值计量且其变动计入其他综合收益的
权益工具投资
23,834
7,071
长期股权投资
33,048
29,680
投资性房地产
1,012
1,123
固定资产
119,289
119,804
在建工程
4,739
4,739
使用权资产
11,996
11,867
无形资产
6,153
6,110
其中:土地使用权
4,173
4,127
商誉
9,954
9,953
递延所得税资产
88,764
88,649
其他资产
47,907
46,641
资产总计
12,657,151
12,577,473
负债
向中央银行借款
172,300
172,300
同业和其他金融机构存放款项
745,599
745,599
拆入资金
257,755
271,152
以公允价值计量且其变动计入当期",600036.SH,招商银行,2025-06-30,2025,半年报,招商银行2025半年报,招商银行2025半年报.pdf,C:\Users\Administrator\Desktop\financial-poc\data\raw\pdf\招商银行2025半年报.pdf,,,,646,679,资产负债表,226,226,254,资产负债表
600036_SH_pdf_招商银行2025半年报_pdf_e6770b40_chunk_647,pdf,pdf,"77,473
负债
向中央银行借款
172,300
172,300
同业和其他金融机构存放款项
745,599
745,599
拆入资金
257,755
271,152
以公允价值计量且其变动计入当期损益的金融负债
99,279
43,383
衍生金融负债
22,824
22,764
卖出回购金融资产款
116,465
94,457
客户存款
9,509,526
9,509,539
应付职工薪酬
38,805
38,271
应交税费
15,393
14,859
合同负债
3,916
3,081
租赁负债
12,107
11,919
预计负债
18,097
18,097
应付债券
163,330
161,896
递延所得税负债
1,112
1,022
其中:与商誉相关的递延所得税负债
–
–
与无形资产相关的递延所得税负债
60
60
其他负债
183,783
184,466
负债总计
11,360,291
11,292,805
242
第八章 财务报告
招商银行股份有限公司
2025年半年度报告(A股)
1. 资本构成信息披露(续)
附表二:集团口径的资产负债表(财务并表和监管并表)",600036.SH,招商银行,2025-06-30,2025,半年报,招商银行2025半年报,招商银行2025半年报.pdf,C:\Users\Administrator\Desktop\financial-poc\data\raw\pdf\招商银行2025半年报.pdf,,,,647,679,资产负债表,226,226,254,资产负债表
600036_SH_pdf_招商银行2025半年报_pdf_e6770b40_chunk_648,pdf,pdf,",360,291
11,292,805
242
第八章 财务报告
招商银行股份有限公司
2025年半年度报告(A股)
1. 资本构成信息披露(续)
附表二:集团口径的资产负债表(财务并表和监管并表)
(续)
财务并表口径下的
资产负债表
监管并表口径下
的资产负债表
股东权益
股本
25,220
25,220
其他权益工具
227,446
227,446
其中:优先股
27,468
27,468
其中:永续债
199,978
199,978
资本公积
65,420
65,415
其他综合收益
36,970
33,515
盈余公积
122,652
122,615
一般风险准备
155,258
155,258
未分配利润
656,267
647,876
其中:建议分配利润
–
–
归属于本行股东权益合计
1,289,233
1,277,345
少数股东权益
7,627
7,323
其中:普通股少数股东权益
7,627
7,323
永久债务资本
–
–
股东权益合计
1,296,860
1,284,668
负债股东权益合计
12,657,151
12,577,473
243
第八章 财务报告",600036.SH,招商银行,2025-06-30,2025,半年报,招商银行2025半年报,招商银行2025半年报.pdf,C:\Users\Administrator\Desktop\financial-poc\data\raw\pdf\招商银行2025半年报.pdf,,,,648,679,资产负债表,226,226,254,资产负债表
600036_SH_pdf_招商银行2025半年报_pdf_e6770b40_chunk_649,pdf,pdf,"少数股东权益
7,627
7,323
永久债务资本
–
–
股东权益合计
1,296,860
1,284,668
负债股东权益合计
12,657,151
12,577,473
243
第八章 财务报告
招商银行股份有限公司
2025年半年度报告(A股)
1. 资本构成信息披露(续)
附表三:资本工具主要特征
资本工具和合格外部总损失吸收能力非资本债务工具的主要特征
1
发行机构
招商银行
招商银行
招商银行
招商银行
招商银行
招商银行
招商银行
招商银行
招商银行
2
标识码
600036
3968
360028
2028023
2128047
242380033
242480070
242580008
242580015
3
适用法律
中国大陆
中国香港
中国大陆
中国大陆
中国大陆
中国大陆
中国大陆
中国大陆
中国大陆
3a
对受外国法律(处置实
体母国之外的法律)
管辖的其他合格TLAC
工具进行处置的方式
不适用
不适用
不适用
不适用
不适用
不适用
不适用
不适用
不适用
4
资本层级
核心一级资本
核心一级资本
其他一级资本
其他一级资本
其他一级资本
其他一级资本",600036.SH,招商银行,2025-06-30,2025,半年报,招商银行2025半年报,招商银行2025半年报.pdf,C:\Users\Administrator\Desktop\financial-poc\data\raw\pdf\招商银行2025半年报.pdf,,,,649,679,资产负债表,226,226,254,资产负债表
600036_SH_pdf_招商银行2025半年报_pdf_e6770b40_chunk_650,pdf,pdf,"TLAC
工具进行处置的方式
不适用
不适用
不适用
不适用
不适用
不适用
不适用
不适用
不适用
4
资本层级
核心一级资本
核心一级资本
其他一级资本
其他一级资本
其他一级资本
其他一级资本
其他一级资本
其他一级资本
其他一级资本
5
适用法人/集团层面
法人和集团
法人和集团
法人和集团
法人和集团
法人和集团
法人和集团
法人和集团
法人和集团
法人和集团
6
工具类型
普通股
普通股
其他一级资本工具
其他一级资本工具
其他一级资本工具
其他一级资本工具
其他一级资本工具
其他一级资本工具
其他一级资本工具
7
可计入监管资本的数额
(最近一期报告日数
额,单位:百万元人
民币)
人民币70,228
人民币31,673
人民币27,468
人民币49,989
人民币42,989
人民币30,000
人民币30,000
人民币20,000
人民币27,000
8
工具面值
人民币20,629
人民币4,591
人民币27,500
人民币50,000
人民币43,000
人民币30,000
人民币30,000
人民币20,000
人民币27,000
9
会计处理
权益
权益",600036.SH,招商银行,2025-06-30,2025,半年报,招商银行2025半年报,招商银行2025半年报.pdf,C:\Users\Administrator\Desktop\financial-poc\data\raw\pdf\招商银行2025半年报.pdf,,,,650,679,资产负债表,226,226,254,资产负债表
600036_SH_pdf_招商银行2025半年报_pdf_e6770b40_chunk_651,pdf,pdf,"民币20,629
人民币4,591
人民币27,500
人民币50,000
人民币43,000
人民币30,000
人民币30,000
人民币20,000
人民币27,000
9
会计处理
权益
权益
权益
权益
权益
权益
权益
权益
权益
10
初始发行日
2002年3月27日
2006年9月22日
2017年12月13日
2020年7月9日
2021年12月7日
2023年12月1日
2024年11月1日
2025年4月29日
2025年5月29日
11
是否存在固定期限
无固定期限
无固定期限
无固定期限
无固定期限
无固定期限
无固定期限
无固定期限
无固定期限
无固定期限
12
其中:原始到期日
无到期日
无到期日
无到期日
无到期日
无到期日
无到期日
无到期日
无到期日
无到期日
13
发行人赎回(需经监管
认可)
否
否
是
是
是
是
是
是
是
14
其中:赎回日期及额度
不适用
不适用
自发行结束之日起满5
年或以后,经金融监
管总局批准并符合相
关要求,本公司有权
赎回全部或部分本次
优先股。
自发行之日起5年后,
经金融监管总局批准
并符合相关要求,本
公司",600036.SH,招商银行,2025-06-30,2025,半年报,招商银行2025半年报,招商银行2025半年报.pdf,C:\Users\Administrator\Desktop\financial-poc\data\raw\pdf\招商银行2025半年报.pdf,,,,651,679,资产负债表,226,226,254,资产负债表
600036_SH_pdf_招商银行2025半年报_pdf_e6770b40_chunk_652,pdf,pdf,"额度
不适用
不适用
自发行结束之日起满5
年或以后,经金融监
管总局批准并符合相
关要求,本公司有权
赎回全部或部分本次
优先股。
自发行之日起5年后,
经金融监管总局批准
并符合相关要求,本
公司有权于每年付息
日(含发行之日后第
5年付息日)全部或部
分赎回本期债券。
自发行之日起5年后,
经金融监管总局批准
并符合相关要求,本
公司有权于每年付息
日(含发行之日后第
5年付息日)全部或部
分赎回本期债券。
自发行之日起5年后,
经金融监管总局批准
并符合相关要求,本
公司有权于每年付息
日(含发行之日后第
5年付息日)全部或部
分赎回本期债券。
自发行之日起5年后,
经金融监管总局批准
并符合相关要求,本
公司有权于每年付息
日(含发行之日后第
5年付息日)全部或部
分赎回本期债券。
自发行之日起5年后,
经金融监管总局批准
并符合相关要求,本
公司有权于每年付息
日(含发行之日后第
5年付息日)全部或部
分赎回本期债券。
自发行之日起5年后,
经金融监管总局批准
并符合相关要求,本
公司有权于每年付息
日(含发行之日后第
5年付息日)全部或部
分赎回本期债券。
244
第八章",600036.SH,招商银行,2025-06-30,2025,半年报,招商银行2025半年报,招商银行2025半年报.pdf,C:\Users\Administrator\Desktop\financial-poc\data\raw\pdf\招商银行2025半年报.pdf,,,,652,679,资产负债表,226,226,254,资产负债表
600036_SH_pdf_招商银行2025半年报_pdf_e6770b40_chunk_653,pdf,pdf,"第
5年付息日)全部或部
分赎回本期债券。
自发行之日起5年后,
经金融监管总局批准
并符合相关要求,本
公司有权于每年付息
日(含发行之日后第
5年付息日)全部或部
分赎回本期债券。
244
第八章 财务报告
招商银行股份有限公司
2025年半年度报告(A股)
1. 资本构成信息披露(续)
附表三:资本工具主要特征(续)
资本工具和合格外部总损失吸收能力非资本债务工具的主要特征
发行机构
招商银行
招商银行
招商银行
招商银行
招商银行
招商银行
招商银行
招商银行
招商银行
标识码
600036
3968
360028
2028023
2128047
242380033
242480070
242580008
242580015
15
其中:后续赎回日期
(如有)
不适用
不适用
自发行结束之日起满5
年或以后,经金融监
管总局批准并符合相
关要求,本公司有权
赎回全部或部分本次
优先股
自发行之日起5年后,
经金融监管总局批准
并符合相关要求,本
公司有权于每年付息
日(含发行之日后第
5年付息日)全部或部
分赎回本期债券。
自发行之日起5年后,
经金融监管总局批准
并符合相关要",600036.SH,招商银行,2025-06-30,2025,半年报,招商银行2025半年报,招商银行2025半年报.pdf,C:\Users\Administrator\Desktop\financial-poc\data\raw\pdf\招商银行2025半年报.pdf,,,,653,679,资产负债表,226,226,254,资产负债表
600036_SH_pdf_招商银行2025半年报_pdf_e6770b40_chunk_654,pdf,pdf,"股
自发行之日起5年后,
经金融监管总局批准
并符合相关要求,本
公司有权于每年付息
日(含发行之日后第
5年付息日)全部或部
分赎回本期债券。
自发行之日起5年后,
经金融监管总局批准
并符合相关要求,本
公司有权于每年付息
日(含发行之日后第
5年付息日)全部或部
分赎回本期债券。
自发行之日起5年后,
经金融监管总局批准
并符合相关要求,本
公司有权于每年付息
日(含发行之日后第
5年付息日)全部或部
分赎回本期债券。
自发行之日起5年后,
经金融监管总局批准
并符合相关要求,本
公司有权于每年付息
日(含发行之日后第
5年付息日)全部或部
分赎回本期债券。
自发行之日起5年后,
经金融监管总局批准
并符合相关要求,本
公司有权于每年付息
日(含发行之日后第
5年付息日)全部或部
分赎回本期债券。
自发行之日起5年后,
经金融监管总局批准
并符合相关要求,本
公司有权于每年付息
日(含发行之日后第
5年付息日)全部或部
分赎回本期债券。
16
其中:固定或浮动分红
/派息
浮动
浮动
票面股息率为基准利率
加固定利差,采用分
阶段调整,每5年为
一个股息率调整期,
每个股息率调整",600036.SH,招商银行,2025-06-30,2025,半年报,招商银行2025半年报,招商银行2025半年报.pdf,C:\Users\Administrator\Desktop\financial-poc\data\raw\pdf\招商银行2025半年报.pdf,,,,654,679,资产负债表,226,226,254,资产负债表
600036_SH_pdf_招商银行2025半年报_pdf_e6770b40_chunk_655,pdf,pdf,"含发行之日后第
5年付息日)全部或部
分赎回本期债券。
16
其中:固定或浮动分红
/派息
浮动
浮动
票面股息率为基准利率
加固定利差,采用分
阶段调整,每5年为
一个股息率调整期,
每个股息率调整期内
以约定的相同股息率
支付股息
票面股息率为基准利率
加固定利差,采用分
阶段调整,每5年为
一个股息率调整期,
每个股息率调整期内
以约定的相同股息率
支付股息
票面股息率为基准利率
加固定利差,采用分
阶段调整,每5年为
一个股息率调整期,
每个股息率调整期内
以约定的相同股息率
支付股息
票面股息率为基准利率
加固定利差,采用分
阶段调整,每5年为
一个股息率调整期,
每个股息率调整期内
以约定的相同股息率
支付股息
票面股息率为基准利率
加固定利差,采用分
阶段调整,每5年为
一个股息率调整期,
每个股息率调整期内
以约定的相同股息率
支付股息
票面股息率为基准利率
加固定利差,采用分
阶段调整,每5年为
一个股息率调整期,
每个股息率调整期内
以约定的相同股息率
支付股息
票面股息率为基准利率
加固定利差,采用分
阶段调整,每5年为
一个股息率调整期,
每个股息率调整期内
以",600036.SH,招商银行,2025-06-30,2025,半年报,招商银行2025半年报,招商银行2025半年报.pdf,C:\Users\Administrator\Desktop\financial-poc\data\raw\pdf\招商银行2025半年报.pdf,,,,655,679,资产负债表,226,226,254,资产负债表
600036_SH_pdf_招商银行2025半年报_pdf_e6770b40_chunk_656,pdf,pdf,"用分
阶段调整,每5年为
一个股息率调整期,
每个股息率调整期内
以约定的相同股息率
支付股息
票面股息率为基准利率
加固定利差,采用分
阶段调整,每5年为
一个股息率调整期,
每个股息率调整期内
以约定的相同股息率
支付股息
17
其中:票面利率及相关
指标。如采用的基准
利率等
不适用
不适用
发行满五年调息后股息
率为3.62%
首个票面利率调整周期
的票面利率为3.95%
首个票面利率调整周期
的票面利率为3.69%
首个票面利率调整周期
的票面利率为3.41%
首个票面利率调整周期
的票面利率为2.42%
首个票面利率调整周期
的票面利率为2.13%
首个票面利率调整周期
的票面利率为2.05%
18
其中:是否存在股息制
动机制
不适用
不适用
是
是
是
是
是
是
是
19
其中:是否可自主取消
分红或派息
完全自由裁量
完全自由裁量
完全自由裁量
完全自由裁量
完全自由裁量
完全自由裁量
完全自由裁量
完全自由裁量
完全自由裁量
20
其中:是否有赎回激励
机制
否
否
否
否
否
否
否
否
否
21
其中:累计或非累计
非累计
非累计
非累计
非累计
非累计
非累",600036.SH,招商银行,2025-06-30,2025,半年报,招商银行2025半年报,招商银行2025半年报.pdf,C:\Users\Administrator\Desktop\financial-poc\data\raw\pdf\招商银行2025半年报.pdf,,,,656,679,资产负债表,226,226,254,资产负债表
600036_SH_pdf_招商银行2025半年报_pdf_e6770b40_chunk_657,pdf,pdf,"量
完全自由裁量
完全自由裁量
完全自由裁量
完全自由裁量
20
其中:是否有赎回激励
机制
否
否
否
否
否
否
否
否
否
21
其中:累计或非累计
非累计
非累计
非累计
非累计
非累计
非累计
非累计
非累计
非累计
22
是否可转股
不适用
不适用
是
否
否
否
否
否
否
23
其中:若可转股,则说
明转股的触发条件
不适用
不适用
其他一级资本工具触发
事件或二级资本工具
触发事件
不适用
不适用
不适用
不适用
不适用
不适用
245
第八章 财务报告
招商银行股份有限公司
2025年半年度报告(A股)
1. 资本构成信息披露(续)
附表三:资本工具主要特征(续)
资本工具和合格外部总损失吸收能力非资本债务工具的主要特征
发行机构
招商银行
招商银行
招商银行
招商银行
招商银行
招商银行
招商银行
招商银行
招商银行
标识码
600036
3968
360028
2028023
2128047
242380033
242480070
242580008
242580015
24
其中:若可转股,则说
明是全部转股还是部
分转股
不适用
不适用
可全部转股也可部分转",600036.SH,招商银行,2025-06-30,2025,半年报,招商银行2025半年报,招商银行2025半年报.pdf,C:\Users\Administrator\Desktop\financial-poc\data\raw\pdf\招商银行2025半年报.pdf,,,,657,679,资产负债表,226,226,254,资产负债表
600036_SH_pdf_招商银行2025半年报_pdf_e6770b40_chunk_658,pdf,pdf,"28023
2128047
242380033
242480070
242580008
242580015
24
其中:若可转股,则说
明是全部转股还是部
分转股
不适用
不适用
可全部转股也可部分转
股
不适用
不适用
不适用
不适用
不适用
不适用
25
其中:若可转股,则说
明转股价格的确定方
式
不适用
不适用
以审议通过本次境内优
先股发行方案的董事
会决议公告日(2017
年3月24日)前二十
个交易日本公司A股
普通股股票交易均价
作为初始转股价格
不适用
不适用
不适用
不适用
不适用
不适用
26
其中:若可转股,则说
明是否为强制性转换
不适用
不适用
强制的
不适用
不适用
不适用
不适用
不适用
不适用
27
其中:若可转股,则说
明转换后工具类型
不适用
不适用
核心一级资本
不适用
不适用
不适用
不适用
不适用
不适用
28
其中:若可转股,则说
明转换后工具的发行
人
不适用
不适用
招商银行
不适用
不适用
不适用
不适用
不适用
不适用
29
是否减记
不适用
不适用
否
是
是
是
是
是
是
30
其中:若减记,则说明
减记触发条件
不适用
不适",600036.SH,招商银行,2025-06-30,2025,半年报,招商银行2025半年报,招商银行2025半年报.pdf,C:\Users\Administrator\Desktop\financial-poc\data\raw\pdf\招商银行2025半年报.pdf,,,,658,679,资产负债表,226,226,254,资产负债表
600036_SH_pdf_招商银行2025半年报_pdf_e6770b40_chunk_659,pdf,pdf,"的发行
人
不适用
不适用
招商银行
不适用
不适用
不适用
不适用
不适用
不适用
29
是否减记
不适用
不适用
否
是
是
是
是
是
是
30
其中:若减记,则说明
减记触发条件
不适用
不适用
不适用
以下两种情形中的较早
者:(1)金融监管总局
认定若不进行减记,
发行人将无法生存;
(2)相关部门认定若不
进行公共部门注资或
提供同等效力的支持
发行人将无法生存。
以下两种情形中的较早
者:(1)金融监管总局
认定若不进行减记,
发行人将无法生存;
(2)相关部门认定若不
进行公共部门注资或
提供同等效力的支持
发行人将无法生存。
以下两种情形中的较早
者:(1)金融监管总局
认定若不进行减记,
发行人将无法生存;
(2)相关部门认定若不
进行公共部门注资或
提供同等效力的支持
发行人将无法生存。
以下两种情形中的较早
者:(1)金融监管总局
认定若不进行减记,
发行人将无法生存;
(2)相关部门认定若不
进行公共部门注资或
提供同等效力的支持
发行人将无法生存。
以下两种情形中的较早
者:(1)金融监管总局
认定若不进行减记,
发行人将无法生存;
(2)相关部门认定若不",600036.SH,招商银行,2025-06-30,2025,半年报,招商银行2025半年报,招商银行2025半年报.pdf,C:\Users\Administrator\Desktop\financial-poc\data\raw\pdf\招商银行2025半年报.pdf,,,,659,679,资产负债表,226,226,254,资产负债表
600036_SH_pdf_招商银行2025半年报_pdf_e6770b40_chunk_660,pdf,pdf,"生存;
(2)相关部门认定若不
进行公共部门注资或
提供同等效力的支持
发行人将无法生存。
以下两种情形中的较早
者:(1)金融监管总局
认定若不进行减记,
发行人将无法生存;
(2)相关部门认定若不
进行公共部门注资或
提供同等效力的支持
发行人将无法生存。
以下两种情形中的较早
者:(1)金融监管总局
认定若不进行减记,
发行人将无法生存;
(2)相关部门认定若不
进行公共部门注资或
提供同等效力的支持
发行人将无法生存。
246
第八章 财务报告
招商银行股份有限公司
2025年半年度报告(A股)
1. 资本构成信息披露(续)
附表三:资本工具主要特征(续)
资本工具和合格外部总损失吸收能力非资本债务工具的主要特征
发行机构
招商银行
招商银行
招商银行
招商银行
招商银行
招商银行
招商银行
招商银行
招商银行
标识码
600036
3968
360028
2028023
2128047
242380033
242480070
242580008
242580015
31
其中:若减记,则说明
是部分减记还是全部
减记
不适用
不适用
不适用
全部或部分减记
全部或部分减记
全",600036.SH,招商银行,2025-06-30,2025,半年报,招商银行2025半年报,招商银行2025半年报.pdf,C:\Users\Administrator\Desktop\financial-poc\data\raw\pdf\招商银行2025半年报.pdf,,,,660,679,资产负债表,226,226,254,资产负债表
600036_SH_pdf_招商银行2025半年报_pdf_e6770b40_chunk_661,pdf,pdf,"047
242380033
242480070
242580008
242580015
31
其中:若减记,则说明
是部分减记还是全部
减记
不适用
不适用
不适用
全部或部分减记
全部或部分减记
全部或部分减记
全部或部分减记
全部或部分减记
全部或部分减记
32
其中:若减记,则说明
是永久减记还是临时
减记
不适用
不适用
不适用
永久减记
永久减记
永久减记
永久减记
永久减记
永久减记
33
其中:若临时减记,则
说明账面价值恢复机
制
不适用
不适用
不适用
不适用
不适用
不适用
不适用
不适用
不适用
33a
次级类型
不适用
不适用
不适用
不适用
不适用
不适用
不适用
不适用
不适用
34
清算时清偿顺序(说明
清偿顺序更高级的工
具类型)
受偿顺序在存款人、一
般债权人及次级债、
二级资本债和其他一
级资本工具持有人之
后
受偿顺序在存款人、一
般债权人及次级债、
二级资本债和其他一
级资本工具持有人之
后
受偿顺序在存款人、一
般债权人及次级债之
后,与具有同等清偿
顺序的资本工具同顺
位受偿
受偿顺序在存款人、一
般债权人和处于高于
本期债券顺位的次级
债务",600036.SH,招商银行,2025-06-30,2025,半年报,招商银行2025半年报,招商银行2025半年报.pdf,C:\Users\Administrator\Desktop\financial-poc\data\raw\pdf\招商银行2025半年报.pdf,,,,661,679,资产负债表,226,226,254,资产负债表
600036_SH_pdf_招商银行2025半年报_pdf_e6770b40_chunk_662,pdf,pdf,"二级资本债和其他一
级资本工具持有人之
后
受偿顺序在存款人、一
般债权人及次级债之
后,与具有同等清偿
顺序的资本工具同顺
位受偿
受偿顺序在存款人、一
般债权人和处于高于
本期债券顺位的次级
债务之后,发行人股
东持有的所有类别股
份之前;本期债券与
发行人其他偿还顺序
相同的其他一级资本
工具同顺位受偿。
受偿顺序在存款人、一
般债权人和处于高于
本期债券顺位的次级
债务之后,发行人股
东持有的所有类别股
份之前;本期债券与
发行人其他偿还顺序
相同的其他一级资本
工具同顺位受偿。
受偿顺序在存款人、一
般债权人和处于高于
本期债券顺位的次级
债务之后,发行人股
东持有的所有类别股
份之前;本期债券与
发行人其他偿还顺序
相同的其他一级资本
工具同顺位受偿。
受偿顺序在存款人、一
般债权人和处于高于
本期债券顺位的次级
债务之后,发行人股
东持有的所有类别股
份之前;本期债券与
发行人其他偿还顺序
相同的其他一级资本
工具同顺位受偿。
受偿顺序在存款人、一
般债权人和处于高于
本期债券顺位的次级
债务之后,发行人股
东持有的所有类别股
份之前;本期债券与
发行人其他偿还顺序
相同",600036.SH,招商银行,2025-06-30,2025,半年报,招商银行2025半年报,招商银行2025半年报.pdf,C:\Users\Administrator\Desktop\financial-poc\data\raw\pdf\招商银行2025半年报.pdf,,,,662,679,资产负债表,226,226,254,资产负债表
600036_SH_pdf_招商银行2025半年报_pdf_e6770b40_chunk_663,pdf,pdf,"人其他偿还顺序
相同的其他一级资本
工具同顺位受偿。
受偿顺序在存款人、一
般债权人和处于高于
本期债券顺位的次级
债务之后,发行人股
东持有的所有类别股
份之前;本期债券与
发行人其他偿还顺序
相同的其他一级资本
工具同顺位受偿。
受偿顺序在存款人、一
般债权人和处于高于
本期债券顺位的次级
债务之后,发行人股
东持有的所有类别股
份之前;本期债券与
发行人其他偿还顺序
相同的其他一级资本
工具同顺位受偿。
注:
以上附表一至附表三按照《商业银行资本管理办法》
(国家金融监督管理总局令第4号)口径计算及披露,为未经审计数据,与财务报表披露的口径存在差异。
247
第八章 财务报告
招商银行股份有限公司
2025年半年度报告(A股)
2. 杠杆率
本集团依据《商业银行资本管理办法》
(国家金融监督管理总局令第4号)指引编制的杠杆率如下。
与杠杆率监管项目对应的相关会计项目以及监管项目与会计项目的差异:
2025年6月30日
2025年3月31日
1
并表总资产
12,657,151
12,529,792
2
并表调整项
(79,678)
(77,865)
3
客户资产调整项
–
–
4",600036.SH,招商银行,2025-06-30,2025,半年报,招商银行2025半年报,招商银行2025半年报.pdf,C:\Users\Administrator\Desktop\financial-poc\data\raw\pdf\招商银行2025半年报.pdf,,,,663,679,资产负债表,226,226,254,资产负债表
600036_SH_pdf_招商银行2025半年报_pdf_e6770b40_chunk_664,pdf,pdf,"项目的差异:
2025年6月30日
2025年3月31日
1
并表总资产
12,657,151
12,529,792
2
并表调整项
(79,678)
(77,865)
3
客户资产调整项
–
–
4
衍生工具调整项
25,683
18,300
5
证券融资交易调整项
358
355
6
表外项目调整项
2,314,454
2,196,744
7
资产证券化交易调整项
–
–
8
未结算金融资产调整项
(83)
(3,825)
9
现金池调整项
–
–
10
存款准备金调整项(如有)
–
–
11
审慎估值和减值准备调整项
–
–
12
其他调整项
(13,308)
(13,169)
13
调整后表内外资产余额
14,904,577
14,650,332
248
第八章 财务报告
招商银行股份有限公司
2025年半年度报告(A股)
2. 杠杆率(续)
杠杆率水平、一级资本净额、调整后的表内外资产及相关明细项目信息:
2025年6月30日
2025年3月31日
表内资产余额
1
表内资产(除衍生工具和证券融资交易外)
12,605,679
12,480,569
2
减:减值准备
(316",600036.SH,招商银行,2025-06-30,2025,半年报,招商银行2025半年报,招商银行2025半年报.pdf,C:\Users\Administrator\Desktop\financial-poc\data\raw\pdf\招商银行2025半年报.pdf,,,,664,679,资产负债表,226,226,254,资产负债表
600036_SH_pdf_招商银行2025半年报_pdf_e6770b40_chunk_665,pdf,pdf,"外资产及相关明细项目信息:
2025年6月30日
2025年3月31日
表内资产余额
1
表内资产(除衍生工具和证券融资交易外)
12,605,679
12,480,569
2
减:减值准备
(316,414)
(316,708)
3
减:一级资本扣减项
(13,308)
(13,169)
4
调整后的表内资产余额(衍生工具和证券融资交易除外)
12,275,957
12,150,692
衍生工具资产余额
5
各类衍生工具的重置成本(扣除合格保证金,考虑双边净额
结算协议的影响)
6,163
7,912
6
各类衍生工具的潜在风险暴露
39,490
34,009
7
已从资产负债表中扣除的抵质押品总和
–
–
8
减:因提供合格保证金形成的应收资产
–
–
9
减:为客户提供清算服务时与中央交易对手交易形成的
衍生工具资产余额
–
–
10
卖出信用衍生工具的名义本金
1,409
1,661
11
减:可扣除的卖出信用衍生工具资产余额
(2)
(2)
12
衍生工具资产余额
47,060
43,580
证券融资交易资产余额
13
证券融资交易的会计资产余额
266,748
258,96",600036.SH,招商银行,2025-06-30,2025,半年报,招商银行2025半年报,招商银行2025半年报.pdf,C:\Users\Administrator\Desktop\financial-poc\data\raw\pdf\招商银行2025半年报.pdf,,,,665,679,资产负债表,226,226,254,资产负债表
600036_SH_pdf_招商银行2025半年报_pdf_e6770b40_chunk_666,pdf,pdf,"1
11
减:可扣除的卖出信用衍生工具资产余额
(2)
(2)
12
衍生工具资产余额
47,060
43,580
证券融资交易资产余额
13
证券融资交易的会计资产余额
266,748
258,961
14
减:可以扣除的证券融资交易资产余额
–
–
15
证券融资交易的交易对手信用风险暴露
358
355
16
代理证券融资交易形成的证券融资交易资产余额
–
–
17
证券融资交易资产余额
267,106
259,316
表外项目余额
18
表外项目余额
10,253,367
9,992,738
19
减:因信用转换调整的表外项目余额
(7,922,102)
(7,780,160)
20
减:减值准备
(16,811)
(15,834)
21
调整后的表外项目余额
2,314,454
2,196,744
一级资本净额和调整后表内外资产余额
22
一级资本净额
1,264,037
1,222,698
23
调整后表内外资产余额
14,904,577
14,650,332
杠杆率
24
杠杆率
8.48%
8.35%
24a
杠杆率a
8.48%
8.35%
25
最低杠杆率要求
4.",600036.SH,招商银行,2025-06-30,2025,半年报,招商银行2025半年报,招商银行2025半年报.pdf,C:\Users\Administrator\Desktop\financial-poc\data\raw\pdf\招商银行2025半年报.pdf,,,,666,679,资产负债表,226,226,254,资产负债表
600036_SH_pdf_招商银行2025半年报_pdf_e6770b40_chunk_667,pdf,pdf,"22,698
23
调整后表内外资产余额
14,904,577
14,650,332
杠杆率
24
杠杆率
8.48%
8.35%
24a
杠杆率a
8.48%
8.35%
25
最低杠杆率要求
4.00%
4.00%
26
附加杠杆率要求
0.375%
0.375%
各类平均值的披露
27
证券融资交易的季日均余额
127,253
158,978
27a
证券融资交易的季末余额
266,748
258,961
28
调整后表内外资产余额a
14,765,082
14,550,349
28a
调整后表内外资产余额b
14,765,082
14,550,349
29
杠杆率b
8.56%
8.40%
29a
杠杆率c
8.56%
8.40%
249
第八章 财务报告
招商银行股份有限公司
2025年半年度报告(A股)
3. 流动性覆盖率
本集团根据《商业银行流动性覆盖率信息披露办法》的相关规定编制和披露流动性覆盖率信息。本集团2025年
第二季度流动性覆盖率均值为159.83%,较上季度下降5.85个百分点,主要受金融机构现金流出增加的影响。
本集团2025年第二季度末流动性覆盖率时点值",600036.SH,招商银行,2025-06-30,2025,半年报,招商银行2025半年报,招商银行2025半年报.pdf,C:\Users\Administrator\Desktop\financial-poc\data\raw\pdf\招商银行2025半年报.pdf,,,,667,679,资产负债表,226,226,254,资产负债表
600036_SH_pdf_招商银行2025半年报_pdf_e6770b40_chunk_668,pdf,pdf,"定编制和披露流动性覆盖率信息。本集团2025年
第二季度流动性覆盖率均值为159.83%,较上季度下降5.85个百分点,主要受金融机构现金流出增加的影响。
本集团2025年第二季度末流动性覆盖率时点值为184.00%,符合监管要求。本集团流动性覆盖率各明细项目的
2025年第二季度平均值如下表所示:
序号
折算前数值
折算后数值
合格优质流动性资产
1
合格优质流动性资产
2,551,631
现金流出
2
零售存款、小企业客户存款,其中:
4,441,517
394,527
3
稳定存款
992,500
49,625
4
欠稳定存款
3,449,017
344,902
5
无抵(质)押批发融资,其中:
4,747,465
1,672,158
6
业务关系存款(不包括代理行业务)
2,598,054
641,527
7
非业务关系存款(所有交易对手)
2,138,215
1,019,435
8
无抵(质)押债务
11,196
11,196
9
抵(质)押融资
2,188
10
其他项目,其中:
2,534,514
737,405
11
与衍生产品及其他抵(质)押品要求相关的现金流出
62",600036.SH,招商银行,2025-06-30,2025,半年报,招商银行2025半年报,招商银行2025半年报.pdf,C:\Users\Administrator\Desktop\financial-poc\data\raw\pdf\招商银行2025半年报.pdf,,,,668,679,资产负债表,226,226,254,资产负债表
600036_SH_pdf_招商银行2025半年报_pdf_e6770b40_chunk_669,pdf,pdf,"8
无抵(质)押债务
11,196
11,196
9
抵(质)押融资
2,188
10
其他项目,其中:
2,534,514
737,405
11
与衍生产品及其他抵(质)押品要求相关的现金流出
620,214
620,214
12
与抵(质)押债务工具融资流失相关的现金流出
–
–
13
信用便利和流动性便利
1,914,300
117,191
14
其他契约性融资义务
116,340
116,340
15
或有融资义务
3,850,214
122,706
16
预期现金流出总量
3,045,324
现金流入
17
抵(质)押借贷(包括逆回购和借入证券)
128,042
126,519
18
完全正常履约付款带来的现金流入
1,057,270
700,426
19
其他现金流入
620,011
619,682
20
预期现金流入总量
1,805,323
1,446,627
调整后数值
21
合格优质流动性资产
2,551,631
22
现金净流出量
1,598,697
23
流动性覆盖率(%)
159.83%
注:
1)
上表中各项数据为最近一个季度内91天数值的简单算术平均值。
2",600036.SH,招商银行,2025-06-30,2025,半年报,招商银行2025半年报,招商银行2025半年报.pdf,C:\Users\Administrator\Desktop\financial-poc\data\raw\pdf\招商银行2025半年报.pdf,,,,669,679,资产负债表,226,226,254,资产负债表
600036_SH_pdf_招商银行2025半年报_pdf_e6770b40_chunk_670,pdf,pdf,"1
合格优质流动性资产
2,551,631
22
现金净流出量
1,598,697
23
流动性覆盖率(%)
159.83%
注:
1)
上表中各项数据为最近一个季度内91天数值的简单算术平均值。
2)
上表中的“合格优质流动性资产”由现金、压力条件下可动用的央行准备金,以及符合《商业银行流动性风险管理办法》规定的一级资产
和二级资产定义的债券构成。
250
第八章 财务报告
招商银行股份有限公司
2025年半年度报告(A股)
4. 净稳定资金比例
本集团根据《商业银行净稳定资金比例信息披露办法》的相关规定编制和披露净稳定资金比例信息。本集团2025
年第二季度净稳定资金比例季末时点值为136.71%,较上季度提高2.93个百分点,基本保持平稳。本集团最近
两个季度的净稳定资金比例各明细项目如下表所示:
2025年6月30日
折算前数值
折算后数值
序号
无期限
<6个月
6-12个月
≥1年
可用的稳定资金
1
资本
1,277,355
–
–
–
1,277,355
2
监管资本
1,277,355
–
–
–
1,277,355
3
其他资本工具
–
–
–
–
–
4
来自零售",600036.SH,招商银行,2025-06-30,2025,半年报,招商银行2025半年报,招商银行2025半年报.pdf,C:\Users\Administrator\Desktop\financial-poc\data\raw\pdf\招商银行2025半年报.pdf,,,,670,679,资产负债表,226,226,254,资产负债表
600036_SH_pdf_招商银行2025半年报_pdf_e6770b40_chunk_671,pdf,pdf,"1年
可用的稳定资金
1
资本
1,277,355
–
–
–
1,277,355
2
监管资本
1,277,355
–
–
–
1,277,355
3
其他资本工具
–
–
–
–
–
4
来自零售和小企业客户的存款
2,524,777
2,184,893
43,545
9,900
4,338,960
5
稳定存款
1,013,315
8,553
1,444
980
973,127
6
欠稳定存款
1,511,462
2,176,340
42,101
8,920
3,365,833
7
批发融资
2,935,200
2,649,965
193,854
288,673
2,898,928
8
业务关系存款
2,644,643
–
–
–
1,322,321
9
其他批发融资
290,557
2,649,965
193,854
288,673
1,576,607
10
相互依存的负债
–
–
–
–
–
11
其他负债
4,201
226,268
83,501
187,692
200,463
12
净稳定资金比例衍生产品负债
28,979
13
以上未包括的所有其它负债和权益
4,201",600036.SH,招商银行,2025-06-30,2025,半年报,招商银行2025半年报,招商银行2025半年报.pdf,C:\Users\Administrator\Desktop\financial-poc\data\raw\pdf\招商银行2025半年报.pdf,,,,671,679,资产负债表,226,226,254,资产负债表
600036_SH_pdf_招商银行2025半年报_pdf_e6770b40_chunk_672,pdf,pdf,"–
–
–
11
其他负债
4,201
226,268
83,501
187,692
200,463
12
净稳定资金比例衍生产品负债
28,979
13
以上未包括的所有其它负债和权益
4,201
226,268
83,501
158,713
200,463
14
可用的稳定资金合计
8,715,706
所需的稳定资金
15
净稳定资金比例合格优质流动性资产
413,846
16
存放在金融机构的业务关系存款
52,214
8,673
43
–
30,955
17
贷款和证券
148,843
2,795,561
1,631,180
4,164,476
5,439,101
18
由一级资产担保的向金融机构发放的贷款
–
260,042
–
–
39,006
19
由非一级资产担保或无担保的向金融
机构发放的贷款
69
778,005
189,383
36,520
249,756
20
向零售和小企业客户、非金融机构、
主权、中央银行和公共部门实体等
发放的贷款
–
1,496,017
1,288,588
2,495,740
3,483,411
21
其中:风险权重不高于35%
–
6",600036.SH,招商银行,2025-06-30,2025,半年报,招商银行2025半年报,招商银行2025半年报.pdf,C:\Users\Administrator\Desktop\financial-poc\data\raw\pdf\招商银行2025半年报.pdf,,,,672,679,资产负债表,226,226,254,资产负债表
600036_SH_pdf_招商银行2025半年报_pdf_e6770b40_chunk_673,pdf,pdf,"零售和小企业客户、非金融机构、
主权、中央银行和公共部门实体等
发放的贷款
–
1,496,017
1,288,588
2,495,740
3,483,411
21
其中:风险权重不高于35%
–
66,260
51,164
151,355
157,093
22
住房抵押贷款
–
30,241
30,179
1,371,266
1,193,432
23
其中:风险权重不高于35%
–
–
–
–
–
24
不符合合格优质流动性资产标准的
非违约证券,包括交易所交易的
权益类证券
148,774
231,256
123,030
260,950
473,496
25
相互依存的资产
–
–
–
–
–
251
第八章 财务报告
招商银行股份有限公司
2025年半年度报告(A股)
4. 净稳定资金比例(续)
2025年6月30日(续)
折算前数值
折算后数值
序号
无期限
<6个月
6-12个月
≥1年
所需的稳定资金(续)
26
其他资产
58,269
107,733
33,321
79,116
252,856
27
实物交易的大宗商品(包括黄金)
15,604
13,264
28
提供的",600036.SH,招商银行,2025-06-30,2025,半年报,招商银行2025半年报,招商银行2025半年报.pdf,C:\Users\Administrator\Desktop\financial-poc\data\raw\pdf\招商银行2025半年报.pdf,,,,673,679,资产负债表,226,226,254,资产负债表
600036_SH_pdf_招商银行2025半年报_pdf_e6770b40_chunk_674,pdf,pdf,"≥1年
所需的稳定资金(续)
26
其他资产
58,269
107,733
33,321
79,116
252,856
27
实物交易的大宗商品(包括黄金)
15,604
13,264
28
提供的衍生产品初始保证金及提供给中央
交易对手的违约基金
612
520
29
净稳定资金比例衍生产品资产
30,190
1,211
30
衍生产品附加要求
6,273
6,273
31
以上未包括的所有其它资产
42,665
107,733
33,321
48,314
231,588
32
表外项目
6,239,278
238,432
33
所需的稳定资金合计
6,375,190
34
净稳定资金比例(%)
136.71%
2025年3月31日
折算前数值
折算后数值
序号
无期限
<6个月
6-12个月
≥1年
可用的稳定资金
1
资本
1,235,852
–
–
–
1,235,852
2
监管资本
1,235,852
–
–
–
1,235,852
3
其他资本工具
–
–
–
–
–
4
来自零售和小企业客户的存款
2,480,843
2,180,709
22,755
2,808
4,",600036.SH,招商银行,2025-06-30,2025,半年报,招商银行2025半年报,招商银行2025半年报.pdf,C:\Users\Administrator\Desktop\financial-poc\data\raw\pdf\招商银行2025半年报.pdf,,,,674,679,资产负债表,226,226,254,资产负债表
600036_SH_pdf_招商银行2025半年报_pdf_e6770b40_chunk_675,pdf,pdf,"管资本
1,235,852
–
–
–
1,235,852
3
其他资本工具
–
–
–
–
–
4
来自零售和小企业客户的存款
2,480,843
2,180,709
22,755
2,808
4,269,595
5
稳定存款
1,012,641
5,220
363
749
968,062
6
欠稳定存款
1,468,202
2,175,489
22,392
2,059
3,301,533
7
批发融资
3,016,311
2,684,881
193,841
269,707
2,876,220
8
业务关系存款
2,607,800
–
–
–
1,303,900
9
其他批发融资
408,511
2,684,881
193,841
269,707
1,572,320
10
相互依存的负债
–
–
–
–
–
11
其他负债
3,539
188,195
67,806
141,365
144,390
12
净稳定资金比例衍生产品负债
30,877
13
以上未包括的所有其它负债和权益
3,539
188,195
67,806
110,488
144,390
14
可用的稳定资金合计
8,",600036.SH,招商银行,2025-06-30,2025,半年报,招商银行2025半年报,招商银行2025半年报.pdf,C:\Users\Administrator\Desktop\financial-poc\data\raw\pdf\招商银行2025半年报.pdf,,,,675,679,资产负债表,226,226,254,资产负债表
600036_SH_pdf_招商银行2025半年报_pdf_e6770b40_chunk_676,pdf,pdf,",390
12
净稳定资金比例衍生产品负债
30,877
13
以上未包括的所有其它负债和权益
3,539
188,195
67,806
110,488
144,390
14
可用的稳定资金合计
8,526,057
252
第八章 财务报告
招商银行股份有限公司
2025年半年度报告(A股)
4. 净稳定资金比例(续)
2025年3月31日(续)
折算前数值
折算后数值
序号
无期限
<6个月
6-12个月
≥1年
所需的稳定资金
15
净稳定资金比例合格优质流动性资产
406,025
16
存放在金融机构的业务关系存款
45,578
9,766
41
–
27,957
17
贷款和证券
147,165
2,741,582
1,595,036
4,137,594
5,384,757
18
由一级资产担保的向金融机构发放的贷款
–
242,373
–
–
36,356
19
由非一级资产担保或无担保的向金融
机构发放的贷款
467
755,035
150,897
44,795
234,525
20
向零售和小企业客户、非金融机构、
主权、中央银行和公共部门实体等
发放的贷款
–
1,48",600036.SH,招商银行,2025-06-30,2025,半年报,招商银行2025半年报,招商银行2025半年报.pdf,C:\Users\Administrator\Desktop\financial-poc\data\raw\pdf\招商银行2025半年报.pdf,,,,676,679,资产负债表,226,226,254,资产负债表
600036_SH_pdf_招商银行2025半年报_pdf_e6770b40_chunk_677,pdf,pdf,"或无担保的向金融
机构发放的贷款
467
755,035
150,897
44,795
234,525
20
向零售和小企业客户、非金融机构、
主权、中央银行和公共部门实体等
发放的贷款
–
1,486,803
1,324,108
2,453,665
3,460,731
21
其中:风险权重不高于35%
–
89,341
42,846
151,702
164,700
22
住房抵押贷款
–
29,684
29,824
1,364,625
1,187,360
23
其中:风险权重不高于35%
–
–
–
–
–
24
不符合合格优质流动性资产标准的
非违约证券,包括交易所交易的
权益类证券
146,698
227,687
90,207
274,509
465,785
25
相互依存的资产
–
–
–
–
–
26
其他资产
33,968
134,430
58,279
122,145
322,924
27
实物交易的大宗商品(包括黄金)
8,164
6,939
28
提供的衍生产品初始保证金及提供给中央
交易对手的违约基金
787
669
29
净稳定资金比例衍生产品资产
34,479
3",600036.SH,招商银行,2025-06-30,2025,半年报,招商银行2025半年报,招商银行2025半年报.pdf,C:\Users\Administrator\Desktop\financial-poc\data\raw\pdf\招商银行2025半年报.pdf,,,,677,679,资产负债表,226,226,254,资产负债表
600036_SH_pdf_招商银行2025半年报_pdf_e6770b40_chunk_678,pdf,pdf,"924
27
实物交易的大宗商品(包括黄金)
8,164
6,939
28
提供的衍生产品初始保证金及提供给中央
交易对手的违约基金
787
669
29
净稳定资金比例衍生产品资产
34,479
3,602
30
衍生产品附加要求
6,542
6,542
31
以上未包括的所有其它资产
25,804
134,430
58,279
86,879
305,172
32
表外项目
5,960,480
231,295
33
所需的稳定资金合计
6,372,958
34
净稳定资金比例(%)
133.78%
注:
1)
本集团根据《商业银行流动性风险管理办法》及相关统计制度规定计算净稳定资金比例。
2)
上表所称“无期限”项目包括但不限于拥有永久期限的资本、无确定到期日(活期)存款、空头头寸、无到期日头寸、不符合合格优质流
动性资产标准的权益、实物交易的大宗商品等。
3)
上表第30项“衍生产品附加要求”填写衍生产品负债金额,即扣减变动保证金之前的净稳定资金比例衍生产品负债金额,不区分期限,
且折算前金额不纳入第26项“其他资产”合计。
因
您
而
變",600036.SH,招商银行,2025-06-30,2025,半年报,招商银行2025半年报,招商银行2025半年报.pdf,C:\Users\Administrator\Desktop\financial-poc\data\raw\pdf\招商银行2025半年报.pdf,,,,678,679,资产负债表,226,226,254,资产负债表
600519_SH_pdf_贵州茅台2024年年度报告_pdf_bf557ae6_chunk_0,pdf,pdf,"贵州茅台酒股份有限公司2024 年年度报告
1 / 143
公司代码:600519 公司简称:贵州茅台
贵州茅台酒股份有限公司
2024 年年度报告
贵州茅台酒股份有限公司2024 年年度报告
2 / 143
重要提示
一、 本公司董事会、监事会及董事、监事、高级管理人员保证年度报告内容的真实性、准确性、
完整性,不存在虚假记载、误导性陈述或重大遗漏,并承担个别和连带的法律责任。
二、 公司全体董事出席董事会会议。
三、 天健会计师事务所(特殊普通合伙)为本公司出具了标准无保留意见的审计报告。
四、 公司负责人张德芹、主管会计工作负责人蒋焰及会计机构负责人(会计主管人员)蔡聪应声
明:保证年度报告中财务报告的真实、准确、完整。
五、 董事会决议通过的本报告期利润分配预案或公积金转增股本预案
公司拟以实施权益分派股权登记日登记的总股本扣除回购专用账户中的股份为基数,实施
2024年年度利润分配,向全体股东每10股派发现金红利276.24元(含税)。截至2025年3月31日,
公司总股本1,256,197,800股,回购专用证券账户中股份数1,082,700股,总股本扣除回购专用证
券账户",600519.SH,贵州茅台,2024-12-31,2024,年报,贵州茅台2024年报,贵州茅台2024年年度报告.pdf,C:\Users\Administrator\Desktop\financial-poc\data\raw\pdf\贵州茅台2024年年度报告.pdf,,,,0,396,其他,1,1,2,
600519_SH_pdf_贵州茅台2024年年度报告_pdf_bf557ae6_chunk_1,pdf,pdf,"配,向全体股东每10股派发现金红利276.24元(含税)。截至2025年3月31日,
公司总股本1,256,197,800股,回购专用证券账户中股份数1,082,700股,总股本扣除回购专用证
券账户中的股份数为1,255,115,100股,以此计算合计派发现金红利34,671,299,522.40元(含税
)。在实施权益分派的股权登记日前公司总股本扣除回购专用证券账户内的股份数如发生变动的
,将维持分配总额不变,相应调整每股分红比例。以上利润分配预案需提交公司股东大会审议通
过后实施。
六、 前瞻性陈述的风险声明
√适用 □不适用
本年度报告中所涉及的未来计划、发展战略等前瞻性陈述因存在不确定性,不构成本公司对
投资者的实质承诺,敬请投资者注意投资风险。
七、 是否存在被控股股东及其他关联方非经营性占用资金情况
否
八、 是否存在违反规定决策程序对外提供担保的情况
否
九、 是否存在半数以上董事无法保证公司所披露年度报告的真实性、准确性和完整性
否",600519.SH,贵州茅台,2024-12-31,2024,年报,贵州茅台2024年报,贵州茅台2024年年度报告.pdf,C:\Users\Administrator\Desktop\financial-poc\data\raw\pdf\贵州茅台2024年年度报告.pdf,,,,1,396,其他,1,1,2,
600519_SH_pdf_贵州茅台2024年年度报告_pdf_bf557ae6_chunk_2,pdf,pdf,"十、 重大风险提示
本公司已在本年度报告中“公司关于公司未来发展的讨论与分析”章节阐述公司可能面对的
风险,敬请投资者予以关注。
十一、 其他
□适用 √不适用
贵州茅台酒股份有限公司2024 年年度报告
3 / 143
目录
第一节
释义 ................................................................................................................... 4
第二节
公司简介和主要财务指标 ............................................................................... 4
第三节",600519.SH,贵州茅台,2024-12-31,2024,年报,贵州茅台2024年报,贵州茅台2024年年度报告.pdf,C:\Users\Administrator\Desktop\financial-poc\data\raw\pdf\贵州茅台2024年年度报告.pdf,,,,2,396,风险提示,2,2,3,
600519_SH_pdf_贵州茅台2024年年度报告_pdf_bf557ae6_chunk_3,pdf,pdf,"管理层讨论与分析 ........................................................................................... 7
第四节
公司治理 ......................................................................................................... 22
第五节
环境与社会责任 ............................................................................................. 36
第六节
重要事项 ......................................................................................................... 40
第七节
股份变动及股东情况 ......................................",600519.SH,贵州茅台,2024-12-31,2024,年报,贵州茅台2024年报,贵州茅台2024年年度报告.pdf,C:\Users\Administrator\Desktop\financial-poc\data\raw\pdf\贵州茅台2024年年度报告.pdf,,,,3,396,管理层讨论,3,3,5,
600519_SH_pdf_贵州茅台2024年年度报告_pdf_bf557ae6_chunk_4,pdf,pdf,"............................................ 40
第七节
股份变动及股东情况 ..................................................................................... 49
第八节
优先股相关情况 ............................................................................................. 54
第九节
债券相关情况 ................................................................................................. 55
第十节
财务报告 ......................................................................................................... 55
备查文件目录
载有公",600519.SH,贵州茅台,2024-12-31,2024,年报,贵州茅台2024年报,贵州茅台2024年年度报告.pdf,C:\Users\Administrator\Desktop\financial-poc\data\raw\pdf\贵州茅台2024年年度报告.pdf,,,,4,396,管理层讨论,3,3,5,
600519_SH_pdf_贵州茅台2024年年度报告_pdf_bf557ae6_chunk_5,pdf,pdf,"...................................................................................... 55
备查文件目录
载有公司负责人、主管会计工作负责人及会计机构负责人(会计主管
人员)签名并盖章的会计报表。
载有会计师事务所盖章、注册会计师签名并盖章的审计报告原件。
报告期内,本公司在《中国证券报》《上海证券报》上公开披露过的
公司文件正本及公告的原稿。
贵州茅台酒股份有限公司2024 年年度报告
4 / 143
第一节
释义
一、 释义
在本报告书中,除非文义另有所指,下列词语具有如下含义:
常用词语释义
证监会
指
中国证券监督管理委员会
上交所
指
上海证券交易所
本公司、公司
指
贵州茅台酒股份有限公司
控股股东、集团公司
指
中国贵州茅台酒厂(集团)有限责任公司
报告期
指
2024 年度
本报告
指
2024 年年度报告
第二节
公司简介和主要财务指标
一、 公司信息
公司的中文名称
贵州茅台酒股份有限公司
公司的中文简称
贵州茅台
公司的外文名称
Kweichow Moutai Co.,Ltd.",600519.SH,贵州茅台,2024-12-31,2024,年报,贵州茅台2024年报,贵州茅台2024年年度报告.pdf,C:\Users\Administrator\Desktop\financial-poc\data\raw\pdf\贵州茅台2024年年度报告.pdf,,,,5,396,管理层讨论,3,3,5,
600519_SH_pdf_贵州茅台2024年年度报告_pdf_bf557ae6_chunk_6,pdf,pdf,"2024 年年度报告
第二节
公司简介和主要财务指标
一、 公司信息
公司的中文名称
贵州茅台酒股份有限公司
公司的中文简称
贵州茅台
公司的外文名称
Kweichow Moutai Co.,Ltd.
公司的法定代表人
张德芹
二、 联系人和联系方式
董事会秘书
证券事务代表
姓名
蒋焰
蔡聪应
联系地址
贵州省仁怀市茅台镇
贵州省仁怀市茅台镇
电话
0851-22386002
0851-22386002
传真
0851-22386193
0851-22386193
电子信箱
mtdm@moutaichina.com
mtdm@moutaichina.com
三、 基本情况简介
公司注册地址
贵州省仁怀市茅台镇
公司办公地址
贵州省仁怀市茅台镇
公司办公地址的邮政编码
564501
公司网址
http://www.moutaichina.com/
电子信箱
mtdm@moutaichina.com
四、 信息披露及备置地点
公司披露年度报告的媒体名称及网址
《中国证券报》《上海证券报》
公司披露年度报告的证券交易所网址
http://www.sse.com.cn/
公司年度报告备置地点",600519.SH,贵州茅台,2024-12-31,2024,年报,贵州茅台2024年报,贵州茅台2024年年度报告.pdf,C:\Users\Administrator\Desktop\financial-poc\data\raw\pdf\贵州茅台2024年年度报告.pdf,,,,6,396,管理层讨论,3,3,5,
600519_SH_pdf_贵州茅台2024年年度报告_pdf_bf557ae6_chunk_7,pdf,pdf,".com
四、 信息披露及备置地点
公司披露年度报告的媒体名称及网址
《中国证券报》《上海证券报》
公司披露年度报告的证券交易所网址
http://www.sse.com.cn/
公司年度报告备置地点
公司董事会办公室
五、 公司股票简况
公司股票简况
股票种类
股票上市交易所
股票简称
股票代码
变更前股票简称
A股
上海证券交易所
贵州茅台
600519
贵州茅台酒股份有限公司2024 年年度报告
5 / 143
六、 其他相关资料
公司聘请的会计师事务所
(境内)
名称
天健会计师事务所(特殊普通合伙)
办公地址
浙江省杭州市西湖区灵隐街道西溪路128号
签字会计师姓名
李青龙 梁正勇 曾志",600519.SH,贵州茅台,2024-12-31,2024,年报,贵州茅台2024年报,贵州茅台2024年年度报告.pdf,C:\Users\Administrator\Desktop\financial-poc\data\raw\pdf\贵州茅台2024年年度报告.pdf,,,,7,396,管理层讨论,3,3,5,
600519_SH_pdf_贵州茅台2024年年度报告_pdf_bf557ae6_chunk_8,pdf,pdf,"七、 近三年主要会计数据和财务指标
(一) 主要会计数据
单位:元 币种:人民币
主要会计数据
2024年
2023年
本期比
上年同
期增减
(%)
2022年
营业收入
170,899,152,276.34 147,693,604,994.14
15.71 124,099,843,771.99
归属于上市公司股东的净
利润
86,228,146,421.62
74,734,071,550.75
15.38
62,717,467,870.12
归属于上市公司股东的扣
除非经常性损益的净利润
86,240,905,977.42
74,752,564,425.52
15.37
62,792,896,829.57
经营活动产生的现金流量
净额
92,463,692,168.43
66,593,247,721.09
38.85
36,698,595,830.03
2024年末
2023年末
本期末
比上年
同期末
增减(
%)
2022年末
归属于上市公司股东的净
资产
233,105,984,399.47 215,668,571,607.43
8.09 197,480,041,239.46",600519.SH,贵州茅台,2024-12-31,2024,年报,贵州茅台2024年报,贵州茅台2024年年度报告.pdf,C:\Users\Administrator\Desktop\financial-poc\data\raw\pdf\贵州茅台2024年年度报告.pdf,,,,8,396,主要会计数据,5,5,6,
600519_SH_pdf_贵州茅台2024年年度报告_pdf_bf557ae6_chunk_9,pdf,pdf,"末
比上年
同期末
增减(
%)
2022年末
归属于上市公司股东的净
资产
233,105,984,399.47 215,668,571,607.43
8.09 197,480,041,239.46
总资产
298,944,579,918.70 272,699,660,092.25
9.62 254,500,826,096.02
股本
1,256,197,800.00
1,256,197,800.00
1,256,197,800.00
(二) 主要财务指标
主要财务指标
2024年
2023年
本期比上年同
期增减(%)
2022年
基本每股收益(元/股)
68.64
59.49
15.38
49.93
稀释每股收益(元/股)
68.64
59.49
15.38
49.93
扣除非经常性损益后的基本每
股收益(元/股)
68.65
59.51
15.37
49.99
加权平均净资产收益率(%)
36.02
34.19 增加1.83个百
分点
30.26
扣除非经常性损益后的加权平
均净资产收益率(%)
36.03
34.20 增加1.83个百
分点
30.29
报告期末公司前三年主要",600519.SH,贵州茅台,2024-12-31,2024,年报,贵州茅台2024年报,贵州茅台2024年年度报告.pdf,C:\Users\Administrator\Desktop\financial-poc\data\raw\pdf\贵州茅台2024年年度报告.pdf,,,,9,396,主要会计数据,5,5,6,
600519_SH_pdf_贵州茅台2024年年度报告_pdf_bf557ae6_chunk_10,pdf,pdf,"(%)
36.02
34.19 增加1.83个百
分点
30.26
扣除非经常性损益后的加权平
均净资产收益率(%)
36.03
34.20 增加1.83个百
分点
30.29
报告期末公司前三年主要会计数据和财务指标的说明
□适用 √不适用
贵州茅台酒股份有限公司2024 年年度报告
6 / 143
八、 境内外会计准则下会计数据差异
(一) 同时按照国际会计准则与按中国会计准则披露的财务报告中净利润和归属于上市公司股东
的净资产差异情况
□适用 √不适用
(二) 同时按照境外会计准则与按中国会计准则披露的财务报告中净利润和归属于上市公司股东
的净资产差异情况
□适用 √不适用
(三) 境内外会计准则差异的说明:
□适用 √不适用",600519.SH,贵州茅台,2024-12-31,2024,年报,贵州茅台2024年报,贵州茅台2024年年度报告.pdf,C:\Users\Administrator\Desktop\financial-poc\data\raw\pdf\贵州茅台2024年年度报告.pdf,,,,10,396,主要会计数据,5,5,6,
600519_SH_pdf_贵州茅台2024年年度报告_pdf_bf557ae6_chunk_11,pdf,pdf,"九、 2024 年分季度主要财务数据
单位:元 币种:人民币
第一季度
(1-3 月份)
第二季度
(4-6 月份)
第三季度
(7-9 月份)
第四季度
(10-12 月份)
营业收入
45,775,517,043.29
36,155,460,624.46
38,845,154,206.94
50,123,020,401.65
归属于上市公司股东
的净利润
24,065,262,374.15
17,630,348,609.22
19,131,941,135.14
25,400,594,303.11
归属于上市公司股东
的扣除非经常性损益
后的净利润
24,051,471,185.69
17,618,626,634.30
19,108,543,634.77
25,462,264,522.66
经营活动产生的现金
流量净额
9,187,422,415.09
27,434,411,397.54
7,799,552,404.82
48,042,305,950.98
季度数据与已披露定期报告数据差异说明
□适用 √不适用
十、 非经常性损益项目和金额
√适用 □不适用
单位:元 币种:人民币",600519.SH,贵州茅台,2024-12-31,2024,年报,贵州茅台2024年报,贵州茅台2024年年度报告.pdf,C:\Users\Administrator\Desktop\financial-poc\data\raw\pdf\贵州茅台2024年年度报告.pdf,,,,11,396,分季度财务,6,6,7,
600519_SH_pdf_贵州茅台2024年年度报告_pdf_bf557ae6_chunk_12,pdf,pdf,"7,799,552,404.82
48,042,305,950.98
季度数据与已披露定期报告数据差异说明
□适用 √不适用
十、 非经常性损益项目和金额
√适用 □不适用
单位:元 币种:人民币
非经常性损益项目
2024 年金额
附注
(如
适
用)
2023 年金额
2022 年金额
非流动性资产处置损益,包括已计
提资产减值准备的冲销部分
-6,898,481.82
1,152,516.17
-20,567,757.19
计入当期损益的政府补助,但与公
司正常经营业务密切相关、符合国
家政策规定、按照确定的标准享
有、对公司损益产生持续影响的政
府补助除外
4,539,419.20
17,137,523.89
14,973,304.55
除同公司正常经营业务相关的有效
套期保值业务外,非金融企业持有
金融资产和金融负债产生的公允价
值变动损益以及处置金融资产和金
26,539,092.99
2,439,902.57
贵州茅台酒股份有限公司2024 年年度报告
7 / 143
融负债产生的损益
除上述各项之外的其他营业外收入
和支出
-42,713,924.90
-47,733",600519.SH,贵州茅台,2024-12-31,2024,年报,贵州茅台2024年报,贵州茅台2024年年度报告.pdf,C:\Users\Administrator\Desktop\financial-poc\data\raw\pdf\贵州茅台2024年年度报告.pdf,,,,12,396,分季度财务,6,6,7,
600519_SH_pdf_贵州茅台2024年年度报告_pdf_bf557ae6_chunk_13,pdf,pdf,"92.99
2,439,902.57
贵州茅台酒股份有限公司2024 年年度报告
7 / 143
融负债产生的损益
除上述各项之外的其他营业外收入
和支出
-42,713,924.90
-47,733,771.71 -157,251,041.33
其他符合非经常性损益定义的损益
项目
2,395,600.72
4,710,466.67
63,840,000.00
减:所得税影响额
-4,034,573.45
-5,573,340.60
-24,751,373.49
少数股东权益影响额(税后)
655,835.44
1,772,852.96
1,174,838.97
合计
-12,759,555.80
-18,492,874.77
-75,428,959.45
对公司将《公开发行证券的公司信息披露解释性公告第1 号——非经常性损益》未列举的项目认
定为非经常性损益项目且金额重大的,以及将《公开发行证券的公司信息披露解释性公告第1 号
——非经常性损益》中列举的非经常性损益项目界定为经常性损益的项目,应说明原因。
□适用 √不适用
十一、 采用公允价值计量的项目
√适用 □不适用
单位:元",600519.SH,贵州茅台,2024-12-31,2024,年报,贵州茅台2024年报,贵州茅台2024年年度报告.pdf,C:\Users\Administrator\Desktop\financial-poc\data\raw\pdf\贵州茅台2024年年度报告.pdf,,,,13,396,分季度财务,6,6,7,
600519_SH_pdf_贵州茅台2024年年度报告_pdf_bf557ae6_chunk_14,pdf,pdf,"开发行证券的公司信息披露解释性公告第1 号
——非经常性损益》中列举的非经常性损益项目界定为经常性损益的项目,应说明原因。
□适用 √不适用
十一、 采用公允价值计量的项目
√适用 □不适用
单位:元 币种:人民币
项目名称
期初余额
期末余额
当期变动
对当期利润的
影响金额
交易性金融资产
400,712,059.93
248,513,280.00
-152,198,779.93 43,571,971.73
其他非流动金融资产 4,002,439,902.57 4,028,978,995.56
26,539,092.99 26,539,092.99
合计
4,403,151,962.50 4,277,492,275.56
-125,659,686.94 70,111,064.72
十二、 其他
□适用 √不适用
第三节",600519.SH,贵州茅台,2024-12-31,2024,年报,贵州茅台2024年报,贵州茅台2024年年度报告.pdf,C:\Users\Administrator\Desktop\financial-poc\data\raw\pdf\贵州茅台2024年年度报告.pdf,,,,14,396,分季度财务,6,6,7,
600519_SH_pdf_贵州茅台2024年年度报告_pdf_bf557ae6_chunk_15,pdf,pdf,"管理层讨论与分析
一、经营情况讨论与分析
2024 年,公司坚持以习近平新时代中国特色社会主义思想为指导,深入贯彻党的二十大和二
十届二中、三中全会精神,习近平总书记视察贵州重要讲话精神,全面落实省委、省政府决策部
署,锚定年度目标,统筹生产经营和改革发展各项任务,凝心聚力、全力拼搏、攻坚克难,圆满
完成各项目标任务,推动公司高质量发展、现代化建设再上新台阶。
二、报告期内公司所处行业情况
详见本报告第14 页“行业基本情况”及第20 页“行业格局和趋势”。
三、报告期内公司从事的业务情况
公司主要业务是茅台酒及系列酒的生产与销售。主导产品“贵州茅台酒”是我国大曲酱香型
白酒的鼻祖和典型代表,集国家地理标志产品、有机食品和国家非物质文化遗产于一身,公司营
销网络覆盖国内市场及五大洲64 个国家和地区。
公司经营模式为:采购原料—生产产品—销售产品。原料采购模式为:茅台酒用高粱采取“公
司+地方政府+供应商+合作社或农户”的模式,小麦采取“公司+供应商+合作社或农场”的模式,
其他原辅料及包装材料采购主要根据公司生产和销售计划,通过集中采购方式向市场采购;产品
生产工艺流程为:制曲—制酒",600519.SH,贵州茅台,2024-12-31,2024,年报,贵州茅台2024年报,贵州茅台2024年年度报告.pdf,C:\Users\Administrator\Desktop\financial-poc\data\raw\pdf\贵州茅台2024年年度报告.pdf,,,,15,396,管理层讨论,7,7,8,
600519_SH_pdf_贵州茅台2024年年度报告_pdf_bf557ae6_chunk_16,pdf,pdf,"地方政府+供应商+合作社或农户”的模式,小麦采取“公司+供应商+合作社或农场”的模式,
其他原辅料及包装材料采购主要根据公司生产和销售计划,通过集中采购方式向市场采购;产品
生产工艺流程为:制曲—制酒—贮存—勾兑—包装;销售模式为:公司产品通过直销和批发代理
贵州茅台酒股份有限公司2024 年年度报告
8 / 143
渠道进行销售。直销渠道指自营和“i 茅台”等数字营销平台渠道,批发代理渠道指社会经销商、
商超、电商等渠道。
四、报告期内核心竞争力分析
√适用 □不适用
公司坚持“顺天敬人、明理厚德”的企业核心价值观,拥有“品质、品牌、工艺、环境、文
化”组成的“五大核心竞争力”。报告期内公司核心竞争力未发生重大变化。
五、报告期内主要经营情况
一是经营业绩稳健增长。年度内公司实现营业总收入1,741.44 亿元,同比增长15.66%;归属
于上市公司股东的净利润862.28 亿元,同比增长15.38%,主要经济指标持续保持两位数增长,高
质量完成年度战略目标。贵州茅台酒在成为千亿级单品后,前三季度营收首次突破千亿,出口营
收首次突破50 亿元大关,继续彰显世界级大单品的独特魅力,系列",600519.SH,贵州茅台,2024-12-31,2024,年报,贵州茅台2024年报,贵州茅台2024年年度报告.pdf,C:\Users\Administrator\Desktop\financial-poc\data\raw\pdf\贵州茅台2024年年度报告.pdf,,,,16,396,管理层讨论,7,7,8,
600519_SH_pdf_贵州茅台2024年年度报告_pdf_bf557ae6_chunk_17,pdf,pdf,"长15.38%,主要经济指标持续保持两位数增长,高
质量完成年度战略目标。贵州茅台酒在成为千亿级单品后,前三季度营收首次突破千亿,出口营
收首次突破50 亿元大关,继续彰显世界级大单品的独特魅力,系列酒营收站稳200 亿元台阶。
二是治理效能不断提升。有效落实董事会“六大职权”,全年董事会召集召开2 次股东大会,
审议通过16 项议案,召开13 次董事会会议,审议通过39 项议案。持续推进全面风险管理体系建
设,实现风险防控效能全面提升。深化创奖成果运用,构建完善预算、绩效管理体系并顺利运行;
深度践行ESG 理念,ESG 评级位列当前中国白酒行业最高评级,荣获“中国ESG 榜样企业”;获
得EFQM 全球奖(七钻)暨“鼓舞人心的文化”杰出成就奖。
三是文化赋能持续深化。深入挖掘茅台文化内涵,优化提升茅台文化体系,发布《茅台玖章》,
以“酿造高品质生活”的使命、“让世界爱上茅台、让茅台香飘世界”的愿景、“顺天敬人、明理厚德”
的企业核心价值观、“爱我茅台,为国争光”的企业精神、“质量是生命之魂”的质量信仰,共同构筑
茅台人团结奋进的精神纽带,汇聚推动茅台持续稳定健康发展的内在动力。
四",600519.SH,贵州茅台,2024-12-31,2024,年报,贵州茅台2024年报,贵州茅台2024年年度报告.pdf,C:\Users\Administrator\Desktop\financial-poc\data\raw\pdf\贵州茅台2024年年度报告.pdf,,,,17,396,管理层讨论,7,7,8,
600519_SH_pdf_贵州茅台2024年年度报告_pdf_bf557ae6_chunk_18,pdf,pdf,"世界”的愿景、“顺天敬人、明理厚德”
的企业核心价值观、“爱我茅台,为国争光”的企业精神、“质量是生命之魂”的质量信仰,共同构筑
茅台人团结奋进的精神纽带,汇聚推动茅台持续稳定健康发展的内在动力。
四是品牌影响稳居榜首。贵州茅台以872.98 亿美元的品牌价值,连续七年稳居凯度“BrandZ
最具价值中国品牌100 强”酒类品牌第一,首次跃升至中国品牌100 强第二位;以501 亿美元的品
牌价值,第9 次蝉联英国“Brand Finance 全球烈酒品牌价值榜”榜首,品牌价值依然领跑行业。
五是市值管理再创新绩。首次制定《市值管理办法》,提升管理规范化水平;发布2024-2026
三年分红规划,建立长效回报机制,有效稳定投资者预期;首次启动股份回购计划,公司以自有
资金通过集中竞价交易方式回购股份,回购股份用于注销并减少公司注册资本,回购金额不低于
30 亿元(含)且不超过60 亿元(含),持续践行真金白银回报股东。
(一) 主营业务分析",600519.SH,贵州茅台,2024-12-31,2024,年报,贵州茅台2024年报,贵州茅台2024年年度报告.pdf,C:\Users\Administrator\Desktop\financial-poc\data\raw\pdf\贵州茅台2024年年度报告.pdf,,,,18,396,管理层讨论,7,7,8,
600519_SH_pdf_贵州茅台2024年年度报告_pdf_bf557ae6_chunk_19,pdf,pdf,"1、 利润表及现金流量表相关科目变动分析表
单位:元 币种:人民币
科目
本期数
上年同期数
变动比例
(%)
营业收入
170,899,152,276.34 147,693,604,994.14
15.71
营业成本
13,789,482,367.98
11,867,273,851.78
16.20
销售费用
5,639,300,059.49
4,648,613,585.82
21.31
管理费用
9,315,650,060.38
9,729,389,252.31
-4.25
财务费用
-1,470,219,863.34
-1,789,503,701.48
不适用
研发费用
218,375,472.87
157,371,873.01
38.76
经营活动产生的现金流量净额
92,463,692,168.43
66,593,247,721.09
38.85
投资活动产生的现金流量净额
-1,785,202,630.71
-9,724,414,015.16
不适用
筹资活动产生的现金流量净额
-71,067,506,484.81 -58,889,101,991.94
不适用
营业收入变动",600519.SH,贵州茅台,2024-12-31,2024,年报,贵州茅台2024年报,贵州茅台2024年年度报告.pdf,C:\Users\Administrator\Desktop\financial-poc\data\raw\pdf\贵州茅台2024年年度报告.pdf,,,,19,396,现金流量表,8,8,17,利润表
600519_SH_pdf_贵州茅台2024年年度报告_pdf_bf557ae6_chunk_20,pdf,pdf,",785,202,630.71
-9,724,414,015.16
不适用
筹资活动产生的现金流量净额
-71,067,506,484.81 -58,889,101,991.94
不适用
营业收入变动原因说明:主要是本期销量增加及茅台酒主要产品销售价格调整。
营业成本变动原因说明:主要是本期销量增加、原材料及人工成本上涨。
销售费用变动原因说明:主要是本期市场推广及服务费增加。
贵州茅台酒股份有限公司2024 年年度报告
9 / 143
财务费用变动原因说明:主要是本期商业银行存款利率下降。
研发费用变动原因说明:主要是本期研发项目增加。
经营活动产生的现金流量净额变动原因说明:主要是本期公司销售商品收到的现金增加及控股子
公司贵州茅台集团财务有限公司归集集团公司其他成员单位资金较上期增加。
投资活动产生的现金流量净额变动原因说明:主要是上期公司支付产业发展基金投资及本期公司
控股子公司贵州茅台集团财务有限公司同业存单等投资业务减少。
筹资活动产生的现金流量净额变动原因说明:主要是本期分配现金股利增加。
本期公司业务类型、利润构成或利润来源发生重大变动的详细说明
□适用 √不适用
2、",600519.SH,贵州茅台,2024-12-31,2024,年报,贵州茅台2024年报,贵州茅台2024年年度报告.pdf,C:\Users\Administrator\Desktop\financial-poc\data\raw\pdf\贵州茅台2024年年度报告.pdf,,,,20,396,现金流量表,8,8,17,利润表
600519_SH_pdf_贵州茅台2024年年度报告_pdf_bf557ae6_chunk_21,pdf,pdf,"州茅台集团财务有限公司同业存单等投资业务减少。
筹资活动产生的现金流量净额变动原因说明:主要是本期分配现金股利增加。
本期公司业务类型、利润构成或利润来源发生重大变动的详细说明
□适用 √不适用
2、 收入和成本分析
√适用 □不适用
(1). 主营业务分行业、分产品、分地区、分销售模式情况
单位:元 币种:人民币
主营业务分行业情况
分行业
营业收入
营业成本
毛利率
(%)
营业收入
比上年增
减(%)
营业成本比
上年增减
(%)
毛利率比
上年增减
酒类
170,611,838,052.02
13,629,995,812.89
92.01
15.89
17.30
减少0.1
个百分点
主营业务分产品情况
分产品
营业收入
营业成本
毛利率
(%)
营业收入
比上年增
减(%)
营业成本比
上年增减
(%)
毛利率比
上年增减
茅台酒
145,928,075,955.31
8,662,079,388.78
94.06
15.28
16.34
减少0.06
个百分点
其他系列
酒
24,683,762,096.71
4,967,916,424.11
79.87
19.65
19.0",600519.SH,贵州茅台,2024-12-31,2024,年报,贵州茅台2024年报,贵州茅台2024年年度报告.pdf,C:\Users\Administrator\Desktop\financial-poc\data\raw\pdf\贵州茅台2024年年度报告.pdf,,,,21,396,现金流量表,8,8,17,利润表
600519_SH_pdf_贵州茅台2024年年度报告_pdf_bf557ae6_chunk_22,pdf,pdf,",079,388.78
94.06
15.28
16.34
减少0.06
个百分点
其他系列
酒
24,683,762,096.71
4,967,916,424.11
79.87
19.65
19.00
增加0.11
个百分点
主营业务分地区情况
分地区
营业收入
营业成本
毛利率
(%)
营业收入
比上年增
减(%)
营业成本比
上年增减
(%)
毛利率比
上年增减
国内
165,423,308,808.24
13,226,875,459.60
92.00
15.79
17.26
减少0.1
个百分点
国外
5,188,529,243.78
403,120,353.29
92.23
19.27
18.57
增加0.05
个百分点
主营业务分销售模式情况
销售模式
营业收入
营业成本
毛利率
(%)
营业收入
比上年增
减(%)
营业成本比
上年增减
(%)
毛利率比
上年增减
批发代理
95,768,511,021.23
10,136,042,973.30
89.42
19.73
18.28
增加0.13
个百分点
直销
74,843,327,030.79
3,493,952,839",600519.SH,贵州茅台,2024-12-31,2024,年报,贵州茅台2024年报,贵州茅台2024年年度报告.pdf,C:\Users\Administrator\Desktop\financial-poc\data\raw\pdf\贵州茅台2024年年度报告.pdf,,,,22,396,现金流量表,8,8,17,利润表
600519_SH_pdf_贵州茅台2024年年度报告_pdf_bf557ae6_chunk_23,pdf,pdf,"95,768,511,021.23
10,136,042,973.30
89.42
19.73
18.28
增加0.13
个百分点
直销
74,843,327,030.79
3,493,952,839.59
95.33
11.32
14.52
减少0.13
个百分点
(2). 产销量情况分析表
√适用 □不适用
主要产品
单位
生产量
销售量
库存量
生产量比
销售量比
库存量比
贵州茅台酒股份有限公司2024 年年度报告
10 / 143
上年增减
(%)
上年增减
(%)
上年增减
(%)
酒类
吨
104,384.50 83,332.76 310,008.02
4.24
13.73
5.52
(3). 重大采购合同、重大销售合同的履行情况
□适用 √不适用
(4). 成本分析表
单位:元
分行业情况
分行业
成本构成
项目
本期金额
本期占
总成本
比例(%)
上年同期金额
上年同
期占总
成本比
例(%)
本期金
额较上
年同期
变动比
例(%)
情况
说明
酒类
13,629,995,812.89
100.00 11,620,203,653.32
100.00
17.30
分",600519.SH,贵州茅台,2024-12-31,2024,年报,贵州茅台2024年报,贵州茅台2024年年度报告.pdf,C:\Users\Administrator\Desktop\financial-poc\data\raw\pdf\贵州茅台2024年年度报告.pdf,,,,23,396,现金流量表,8,8,17,利润表
600519_SH_pdf_贵州茅台2024年年度报告_pdf_bf557ae6_chunk_24,pdf,pdf,"期占总
成本比
例(%)
本期金
额较上
年同期
变动比
例(%)
情况
说明
酒类
13,629,995,812.89
100.00 11,620,203,653.32
100.00
17.30
分产品情况
分产品
成本构成
项目
本期金额
本期占
总成本
比例(%)
上年同期金额
上年同
期占总
成本比
例(%)
本期金
额较上
年同期
变动比
例(%)
情况
说明
酒类
直接材料
6,895,320,421.92
50.59
5,984,160,283.88
51.50
15.23
直接人工
5,224,448,485.08
38.32
4,372,013,596.08
37.63
19.50
制造费用
776,373,890.79
5.70
640,613,571.24
5.51
21.19
燃料动力
422,328,634.52
3.10
351,386,305.23
3.02
20.19
运输费
311,524,380.58
2.29
272,029,896.89
2.34
14.52
合计
13,629,995,812.89
100.00
11,620,203,653.3",600519.SH,贵州茅台,2024-12-31,2024,年报,贵州茅台2024年报,贵州茅台2024年年度报告.pdf,C:\Users\Administrator\Desktop\financial-poc\data\raw\pdf\贵州茅台2024年年度报告.pdf,,,,24,396,现金流量表,8,8,17,利润表
600519_SH_pdf_贵州茅台2024年年度报告_pdf_bf557ae6_chunk_25,pdf,pdf,"20.19
运输费
311,524,380.58
2.29
272,029,896.89
2.34
14.52
合计
13,629,995,812.89
100.00
11,620,203,653.32
100.00
17.30
(5). 报告期主要子公司股权变动导致合并范围变化
□适用 √不适用
(6). 公司报告期内业务、产品或服务发生重大变化或调整有关情况
□适用 √不适用
(7). 主要销售客户及主要供应商情况
A.公司主要销售客户情况
√适用 □不适用
前五名客户销售额1,964,793.93 万元,占年度销售总额11.52%;其中前五名客户销售额中
关联方销售额656,041.77 万元,占年度销售总额3.85%。
报告期内向单个客户的销售比例超过总额的50%、前5 名客户中存在新增客户的或严重依赖
于少数客户的情形
□适用 √不适用
B.公司主要供应商情况
√适用 □不适用
前五名供应商采购额304,247.59 万元,占年度采购总额35.43%;其中前五名供应商采购额
中关联方采购额130,712.33 万元,占年度采购总额15.22%。
贵州茅台酒股份有限公司2024",600519.SH,贵州茅台,2024-12-31,2024,年报,贵州茅台2024年报,贵州茅台2024年年度报告.pdf,C:\Users\Administrator\Desktop\financial-poc\data\raw\pdf\贵州茅台2024年年度报告.pdf,,,,25,396,现金流量表,8,8,17,利润表
600519_SH_pdf_贵州茅台2024年年度报告_pdf_bf557ae6_chunk_26,pdf,pdf,"前五名供应商采购额304,247.59 万元,占年度采购总额35.43%;其中前五名供应商采购额
中关联方采购额130,712.33 万元,占年度采购总额15.22%。
贵州茅台酒股份有限公司2024 年年度报告
11 / 143
报告期内向单个供应商的采购比例超过总额的50%、前5 名供应商中存在新增供应商的或严
重依赖于少数供应商的情形
□适用 √不适用
3、 费用
√适用 □不适用
销售费用本期5,639,300,059.49 元,上期4,648,613,585.82 元,同比增加主要是本期市场
推广及服务费增加。
财务费用本期-1,470,219,863.34 元,上期-1,789,503,701.48 元,同比变动主要是本期商
业银行存款利率下降。
4、 研发投入
(1).研发投入情况表
√适用 □不适用
单位:元
本期费用化研发投入
593,779,816.96
本期资本化研发投入
101,596,918.85
研发投入合计
695,376,735.81
研发投入总额占营业收入比例(%)
0.41
研发投入资本化的比重(%)
14.61
注:本期费用化研发支出包括列入生产成",600519.SH,贵州茅台,2024-12-31,2024,年报,贵州茅台2024年报,贵州茅台2024年年度报告.pdf,C:\Users\Administrator\Desktop\financial-poc\data\raw\pdf\贵州茅台2024年年度报告.pdf,,,,26,396,现金流量表,8,8,17,利润表
600519_SH_pdf_贵州茅台2024年年度报告_pdf_bf557ae6_chunk_27,pdf,pdf,"投入
101,596,918.85
研发投入合计
695,376,735.81
研发投入总额占营业收入比例(%)
0.41
研发投入资本化的比重(%)
14.61
注:本期费用化研发支出包括列入生产成本的研发支出及科研人员工资等支出。
(2).研发人员情况表
√适用 □不适用
公司研发人员的数量
801
研发人员数量占公司总人数的比例(%)
2.31
研发人员学历结构
学历结构类别
学历结构人数
博士研究生
84
硕士研究生
174
本科
467
专科
63
高中及以下
13
研发人员年龄结构
年龄结构类别
年龄结构人数
30 岁以下(不含30 岁)
150
30-40 岁(含30 岁,不含40 岁)
413
40-50 岁(含40 岁,不含50 岁)
183
50-60 岁(含50 岁,不含60 岁)
43
60 岁及以上
12
(3).情况说明
□适用 √不适用
(4).研发人员构成发生重大变化的原因及对公司未来发展的影响
□适用 √不适用
贵州茅台酒股份有限公司2024 年年度报告
12 / 143
5、 现金流
√适用 □不适用
单位:元 币种:人民币
项目
本期发生额
上期发",600519.SH,贵州茅台,2024-12-31,2024,年报,贵州茅台2024年报,贵州茅台2024年年度报告.pdf,C:\Users\Administrator\Desktop\financial-poc\data\raw\pdf\贵州茅台2024年年度报告.pdf,,,,27,396,现金流量表,8,8,17,利润表
600519_SH_pdf_贵州茅台2024年年度报告_pdf_bf557ae6_chunk_28,pdf,pdf,"生重大变化的原因及对公司未来发展的影响
□适用 √不适用
贵州茅台酒股份有限公司2024 年年度报告
12 / 143
5、 现金流
√适用 □不适用
单位:元 币种:人民币
项目
本期发生额
上期发生额
本期比上年同
期增减(%)
客户存款和同业存放款项净增加额
11,060,205,782.10
-810,223,002.76
不适用
收到的税费返还
1,500,047.04
-100.00
收到其他与经营活动有关的现金
3,258,097,705.14
2,346,196,470.63
38.87
客户贷款及垫款净增加额
262,376,929.65
-2,051,930,316.19
不适用
存放中央银行和同业款项净增加额
-4,585,245,646.29
1,570,003,429.01
不适用
拆出资金净增加额
-400,000,000.00
2,500,000,000.00
不适用
支付利息、手续费及佣金的现金
97,061,751.28
142,896,151.21
-32.08
取得投资收益收到的现金
92,382,151.66
140,715,000.00
-34",600519.SH,贵州茅台,2024-12-31,2024,年报,贵州茅台2024年报,贵州茅台2024年年度报告.pdf,C:\Users\Administrator\Desktop\financial-poc\data\raw\pdf\贵州茅台2024年年度报告.pdf,,,,28,396,现金流量表,8,8,17,利润表
600519_SH_pdf_贵州茅台2024年年度报告_pdf_bf557ae6_chunk_29,pdf,pdf,"不适用
支付利息、手续费及佣金的现金
97,061,751.28
142,896,151.21
-32.08
取得投资收益收到的现金
92,382,151.66
140,715,000.00
-34.35
处置固定资产、无形资产和其他长期资产收回
的现金净额
715,708.44
24,948,352.95
-97.13
购建固定资产、无形资产和其他长期资产支付
的现金
4,678,712,053.56
2,619,755,888.79
78.59
投资支付的现金
5,745,136,000.00
14,817,852,800.00
-61.23
支付其他与投资活动有关的现金
9,984,973.67
7,021,867.10
42.20
汇率变动对现金及现金等价物的影响
-1,082,747.55
1,718,255.65
不适用
(1)客户存款和同业存放款项净增加额变动主要是公司控股子公司贵州茅台集团财务有限公司
归集集团公司其他成员单位资金较上期增加。
(2)收到的税费返还减少主要是公司控股子公司北京友谊使者商贸有限公司上期收到税费返还。
(3)收到其他与经营活动有关的现金增加",600519.SH,贵州茅台,2024-12-31,2024,年报,贵州茅台2024年报,贵州茅台2024年年度报告.pdf,C:\Users\Administrator\Desktop\financial-poc\data\raw\pdf\贵州茅台2024年年度报告.pdf,,,,29,396,现金流量表,8,8,17,利润表
600519_SH_pdf_贵州茅台2024年年度报告_pdf_bf557ae6_chunk_30,pdf,pdf,"子公司贵州茅台集团财务有限公司
归集集团公司其他成员单位资金较上期增加。
(2)收到的税费返还减少主要是公司控股子公司北京友谊使者商贸有限公司上期收到税费返还。
(3)收到其他与经营活动有关的现金增加主要是公司收到到期商业银行存款利息增加。
(4)客户贷款及垫款净增加额增加主要是公司控股子公司贵州茅台集团财务有限公司上期收回
发放成员单位贷款及本期买方信贷业务增加。
(5)存放中央银行和同业款项净增加额减少主要是公司控股子公司贵州茅台集团财务有限公司
存入的不可提前支取的同业定期存款净增加额较上期减少。
(6)拆出资金净增加额减少主要是公司控股子公司贵州茅台集团财务有限公司收回同业拆出资
金。
(7)支付利息、手续费及佣金的现金减少主要是公司控股子公司贵州茅台集团财务有限公司支
付利息较上期减少。
(8)取得投资收益收到的现金减少主要是公司上期收到到期大额存单利息。
(9)处置固定资产、无形资产和其他长期资产收回的现金净额减少主要是本期处置固定资产较
上期减少。
(10)购建固定资产、无形资产和其他长期资产支付的现金增加主要是支付基本建设工程款较上
期增加。
(11)投资支付的现金减少",600519.SH,贵州茅台,2024-12-31,2024,年报,贵州茅台2024年报,贵州茅台2024年年度报告.pdf,C:\Users\Administrator\Desktop\financial-poc\data\raw\pdf\贵州茅台2024年年度报告.pdf,,,,30,396,现金流量表,8,8,17,利润表
600519_SH_pdf_贵州茅台2024年年度报告_pdf_bf557ae6_chunk_31,pdf,pdf,"形资产和其他长期资产收回的现金净额减少主要是本期处置固定资产较
上期减少。
(10)购建固定资产、无形资产和其他长期资产支付的现金增加主要是支付基本建设工程款较上
期增加。
(11)投资支付的现金减少主要是上期公司支付产业发展基金投资及本期公司控股子公司贵州茅
台集团财务有限公司同业存单等投资业务减少。
(12)支付其他与投资活动有关的现金增加是退付的基本建设履约保证金较上期增加。
(13)汇率变动对现金及现金等价物的影响增加是公司全资子公司贵州茅台酒巴黎贸易有限公司
境外经营财务报表折算为记账本位币报表产生的外币折算差额。
(二) 非主营业务导致利润重大变化的说明
□适用 √不适用
(三) 资产、负债情况分析
√适用 □不适用
贵州茅台酒股份有限公司2024 年年度报告
13 / 143
1、 资产及负债状况
单位:元
项目名称
本期期末数
本期期
末数占
总资产
的比例
(%)
上期期末数
上期期
末数占
总资产
的比例
(%)
本期期末
金额较上
期期末变
动比例
(%)
情况说明
货币资金
59,295,822,956.89
19.84
69,070,136,376.12
25",600519.SH,贵州茅台,2024-12-31,2024,年报,贵州茅台2024年报,贵州茅台2024年年度报告.pdf,C:\Users\Administrator\Desktop\financial-poc\data\raw\pdf\贵州茅台2024年年度报告.pdf,,,,31,396,现金流量表,8,8,17,利润表
600519_SH_pdf_贵州茅台2024年年度报告_pdf_bf557ae6_chunk_32,pdf,pdf,"末数
上期期
末数占
总资产
的比例
(%)
本期期末
金额较上
期期末变
动比例
(%)
情况说明
货币资金
59,295,822,956.89
19.84
69,070,136,376.12
25.33
-14.15
拆出资金
127,187,293,298.17
42.55
105,553,836,462.58
38.71
20.50
交易性金融资产
248,513,280.00
0.08
400,712,059.93
0.15
-37.98
主要是公司控股子公司贵州茅台
集团财务有限公司上期债务工具
投资到期收回
应收票据
1,984,407,967.50
0.66
13,933,440.00
0.01
14,142.05
主要是公司全资子公司贵州茅台
酱香酒营销有限公司银行承兑汇
票办理销售业务增加
应收账款
18,974,192.75
0.01
60,373,410.41
0.02
-68.57
主要是公司控股子公司贵州茅台
酒销售有限公司线上平台应收货
款减少
买入返售金融资
产
7,220,310,691.10
2.42
3,504,849,885.05
1.29
10",600519.SH,贵州茅台,2024-12-31,2024,年报,贵州茅台2024年报,贵州茅台2024年年度报告.pdf,C:\Users\Administrator\Desktop\financial-poc\data\raw\pdf\贵州茅台2024年年度报告.pdf,,,,32,396,现金流量表,8,8,17,利润表
600519_SH_pdf_贵州茅台2024年年度报告_pdf_bf557ae6_chunk_33,pdf,pdf,"02
-68.57
主要是公司控股子公司贵州茅台
酒销售有限公司线上平台应收货
款减少
买入返售金融资
产
7,220,310,691.10
2.42
3,504,849,885.05
1.29
106.01
主要是公司控股子公司贵州茅台
集团财务有限公司国债逆回购增
加
存货
54,343,285,157.47
18.18
46,435,185,061.53
17.03
17.03
其他流动资产
160,176,582.69
0.05
71,403,906.57
0.03
124.32
主要是留抵增值税进项税额增加
一年内到期的非
流动资产
1,210,959,803.42
0.41
不适用
主要是公司控股子公司贵州茅台
集团财务有限公司部分债权投资
将于1 年内到期
债权投资
1,515,174,439.92
0.51
5,323,002,071.02
1.95
-71.54
主要是公司控股子公司贵州茅台
集团财务有限公司购买债券投资
到期收回
固定资产
21,871,446,747.14
7.32
19,909,280,655.97
7.30
9.86
投资性房地产
7,625,",600519.SH,贵州茅台,2024-12-31,2024,年报,贵州茅台2024年报,贵州茅台2024年年度报告.pdf,C:\Users\Administrator\Desktop\financial-poc\data\raw\pdf\贵州茅台2024年年度报告.pdf,,,,33,396,现金流量表,8,8,17,利润表
600519_SH_pdf_贵州茅台2024年年度报告_pdf_bf557ae6_chunk_34,pdf,pdf,"司控股子公司贵州茅台
集团财务有限公司购买债券投资
到期收回
固定资产
21,871,446,747.14
7.32
19,909,280,655.97
7.30
9.86
投资性房地产
7,625,167.83
0.003
4,138,545.33
0.002
84.25
主要是公司对外出租房屋增加
使用权资产
410,594,173.53
0.14
314,205,484.56
0.12
30.68
主要是公司控股子公司贵州茅台
酒销售有限公司新增租赁
开发支出
98,522,878.42
0.03
218,015,555.49
0.08
-54.81
主要是部分资本化项目结题转无
形资产
其他非流动资产
232,395,817.46
0.08
109,563,497.23
0.04
112.11
主要是公司支付工程安全文明措
施费及信息化建设项目款
合同负债
9,592,453,014.66
3.21
14,125,755,802.29
5.18
-32.09
主要是经销商预付货款减少
吸收存款及同业
存放
23,102,858,820.97
7.73
12,034,492,90",600519.SH,贵州茅台,2024-12-31,2024,年报,贵州茅台2024年报,贵州茅台2024年年度报告.pdf,C:\Users\Administrator\Desktop\financial-poc\data\raw\pdf\贵州茅台2024年年度报告.pdf,,,,34,396,现金流量表,8,8,17,利润表
600519_SH_pdf_贵州茅台2024年年度报告_pdf_bf557ae6_chunk_35,pdf,pdf,"4.66
3.21
14,125,755,802.29
5.18
-32.09
主要是经销商预付货款减少
吸收存款及同业
存放
23,102,858,820.97
7.73
12,034,492,909.95
4.41
91.97
主要是公司控股子公司贵州茅台
集团财务有限公司吸收集团成员
单位存款较年初增加
一年内到期的非
流动负债
111,951,112.20
0.04
57,054,879.48
0.02
96.22
主要是1 年内到期的租赁负债增
加
其他流动负债
1,222,693,799.51
0.41
1,822,498,012.30
0.67
-32.91
主要是经销商预付货款减少,待
转销项税相应减少
递延所得税负债
103,367,763.38
0.03
78,943,062.19
0.03
30.94
主要是公司控股子公司贵州茅台
酒销售有限公司新增库房租赁,
递延所得税相应增加
其他综合收益
-9,916,224.69
-6,061,727.51
不适用
公司全资子公司贵州茅台酒巴黎
贸易有限公司境外经营财务报表
折算为记账本位币报表产生的差
额
2、 境外资产",600519.SH,贵州茅台,2024-12-31,2024,年报,贵州茅台2024年报,贵州茅台2024年年度报告.pdf,C:\Users\Administrator\Desktop\financial-poc\data\raw\pdf\贵州茅台2024年年度报告.pdf,,,,35,396,现金流量表,8,8,17,利润表
600519_SH_pdf_贵州茅台2024年年度报告_pdf_bf557ae6_chunk_36,pdf,pdf,"得税相应增加
其他综合收益
-9,916,224.69
-6,061,727.51
不适用
公司全资子公司贵州茅台酒巴黎
贸易有限公司境外经营财务报表
折算为记账本位币报表产生的差
额
2、 境外资产情况
√适用 □不适用
(1) 资产规模
其中:境外资产93,664,037.53(单位:元 币种:人民币),占总资产的比例为0.03%。
(2) 境外资产占比较高的相关说明
□适用 √不适用
3、 截至报告期末主要资产受限情况
√适用 □不适用
贵州茅台酒股份有限公司2024 年年度报告
14 / 143
详见第十节财务报告七、合并财务报表项目注释24、所有权或使用权受限资产
(四) 行业经营性信息分析
√适用 □不适用
酒制造行业经营性信息分析
1、 行业基本情况
√适用 □不适用
根据国家统计局、中国酒业协会数据,2024 年全国规模以上白酒企业累计白酒产量414.5 万
千升;实现销售收入7,963.84 亿元;实现利润总额2,508.65 亿元。
2、 产能状况
现有产能
√适用 □不适用
主要工厂名称
设计产能
实际产能
茅台酒制酒车间
44,595.00
56,271.99",600519.SH,贵州茅台,2024-12-31,2024,年报,贵州茅台2024年报,贵州茅台2024年年度报告.pdf,C:\Users\Administrator\Desktop\financial-poc\data\raw\pdf\贵州茅台2024年年度报告.pdf,,,,36,396,现金流量表,8,8,17,利润表
600519_SH_pdf_贵州茅台2024年年度报告_pdf_bf557ae6_chunk_37,pdf,pdf,"收入7,963.84 亿元;实现利润总额2,508.65 亿元。
2、 产能状况
现有产能
√适用 □不适用
主要工厂名称
设计产能
实际产能
茅台酒制酒车间
44,595.00
56,271.99
系列酒制酒车间
52,460.00
48,112.51
说明:(1)2024 年茅台酒基酒设计产能为44,595.00 吨,同比新增基酒产能1,800.00 吨,
新增产能于2024 年10 月投产,由于茅台酒的生产工艺特点,将在2025 年释放;2024 年系列酒
基酒设计产能为52,460.00 吨,同比新增基酒产能8,000.00 吨,新增产能于2024 年11 月投产,
由于系列酒的生产工艺特点,将在2025 年释放。(2)按照公司惯例,本报告中设计产能、实际产
能的计量单位为“吨”。
在建产能
√适用 □不适用
单位:万元 币种:人民币
在建产能名称
计划投资金额
报告期内投资金
额
累积投资金额
3 万吨酱香系列酒技改工程及其配套设
施项目
1,018,000.00
121,954.68
672,070.68
“十四五”酱香酒习水同民坝一期建设
项目
411,000.00
83",600519.SH,贵州茅台,2024-12-31,2024,年报,贵州茅台2024年报,贵州茅台2024年年度报告.pdf,C:\Users\Administrator\Desktop\financial-poc\data\raw\pdf\贵州茅台2024年年度报告.pdf,,,,37,396,现金流量表,8,8,17,利润表
600519_SH_pdf_贵州茅台2024年年度报告_pdf_bf557ae6_chunk_38,pdf,pdf,"累积投资金额
3 万吨酱香系列酒技改工程及其配套设
施项目
1,018,000.00
121,954.68
672,070.68
“十四五”酱香酒习水同民坝一期建设
项目
411,000.00
83,325.28
171,485.28
茅台酒“十四五”技改建设项目
1,551,600.00
56,143.54
176,431.54
产能计算标准
√适用 □不适用
上述“现有产能”表格中,设计产能按生产工艺要求,结合厂房规格、窖池数量计算,实际产能
按报告期实际基酒产量计算。
3、 产品期末库存量
√适用 □不适用
单位:吨
成品酒
半成品酒(含基础酒)
17,760.00
292,248.02
注:成品酒为公司已包装的库存商品(含酱香系列酒)。
存货减值风险提示
□适用 √不适用
贵州茅台酒股份有限公司2024 年年度报告
15 / 143
4、 产品情况
√适用 □不适用
单位:万元 币种:人民币
产品档
次
产量
(吨)
同比
(%)
销量
(吨)
同比
(%)
产销
率(%)
销售
收入
同比
(%)
主要代表品牌
茅台酒
56,271.99
-1.63
46,412.95
1",600519.SH,贵州茅台,2024-12-31,2024,年报,贵州茅台2024年报,贵州茅台2024年年度报告.pdf,C:\Users\Administrator\Desktop\financial-poc\data\raw\pdf\贵州茅台2024年年度报告.pdf,,,,38,396,现金流量表,8,8,17,利润表
600519_SH_pdf_贵州茅台2024年年度报告_pdf_bf557ae6_chunk_39,pdf,pdf,"币种:人民币
产品档
次
产量
(吨)
同比
(%)
销量
(吨)
同比
(%)
产销
率(%)
销售
收入
同比
(%)
主要代表品牌
茅台酒
56,271.99
-1.63
46,412.95
10.22
14,592,807.60
15.28 贵州茅台酒
其他系
列酒
48,112.51
12.05
36,919.81
18.47
2,468,376.21
19.65
茅台王子酒、茅
台1935 酒、汉
酱酒、赖茅酒
注:(1)为保证公司可持续发展,每年需留存一定量的基酒,按生产工艺,茅台酒从生产到出
厂至少需要五年。(2)茅台酒是由不同年份、不同轮次、不同浓度的基酒相互勾兑而成,是技
术和艺术的完美结合,因此某一年份的基酒可能在未来数年都会作为产品出现。(3)公司坚持
质量是生命之魂,坚持“崇本守道,坚守工艺,贮足陈酿,不卖新酒”,茅台酒的生产属于自然
固态发酵,传统工艺酿造,成品率具有一定波动性。(4)基于上述原因,茅台酒基酒产销率不
能精准计算。系列酒的产品形成过程近似于茅台酒。
产品档次划分标准
√适用 □不适用
按产品品质划分。
产品结构变化情况及经营策略
□适用 √不",600519.SH,贵州茅台,2024-12-31,2024,年报,贵州茅台2024年报,贵州茅台2024年年度报告.pdf,C:\Users\Administrator\Desktop\financial-poc\data\raw\pdf\贵州茅台2024年年度报告.pdf,,,,39,396,现金流量表,8,8,17,利润表
600519_SH_pdf_贵州茅台2024年年度报告_pdf_bf557ae6_chunk_40,pdf,pdf,"率具有一定波动性。(4)基于上述原因,茅台酒基酒产销率不
能精准计算。系列酒的产品形成过程近似于茅台酒。
产品档次划分标准
√适用 □不适用
按产品品质划分。
产品结构变化情况及经营策略
□适用 √不适用
5、 原料采购情况
(1). 采购模式
√适用 □不适用
茅台酒用高粱采取“公司+地方政府+供应商+合作社或农户”的模式,小麦采取“公司+供应
商+合作社或农场”的模式,其他原辅料及包装材料采购主要根据公司生产和销售计划,通过集
中采购方式向市场采购。
(2). 采购金额
√适用 □不适用
单位:万元 币种:人民币
原料类别
当期采购金额
上期采购金额
占当期总采购额的比重
(%)
酿酒原材料
384,290.51
352,140.58
44.75
包装材料
419,421.77
396,702.84
48.84
能源
42,323.56
35,724.12
4.92
车间辅助材料
12,806.32
13,122.59
1.49
6、 销售情况
(1). 销售模式
√适用 □不适用
公司产品通过直销和批发代理渠道进行销售。直销渠道指自营和“i 茅台”等数字营销平台
渠道,批发代理渠",600519.SH,贵州茅台,2024-12-31,2024,年报,贵州茅台2024年报,贵州茅台2024年年度报告.pdf,C:\Users\Administrator\Desktop\financial-poc\data\raw\pdf\贵州茅台2024年年度报告.pdf,,,,40,396,现金流量表,8,8,17,利润表
600519_SH_pdf_贵州茅台2024年年度报告_pdf_bf557ae6_chunk_41,pdf,pdf,",806.32
13,122.59
1.49
6、 销售情况
(1). 销售模式
√适用 □不适用
公司产品通过直销和批发代理渠道进行销售。直销渠道指自营和“i 茅台”等数字营销平台
渠道,批发代理渠道指社会经销商、商超、电商等渠道。
(2). 销售渠道
√适用 □不适用
贵州茅台酒股份有限公司2024 年年度报告
16 / 143
单位:万元 币种:人民币
渠道类型
本期销售收入
上期销售收入
本期销售量
(吨)
上期销售量
(吨)
直销
7,484,332.71
6,723,287.69
18,221.93
15,634.95
批发代理
9,576,851.10
7,998,611.94
65,110.83
57,639.09
(3). 区域情况
√适用 □不适用
单位:万元 币种:人民币
区域
名称
本期销售
收入
上期销售
收入
本期占比
(%)
本期销售量
(吨)
上期销售量
(吨)
本期占
比(%)
国内
16,542,330.88 14,286,888.58
96.96
81,219.89
71,295.43
97.46
国外
518,852.93
435,011.05",600519.SH,贵州茅台,2024-12-31,2024,年报,贵州茅台2024年报,贵州茅台2024年年度报告.pdf,C:\Users\Administrator\Desktop\financial-poc\data\raw\pdf\贵州茅台2024年年度报告.pdf,,,,41,396,现金流量表,8,8,17,利润表
600519_SH_pdf_贵州茅台2024年年度报告_pdf_bf557ae6_chunk_42,pdf,pdf,"吨)
本期占
比(%)
国内
16,542,330.88 14,286,888.58
96.96
81,219.89
71,295.43
97.46
国外
518,852.93
435,011.05
3.04
2,112.87
1,978.61
2.54
区域划分标准
□适用 √不适用
(4). 经销商情况
√适用 □不适用
单位:个
区域名称
报告期末经销商数量
报告期内增加数量
报告期内减少数量
国内
2,143
67
4
国外
104
2
情况说明
√适用 □不适用
增加的是酱香系列酒的经销商。
(5). 线上销售情况
√适用 □不适用
单位:万元 币种:人民币
线上销售平台
线上销售产
品档次
本期销售收入
上期销售收入
同比
(%)
毛利率
(%)
“i 茅台”数字营销平台 中、高档酒
2,002,366.62
2,237,432.35 -10.51
94.50
其他线上平台
中、高档酒
209,561.85
183,125.55
14.44
94.93
未来线上经营战略
□适用 √不适用
7、 公司收入及成本分析
(1). 按不同类型披露公司主营业务构成
√适用 □不适用",600519.SH,贵州茅台,2024-12-31,2024,年报,贵州茅台2024年报,贵州茅台2024年年度报告.pdf,C:\Users\Administrator\Desktop\financial-poc\data\raw\pdf\贵州茅台2024年年度报告.pdf,,,,42,396,现金流量表,8,8,17,利润表
600519_SH_pdf_贵州茅台2024年年度报告_pdf_bf557ae6_chunk_43,pdf,pdf,"、高档酒
209,561.85
183,125.55
14.44
94.93
未来线上经营战略
□适用 √不适用
7、 公司收入及成本分析
(1). 按不同类型披露公司主营业务构成
√适用 □不适用
单位:元 币种:人民币
划分类型
营业收入
同比
(%)
营业成本
同比
(%)
毛利率
(%)
同比(%)
按产品档次
茅台酒
145,928,075,955.31
15.28
8,662,079,388.78
16.34
94.06
-0.06
其他系列酒
24,683,762,096.71
19.65
4,967,916,424.11
19.00
79.87
0.11
小计
170,611,838,052.02
15.89 13,629,995,812.89
17.30
92.01
-0.10
贵州茅台酒股份有限公司2024 年年度报告
17 / 143
按销售渠道
批发代理
95,768,511,021.23
19.73 10,136,042,973.30
18.28
89.42
0.13
直销
74,843,327,030.79
11.32
3,493,952,839.59
14",600519.SH,贵州茅台,2024-12-31,2024,年报,贵州茅台2024年报,贵州茅台2024年年度报告.pdf,C:\Users\Administrator\Desktop\financial-poc\data\raw\pdf\贵州茅台2024年年度报告.pdf,,,,43,396,现金流量表,8,8,17,利润表
600519_SH_pdf_贵州茅台2024年年度报告_pdf_bf557ae6_chunk_44,pdf,pdf,"8,511,021.23
19.73 10,136,042,973.30
18.28
89.42
0.13
直销
74,843,327,030.79
11.32
3,493,952,839.59
14.52
95.33
-0.13
小计
170,611,838,052.02
15.89 13,629,995,812.89
17.30
92.01
-0.10
按地区分部
国内
165,423,308,808.24
15.79 13,226,875,459.60
17.26
92.00
-0.10
国外
5,188,529,243.78
19.27
403,120,353.29
18.57
92.23
0.05
小计
170,611,838,052.02
15.89 13,629,995,812.89
17.30
92.01
-0.10
情况说明
□适用 √不适用
(2). 成本情况
√适用 □不适用
情况说明
√适用 □不适用",600519.SH,贵州茅台,2024-12-31,2024,年报,贵州茅台2024年报,贵州茅台2024年年度报告.pdf,C:\Users\Administrator\Desktop\financial-poc\data\raw\pdf\贵州茅台2024年年度报告.pdf,,,,44,396,现金流量表,8,8,17,利润表
600519_SH_pdf_贵州茅台2024年年度报告_pdf_bf557ae6_chunk_45,pdf,pdf,"详见第三节管理层讨论与分析(一)主营业务分析(4)成本分析表
贵州茅台酒股份有限公司2024 年年度报告
18 / 143
(五) 投资状况分析
对外股权投资总体分析
□适用 √不适用
1、 重大的股权投资
□适用 √不适用
2、 重大的非股权投资
√适用 □不适用
非募集资金项目情况(投资总额超过公司上年度末经审计净资产10%的项目)
根据公司2024 年第一次临时股东大会决议,公司调整酱香型系列酒制酒技改工程及配套设施项目投资额,项目总投资由358,316.00 万元调整至
241,900.00 万元。截至报告期末,共投入资金213,171.66 万元。
3、 以公允价值计量的金融资产
√适用 □不适用
单位:元 币种:人民币
资产类别
期初数
本期公允价值变
动损益
计入权益
的累计公
允价值变
动
本期计
提的减
值
本期购买金额
本期出售/赎回金
额
其他变动
期末数
债券
400,712,059.93
34,441,631.36
4,245,136,000.00
4,440,906,751.66 9,130,340.37
248,513,280.00
私募基金
4,002,",600519.SH,贵州茅台,2024-12-31,2024,年报,贵州茅台2024年报,贵州茅台2024年年度报告.pdf,C:\Users\Administrator\Desktop\financial-poc\data\raw\pdf\贵州茅台2024年年度报告.pdf,,,,45,396,管理层讨论,17,17,22,
600519_SH_pdf_贵州茅台2024年年度报告_pdf_bf557ae6_chunk_46,pdf,pdf,"0,712,059.93
34,441,631.36
4,245,136,000.00
4,440,906,751.66 9,130,340.37
248,513,280.00
私募基金
4,002,439,902.57
26,539,092.99
4,028,978,995.56
合计
4,403,151,962.50
60,980,724.35
4,245,136,000.00
4,440,906,751.66 9,130,340.37
4,277,492,275.56
证券投资情况
□适用 √不适用
贵州茅台酒股份有限公司2024 年年度报告
19 / 143
证券投资情况的说明
□适用 √不适用
私募基金投资情况
√适用 □不适用
(1).茅台招华(贵州)产业发展基金合伙企业(有限合伙)(以下简称“茅台招华基金”)
茅台招华基金于2023 年8 月2 日完成工商登记,2023 年8 月25 日完成基金备案,基金首期认缴规模22.04 亿元,截至2024 年12 月31 日,茅台
招华基金累计实缴出资总额22.04 亿元,累计投资1 个项目、1 个子基金,合计投资金额3.97 亿",600519.SH,贵州茅台,2024-12-31,2024,年报,贵州茅台2024年报,贵州茅台2024年年度报告.pdf,C:\Users\Administrator\Desktop\financial-poc\data\raw\pdf\贵州茅台2024年年度报告.pdf,,,,46,396,管理层讨论,17,17,22,
600519_SH_pdf_贵州茅台2024年年度报告_pdf_bf557ae6_chunk_47,pdf,pdf,"月25 日完成基金备案,基金首期认缴规模22.04 亿元,截至2024 年12 月31 日,茅台
招华基金累计实缴出资总额22.04 亿元,累计投资1 个项目、1 个子基金,合计投资金额3.97 亿元。
(2).茅台金石(贵州)产业发展基金合伙企业(有限合伙)(以下简称“茅台金石基金”)
茅台金石基金于2023 年8 月2 日完成工商登记,2023 年8 月25 日完成基金备案,基金首期认缴规模22.04 亿元,截至2024 年12 月31 日,茅台
金石基金累计实缴出资总额22.04 亿元,累计投资3 个项目、1 个子基金,合计投资金额8.29 亿元。
衍生品投资情况
□适用 √不适用
贵州茅台酒股份有限公司2024 年年度报告
20 / 143
4、 报告期内重大资产重组整合的具体进展情况
□适用 √不适用
(六) 重大资产和股权出售
□适用 √不适用
(七) 主要控股参股公司分析
√适用 □不适用
单位:万元 币种:人民币
子公司全称
所处行业
注册资本
总资产
净资产
营业收入
营业利润
净利润
贵州茅台酒销售有限
公司
酒、饮料及茶
叶批发
1,000.00
8,711,8",600519.SH,贵州茅台,2024-12-31,2024,年报,贵州茅台2024年报,贵州茅台2024年年度报告.pdf,C:\Users\Administrator\Desktop\financial-poc\data\raw\pdf\贵州茅台2024年年度报告.pdf,,,,47,396,管理层讨论,17,17,22,
600519_SH_pdf_贵州茅台2024年年度报告_pdf_bf557ae6_chunk_48,pdf,pdf,"√适用 □不适用
单位:万元 币种:人民币
子公司全称
所处行业
注册资本
总资产
净资产
营业收入
营业利润
净利润
贵州茅台酒销售有限
公司
酒、饮料及茶
叶批发
1,000.00
8,711,823.21
6,357,248.05
14,082,317.30
6,475,217.37
4,852,174.60
贵州茅台酱香酒营销
有限公司
酒、饮料及茶
叶批发
20,000.00
2,132,307.00
1,699,750.78
2,420,037.06
1,029,931.34
762,484.23
(八) 公司控制的结构化主体情况
□适用 √不适用
六、公司关于公司未来发展的讨论与分析
(一)行业格局和趋势
√适用 □不适用
1.行业格局与趋势。
一是宏观方面。我国经济长期向好的基本趋势没有改变也不会改变。2025 年,随着各项宏观
政策持续发力,消费场景不断拓展,消费将继续保持平稳、可持续增长。二是行业方面。白酒行
业正处于宏观经济周期与产业调整周期的双重叠加时期,未来发展虽面临不少难题,但有利因素
强于不利因素,总体发展态势依然向好。
2.公司竞争优势。
一是产品品质卓",600519.SH,贵州茅台,2024-12-31,2024,年报,贵州茅台2024年报,贵州茅台2024年年度报告.pdf,C:\Users\Administrator\Desktop\financial-poc\data\raw\pdf\贵州茅台2024年年度报告.pdf,,,,48,396,管理层讨论,17,17,22,
600519_SH_pdf_贵州茅台2024年年度报告_pdf_bf557ae6_chunk_49,pdf,pdf,"持平稳、可持续增长。二是行业方面。白酒行
业正处于宏观经济周期与产业调整周期的双重叠加时期,未来发展虽面临不少难题,但有利因素
强于不利因素,总体发展态势依然向好。
2.公司竞争优势。
一是产品品质卓越。公司坚守“质量是生命之魂”,实施全域、全链、全员质量管控,大力
维护平衡、独特的产区生态。传承“料精、艺好、器美”传统生产工艺,每一批次产品都利用长
期贮存的基酒资源、应用高超精湛的勾兑技艺,打造基酒多样性风格,形成贵州茅台酒典型风味
品质表达。坚持30 道工序165 个环节精益求精、精雕细琢,永葆卓越品质,树牢在变局中谋发展
的根本优势。
二是品牌美誉度高。历经百年,茅台酒已跃升为“世界蒸馏酒第一品牌”。公司坚持“品价
匹配”和“大单品”策略,已成长为“单品营收过千亿、市值上万亿”的全球烈性酒第一品牌。
长期以来,公司努力讲好品牌故事,积极践行社会责任,持续增强品牌竞争力,不断擦亮民族品
牌荣光,着力彰显“中国茅台,香飘世界”品牌张力,品牌影响力和美誉度大大提升,品牌价值
持续攀升。
三是生产工艺独特。公司拥有传承千年的独特酿造工艺,坚持顺天应时、因地制宜、循法而
成,以对自然生态、",600519.SH,贵州茅台,2024-12-31,2024,年报,贵州茅台2024年报,贵州茅台2024年年度报告.pdf,C:\Users\Administrator\Desktop\financial-poc\data\raw\pdf\贵州茅台2024年年度报告.pdf,,,,49,396,管理层讨论,17,17,22,
600519_SH_pdf_贵州茅台2024年年度报告_pdf_bf557ae6_chunk_50,pdf,pdf,"牌荣光,着力彰显“中国茅台,香飘世界”品牌张力,品牌影响力和美誉度大大提升,品牌价值
持续攀升。
三是生产工艺独特。公司拥有传承千年的独特酿造工艺,坚持顺天应时、因地制宜、循法而
成,以对自然生态、微生态和人文生态和谐平衡的不懈追求,持续增强工艺核心竞争力。坚持“料
精”,全面构建酿造原料品质评价体系,从产地、品质指标等方面保障高粱、小麦高质量供给;
“艺好”,遵循一年一个生产周期、端午踩曲、重阳下沙、纯粮酿造、开放式固态化发酵、陶坛
长期贮存、以酒勾酒传统工法;“器美”,坚守三合土晾堂、小青瓦发酵仓、窖条石、紫红泥等
传统元素供给。持续增强创新能力,深入解析传统技艺科学内涵,永葆传统工艺生命活力。
四是文化辐射力强。茅台文化从“濮人善酿”的农耕文明中走来,于现代文明中赓续发展,
引领中国白酒文化发展潮流,成为中国酒文化极致。在不断的发展中,公司持续优化茅台文化体
系,形成了“酿造高品质生活”的企业使命,“让世界爱上茅台,让茅台香飘世界”的企业愿景,
贵州茅台酒股份有限公司2024 年年度报告
21 / 143
“爱我茅台,为国争光”的企业精神,“顺天敬人、明理厚德”的企业核心价值观",600519.SH,贵州茅台,2024-12-31,2024,年报,贵州茅台2024年报,贵州茅台2024年年度报告.pdf,C:\Users\Administrator\Desktop\financial-poc\data\raw\pdf\贵州茅台2024年年度报告.pdf,,,,50,396,管理层讨论,17,17,22,
600519_SH_pdf_贵州茅台2024年年度报告_pdf_bf557ae6_chunk_51,pdf,pdf,"生活”的企业使命,“让世界爱上茅台,让茅台香飘世界”的企业愿景,
贵州茅台酒股份有限公司2024 年年度报告
21 / 143
“爱我茅台,为国争光”的企业精神,“顺天敬人、明理厚德”的企业核心价值观,“品质、品
牌、工艺、文化、环境”的五大核心竞争力。
五是环境不可复制。特殊的地形地貌、气候环境,优质的酿酒水源,独一无二的原产地保护
和不可复制的微生物菌落群是贵州茅台酒核心产区的独特特征。公司坚持“生态优先、绿色发展”,
坚持走好科技创新驱动发展的绿色发展道路,引领打造赤水河生态名片,用更先进方法和技术永
葆环境竞争力。建立生态环保制度地图,加大新技术新工艺引进研发,完善生态环境一体化监控
网络,走出了国家级“绿色工厂”科技创新驱动的“双碳”路径。持续开展流域微生物、水生物、
植物植被的科学研究,全力守护流域生物多样性和稳定性,全力维护茅台酒赖以生存的生态系统
平衡。
(二)公司发展战略
√适用 □不适用
2025 年是“十四五”发展规划收官之年,也是公司把全面深化改革推向纵深的关键之年。公
司将坚持以习近平新时代中国特色社会主义思想为指导,全面贯彻落实党的二十大和二十届二中、
三中",600519.SH,贵州茅台,2024-12-31,2024,年报,贵州茅台2024年报,贵州茅台2024年年度报告.pdf,C:\Users\Administrator\Desktop\financial-poc\data\raw\pdf\贵州茅台2024年年度报告.pdf,,,,51,396,管理层讨论,17,17,22,
600519_SH_pdf_贵州茅台2024年年度报告_pdf_bf557ae6_chunk_52,pdf,pdf,"√适用 □不适用
2025 年是“十四五”发展规划收官之年,也是公司把全面深化改革推向纵深的关键之年。公
司将坚持以习近平新时代中国特色社会主义思想为指导,全面贯彻落实党的二十大和二十届二中、
三中全会精神,习近平总书记视察贵州重要讲话精神,坚持稳中求进工作总基调,完整准确全面
贯彻新发展理念,服务和融入新发展格局,坚持以高质量发展、现代化建设为统领,践行“顺天
敬人、明理厚德”的企业核心价值观和ESG 理念,持续巩固增强酒主业核心地位,强基固本、克
难攻坚,全力打好“十四五”收官战,奋力推动茅台稳定、健康、可持续发展。
(三)经营计划
√适用 □不适用
2025 年主要目标是:实现营业总收入较上年度增长9%左右,完成固定资产投资47.11 亿元。
(一)筑牢核心业务根基,巩固发展主航道。一是持续树牢“质量是生命之魂”质量信仰,
以“崇本守道、坚守工艺、贮足陈酿、不卖新酒”的质量观为引领,生产过程坚持质量为先、坚
守传统工艺、坚定创新赋能,扎实精细开展过程管理,精益求精抓好生产质量,全力保障“优质
稳产”。二是坚持以消费者为中心,将“顺天敬人,明理厚德”企业核心价值观融入市场营销工",600519.SH,贵州茅台,2024-12-31,2024,年报,贵州茅台2024年报,贵州茅台2024年年度报告.pdf,C:\Users\Administrator\Desktop\financial-poc\data\raw\pdf\贵州茅台2024年年度报告.pdf,,,,52,396,管理层讨论,17,17,22,
600519_SH_pdf_贵州茅台2024年年度报告_pdf_bf557ae6_chunk_53,pdf,pdf,",生产过程坚持质量为先、坚
守传统工艺、坚定创新赋能,扎实精细开展过程管理,精益求精抓好生产质量,全力保障“优质
稳产”。二是坚持以消费者为中心,将“顺天敬人,明理厚德”企业核心价值观融入市场营销工
作全过程,推动从“卖酒”向“卖生活方式”转变。持续增强战略定力、品牌张力、市场活力,
做好“三个转型”,不断强化渠道协同、增强消费触达、促进消费转化,着力解决“供需适配”
的根本问题。持续筑牢系列酒市场基础,有效提升品牌竞争力。重点从“市场、渠道、服务、品
牌”四端发力,构建“T”型多元化产品矩阵,完善国际化表达体系。三是聚焦公司战略目标,强
化项目全生命周期管理,优化核心产区规划建设布局,持续推进茅台酒“十四五”中华技改建设
项目、坛厂包装物流园、习水同民坝一期项目、中华6 万吨勾调中心、茅台酒用原料储备库等重
大项目建设,不断夯实企业发展基础,增强酒业发展后劲。
(二)构建ESG 生态体系,引领绿色发展。聚焦“共生、共享、共赢”的ESG 理念,建立健
全ESG 管理制度,构建深化ESG 体系建设,保持公司在白酒行业内的领先地位。环境方面,深入
践行“山水林土河微”生命共同体理念,聚焦“",600519.SH,贵州茅台,2024-12-31,2024,年报,贵州茅台2024年报,贵州茅台2024年年度报告.pdf,C:\Users\Administrator\Desktop\financial-poc\data\raw\pdf\贵州茅台2024年年度报告.pdf,,,,53,396,管理层讨论,17,17,22,
600519_SH_pdf_贵州茅台2024年年度报告_pdf_bf557ae6_chunk_54,pdf,pdf,",引领绿色发展。聚焦“共生、共享、共赢”的ESG 理念,建立健
全ESG 管理制度,构建深化ESG 体系建设,保持公司在白酒行业内的领先地位。环境方面,深入
践行“山水林土河微”生命共同体理念,聚焦“两山”“双碳”等重点工作,建立气候变化治理
架构,强化废弃物管理,加快推进管网维修改造、污水处理厂新建和提质增效改造;立足“三生
空间”规划,持续推动绿化专项规划与标准编制、厂区生态多样性调查、厂区绿化提升方案制定
等工作。社会方面,坚持“大品牌大担当”,围绕产品质量与安全、职业健康安全、相关方利益、
负责任营销、传承创新的平衡等重点议题,引领行业提升技术标准水平,推进全员职业健康安全
入脑入心入行;积极投身社会公益、文化保护和乡村振兴,大力倡导理性饮酒,守正创新讲好中
国酒文化故事。治理方面,强化商业道德和反腐败,积极进行合规管理体系标准认证;强化与相
关方沟通,积极回应各利益相关方的诉求;强化合规和风险管理,持续开展相关尽职调查,强化
对废弃物、数据安全、商业伦理道德、风险管理等内部审计;将践行ESG 理念纳入供应商考核内
容,带动更多合作方共同践行ESG 理念,全面提升价值创造能力。",600519.SH,贵州茅台,2024-12-31,2024,年报,贵州茅台2024年报,贵州茅台2024年年度报告.pdf,C:\Users\Administrator\Desktop\financial-poc\data\raw\pdf\贵州茅台2024年年度报告.pdf,,,,54,396,管理层讨论,17,17,22,
600519_SH_pdf_贵州茅台2024年年度报告_pdf_bf557ae6_chunk_55,pdf,pdf,"强化合规和风险管理,持续开展相关尽职调查,强化
对废弃物、数据安全、商业伦理道德、风险管理等内部审计;将践行ESG 理念纳入供应商考核内
容,带动更多合作方共同践行ESG 理念,全面提升价值创造能力。
(三)驱动数智创新引擎,激活增长动能。坚持传承与创新协调发展,在坚守传统酿造技艺
的同时,强化科技引领、数字赋能,积极为推动中国白酒产业标准化、现代化注入新动能。科技
创新方面,持续加强自主创新平台建设,推动制造业创新中心通过省级认定验收;推进窖底水绿
色低碳综合利用及污泥资源化、封窖泥循环利用中试研究,构建酒用高粱种质资源DNA 指纹图谱
贵州茅台酒股份有限公司2024 年年度报告
22 / 143
库,持续优化并构建全面的生产评价体系,持续推进产品开发研究。数字赋能方面,加强数字化
专业人才的引进、培养和激励,持续提升数字化团队专业能力。围绕“智慧茅台2.0”规划,建设
集产品设计、生产、质量、物流系统集成的数字化供应链,构建园区智能化管理运营平台。深化
改革方面,以“双百行动”为主要载体,抓好组织实施,确保高质量完成改革任务;持续优化制
度建设,开展制度地图梳理工作并形成长效机制,",600519.SH,贵州茅台,2024-12-31,2024,年报,贵州茅台2024年报,贵州茅台2024年年度报告.pdf,C:\Users\Administrator\Desktop\financial-poc\data\raw\pdf\贵州茅台2024年年度报告.pdf,,,,55,396,管理层讨论,17,17,22,
600519_SH_pdf_贵州茅台2024年年度报告_pdf_bf557ae6_chunk_56,pdf,pdf,"、质量、物流系统集成的数字化供应链,构建园区智能化管理运营平台。深化
改革方面,以“双百行动”为主要载体,抓好组织实施,确保高质量完成改革任务;持续优化制
度建设,开展制度地图梳理工作并形成长效机制,进一步提升工作质效;持续提升绩效管理水平,
优化完善内部相关方满意度测评及配套制度;持续优化管理创新全周期管理,强化创新项目成果
落地转化;动态优化完善对标管理体系,促进体系实效落地,进一步提升现代企业治理能力和水
平。人才队伍建设方面,围绕“德才兼备、人尽其才、人企共进”的人才理念,聚焦人才“引、
育、用、留”,制定人力资源规划,围绕全员劳动生产率启动人力资源体制改革,不断提高专业
人才当量密度,夯实企业发展基础。
(四)塑强品牌文化势能,赋能战略布局。围绕“顺天敬人,明理厚德”的企业核心价值观,
以“文化建设年”为抓手,不断丰富茅台文化的表达形态、价值内涵与体验场景,积蓄强劲文化
动能。一是强化文化内部建设。持续完善企业文化建设顶层设计,建立健全相关制度体系,加大
企业文化管控力度,确保文化建设的持续性与稳定性;积极开展文化研究、策划,抓好企业文化
艺术创作,营造良好文化氛围,推动茅台",600519.SH,贵州茅台,2024-12-31,2024,年报,贵州茅台2024年报,贵州茅台2024年年度报告.pdf,C:\Users\Administrator\Desktop\financial-poc\data\raw\pdf\贵州茅台2024年年度报告.pdf,,,,56,396,管理层讨论,17,17,22,
600519_SH_pdf_贵州茅台2024年年度报告_pdf_bf557ae6_chunk_57,pdf,pdf,"是强化文化内部建设。持续完善企业文化建设顶层设计,建立健全相关制度体系,加大
企业文化管控力度,确保文化建设的持续性与稳定性;积极开展文化研究、策划,抓好企业文化
艺术创作,营造良好文化氛围,推动茅台文化深入人心,凝聚全体干部员工干事创业的合力。二
是持续推动品牌文化传播。持续开展“中国茅台·国之栋梁”“茅台1935·国之大医”“贵州大
曲·点滴有爱”等公益活动;持续开展东方美学色彩体系研究,发布2025 年度主题色——“绛纱
色”,应用于蛇年生肖酒包装;积极推进茅台酒酿制技艺申报“人类非物质文化遗产代表作名录”,
配合地方政府申报省级“文化生态保护区”。三是提升品牌国际形象。坚定文化自信,制定“一
国一策”文化传播叙事体系,以《茅台玖章》为基础制定多语言版本文化宣传资料,持续打造茅
台之夜等海外IP,构建茅台文化国际传播体系;积极参加达沃斯世界经济论坛、企业家博鳌论坛、
华商大会、财富世界500 强峰会等国内、国际活动,向世界讲好中国白酒故事,强化“民族企业”
标签,持续提升知名度,放大茅台国际声量。
(五)守牢发展底线思维,护航行稳致远。开展全面风险管理,确保生产经营安全稳定运行。",600519.SH,贵州茅台,2024-12-31,2024,年报,贵州茅台2024年报,贵州茅台2024年年度报告.pdf,C:\Users\Administrator\Desktop\financial-poc\data\raw\pdf\贵州茅台2024年年度报告.pdf,,,,57,396,管理层讨论,17,17,22,
600519_SH_pdf_贵州茅台2024年年度报告_pdf_bf557ae6_chunk_58,pdf,pdf,"界500 强峰会等国内、国际活动,向世界讲好中国白酒故事,强化“民族企业”
标签,持续提升知名度,放大茅台国际声量。
(五)守牢发展底线思维,护航行稳致远。开展全面风险管理,确保生产经营安全稳定运行。
安全生产方面,始终把安全置于生产之前、发展之上,贯穿生产经营管理全过程,聚焦问题“消
存量”,强化源头“控增量”,持续推进隐患整改“动态清零”和常态化“打非治违”,一体化
推进人防、物防、技防建设,完成治本攻坚既定任务和标准化一级定级复评。合规管理方面,聚
焦依法治理、风险防范、合规管理、市场维权、队伍建设等重点任务,进一步完善法治体系建设,
持续提升依法治企能力;持续强化合规审核质量、合同全生命周期管理,建立合规义务清单,制
定重点领域合规管理指南,切实增强合规风险洞察力,有效提升合规意识和管理水平。",600519.SH,贵州茅台,2024-12-31,2024,年报,贵州茅台2024年报,贵州茅台2024年年度报告.pdf,C:\Users\Administrator\Desktop\financial-poc\data\raw\pdf\贵州茅台2024年年度报告.pdf,,,,58,396,管理层讨论,17,17,22,
600519_SH_pdf_贵州茅台2024年年度报告_pdf_bf557ae6_chunk_59,pdf,pdf,"(四)可能面对的风险
√适用 □不适用
一是宏观经济风险;二是安全风险;三是舆情风险;四是环境保护风险。
(五)其他
□适用 √不适用
七、公司因不适用准则规定或国家秘密、商业秘密等特殊原因,未按准则披露的情况和原因说明
□适用 √不适用
第四节
公司治理
一、公司治理相关情况说明
√适用 □不适用
公司严格按照《公司法》《证券法》《上市公司治理准则》等法律法规和有关公司治理的规
范性文件要求,结合公司实际情况,建立健全公司法人治理结构,规范公司运作。公司设有党委
贵州茅台酒股份有限公司2024 年年度报告
23 / 143
会、股东大会、董事会、监事会、经理层,实施党委成员和治理机构成员“双向进入、交叉任职”
的领导体制,形成了各司其职、各负其责、协调运转、有效制衡的公司治理体系。公司持续优化
治理机制,充分发挥股东大会、党委会、董事会和经理层管理作用,强化监事会监督职能。
1.股东大会情况。按照《公司章程》《公司股东大会议事规则》要求,公司规范召集召开股
东大会,确保所有股东、特别是中小股东享有平等地位并能够充分地行使权利,聘请法律顾问对
股东大会出具法律意见书。2024 年度,公",600519.SH,贵州茅台,2024-12-31,2024,年报,贵州茅台2024年报,贵州茅台2024年年度报告.pdf,C:\Users\Administrator\Desktop\financial-poc\data\raw\pdf\贵州茅台2024年年度报告.pdf,,,,59,396,风险提示,22,22,23,
600519_SH_pdf_贵州茅台2024年年度报告_pdf_bf557ae6_chunk_60,pdf,pdf,"情况。按照《公司章程》《公司股东大会议事规则》要求,公司规范召集召开股
东大会,确保所有股东、特别是中小股东享有平等地位并能够充分地行使权利,聘请法律顾问对
股东大会出具法律意见书。2024 年度,公司共召开了2 次股东大会,审议通过16 项议案,各项
决议均得到认真执行。
2.董事会情况。公司董事会目前由7 名董事组成,其中3 名为独立董事,1 名为职工董事,
董事会人员构成符合法律、法规的要求。公司董事会下设战略、审计、风险与合规管理、提名、
薪酬与考核五个专门委员会,各委员会分工明确,权责分明,运作有效。公司全体董事能够从公
司和全体股东的利益出发,诚信、忠实、勤勉、专业地履行职责,切实维护公司和全体股东的合
法权益。
3.监事会情况。公司监事会目前由3 名监事组成,其中1 名为职工监事,监事会人员构成符
合法律、法规的要求。公司监事会能够勤勉尽责,本着对股东负责的精神,行使监督检查职能,
对公司财务状况和经营情况、关联交易以及高级管理人员履行职责情况等进行监督,维护公司和
全体股东的合法权益。
4.经理层工作情况。公司经理层按照法定职权和董事会授权开展日常生产经营事项,负责组",600519.SH,贵州茅台,2024-12-31,2024,年报,贵州茅台2024年报,贵州茅台2024年年度报告.pdf,C:\Users\Administrator\Desktop\financial-poc\data\raw\pdf\贵州茅台2024年年度报告.pdf,,,,60,396,风险提示,22,22,23,
600519_SH_pdf_贵州茅台2024年年度报告_pdf_bf557ae6_chunk_61,pdf,pdf,"织实施董事会决议,并向董事会报告工作。2024 年度圆满完成了生产经营和改革发展等工作,切
实发挥了“谋经营、抓落实、强管理”的作用。
5.控股股东与上市公司情况。控股股东严格按《公司法》要求依法行使出资人的权利并承担
义务。公司具有独立的业务及自主经营能力,控股股东与上市公司之间实现了业务、人员、资产、
机构、财务的独立,公司董事会、监事会和内部机构均独立运作,确保公司重大决策由公司独立
作出和实施。
6.公司信息披露情况。公司严格按照法律、法规、《公司章程》以及《公司信息披露管理办
法》的规定,真实、准确、完整、及时、公平地披露有关信息,并确保所有股东和其他利益相关
者能平等获得公司信息。报告期内,公司披露了41 份临时公告、4 份定期报告。经上海证券交易
所综合考评,公司2023 至2024 年度信息披露工作评价结果为A(优秀)。
7.关联交易情况。公司与控股股东中国贵州茅台酒厂(集团)有限责任公司等关联方之间存
在关联交易,这些关联交易均是为了确保公司正常生产经营和业务开展而进行,具体内容通过相
关协议予以规范,并且履行了决策程序,遵循了公开、公平、公正的原则,定价公允,对本公",600519.SH,贵州茅台,2024-12-31,2024,年报,贵州茅台2024年报,贵州茅台2024年年度报告.pdf,C:\Users\Administrator\Desktop\financial-poc\data\raw\pdf\贵州茅台2024年年度报告.pdf,,,,61,396,管理层讨论,23,23,55,
600519_SH_pdf_贵州茅台2024年年度报告_pdf_bf557ae6_chunk_62,pdf,pdf,"团)有限责任公司等关联方之间存
在关联交易,这些关联交易均是为了确保公司正常生产经营和业务开展而进行,具体内容通过相
关协议予以规范,并且履行了决策程序,遵循了公开、公平、公正的原则,定价公允,对本公司
经营不存在不利影响。
8.内部控制建设情况。报告期内,公司按照《企业内部控制基本规范》的要求继续开展内部
控制相关工作,持续推进内部控制建设、评价、审计等相关工作,保证公司内部控制目标的实现,
进一步提升公司治理水平。
公司治理与法律、行政法规和中国证监会关于上市公司治理的规定是否存在重大差异;如有重大
差异,应当说明原因
□适用 √不适用
二、公司控股股东、实际控制人在保证公司资产、人员、财务、机构、业务等方面独立性的具体
措施,以及影响公司独立性而采取的解决方案、工作进度及后续工作计划
□适用 √不适用
控股股东、实际控制人及其控制的其他单位从事与公司相同或者相近业务的情况,以及同业竞争
或者同业竞争情况发生较大变化对公司的影响、已采取的解决措施、解决进展以及后续解决计划
□适用 √不适用
三、股东大会情况简介
会议届次
召开日期
决议刊登的指定网
决议刊登的
会议决议
贵州茅台酒",600519.SH,贵州茅台,2024-12-31,2024,年报,贵州茅台2024年报,贵州茅台2024年年度报告.pdf,C:\Users\Administrator\Desktop\financial-poc\data\raw\pdf\贵州茅台2024年年度报告.pdf,,,,62,396,管理层讨论,23,23,55,
600519_SH_pdf_贵州茅台2024年年度报告_pdf_bf557ae6_chunk_63,pdf,pdf,"争
或者同业竞争情况发生较大变化对公司的影响、已采取的解决措施、解决进展以及后续解决计划
□适用 √不适用
三、股东大会情况简介
会议届次
召开日期
决议刊登的指定网
决议刊登的
会议决议
贵州茅台酒股份有限公司2024 年年度报告
24 / 143
站的查询索引
披露日期
2023 年度
股东大会
2024-05-29
上海证券交易所
www.sse.com.cn
2024-05-30
详见《贵州茅台 2023 年度
股东大会决议公告》(公告
编号:临2024-015)。
2024 年第
一次临时股
东大会
2024-11-27
上海证券交易所
www.sse.com.cn
2024-11-28
详见《贵州茅台2024 年第一
次临时股东大会决议公告》
(公告编号:临 2024-
036)。
表决权恢复的优先股股东请求召开临时股东大会
□适用 √不适用
股东大会情况说明
□适用 √不适用
贵州茅台酒股份有限公司2024 年年度报告
25 / 143
四、董事、监事和高级管理人员的情况
(一) 现任及报告期内离任董事、监事和高级管理人员持股变动及报酬情况
√适用 □不适用
单位:股
姓",600519.SH,贵州茅台,2024-12-31,2024,年报,贵州茅台2024年报,贵州茅台2024年年度报告.pdf,C:\Users\Administrator\Desktop\financial-poc\data\raw\pdf\贵州茅台2024年年度报告.pdf,,,,63,396,管理层讨论,23,23,55,
600519_SH_pdf_贵州茅台2024年年度报告_pdf_bf557ae6_chunk_64,pdf,pdf,"贵州茅台酒股份有限公司2024 年年度报告
25 / 143
四、董事、监事和高级管理人员的情况
(一) 现任及报告期内离任董事、监事和高级管理人员持股变动及报酬情况
√适用 □不适用
单位:股
姓名
职务
性别
年
龄
任期起始日期
任期终止日期
年初
持股
数
年末
持股
数
年度
内股
份增
减变
动量
增减
变动
原因
报告期内从
公司获得的
税前报酬总
额(万元)
是否在
公司关
联方获
取报酬
张德芹
党委书记
男
52
2024 年04 月30 日
是
董事长、董事
2024 年05 月29 日
王 莉
党委副书记
女
52
2023 年08 月17 日
是
董事
2023 年09 月07 日
代行总经理职责
2023 年08 月19 日
郭田勇
独立董事
男
56
2022 年06 月16 日
20
否
盛雷鸣
独立董事
男
54
2022 年06 月16 日
20
否
王 鑫
独立董事
男
47
2023 年12 月06 日
20
否
刘世仲
董事
男
49
2022 年06 月16 日
是
韦 芳
职工董事
女
52
2024 年10 月18 日
71.73
否",600519.SH,贵州茅台,2024-12-31,2024,年报,贵州茅台2024年报,贵州茅台2024年年度报告.pdf,C:\Users\Administrator\Desktop\financial-poc\data\raw\pdf\贵州茅台2024年年度报告.pdf,,,,64,396,管理层讨论,23,23,55,
600519_SH_pdf_贵州茅台2024年年度报告_pdf_bf557ae6_chunk_65,pdf,pdf,"王 鑫
独立董事
男
47
2023 年12 月06 日
20
否
刘世仲
董事
男
49
2022 年06 月16 日
是
韦 芳
职工董事
女
52
2024 年10 月18 日
71.73
否
游亚林
党委副书记、工会主席
男
55
2022 年10 月07 日
81.84
否
监事会主席、监事
2020 年03 月20 日
郑尚勋
监事
男
41
2024 年11 月27 日
20.01
是
闻 勇
职工监事
男
42
2023 年06 月13 日
85.66
否
钟正强
党委委员
男
53
2022 年11 月03 日
81.75
否
副总经理
2015 年07 月13 日
蒋 焰
党委委员
女
47
2022 年11 月03 日
81.84
否
副总经理、财务总监
2021 年11 月15 日
董事会秘书
2022 年01 月25 日
向 平
党委委员
男
52
2024 年08 月16 日
17.26
否
贵州茅台酒股份有限公司2024 年年度报告
26 / 143
副总经理
张 旭
党委委员
男
51
2024 年08 月16 日
16.84
否
副总经理
丁雄军
党委",600519.SH,贵州茅台,2024-12-31,2024,年报,贵州茅台2024年报,贵州茅台2024年年度报告.pdf,C:\Users\Administrator\Desktop\financial-poc\data\raw\pdf\贵州茅台2024年年度报告.pdf,,,,65,396,管理层讨论,23,23,55,
600519_SH_pdf_贵州茅台2024年年度报告_pdf_bf557ae6_chunk_66,pdf,pdf,"8 月16 日
17.26
否
贵州茅台酒股份有限公司2024 年年度报告
26 / 143
副总经理
张 旭
党委委员
男
51
2024 年08 月16 日
16.84
否
副总经理
丁雄军
党委书记
男
50
2022 年09 月28 日
2024 年04 月30 日
是
董事长、董事
2021 年09 月24 日
谢钦卿
职工董事
女
42
2022 年10 月07 日
2024 年10 月18 日
73.00
是
李强清
监事
男
43
2023 年06 月13 日
2024 年11 月27 日
91.00
否
涂华彬
党委委员
男
49
2022 年11 月03 日
2024 年08 月16 日
是
副总经理
2020 年02 月27 日
王晓维
党委委员
男
53
2022 年11 月03 日
2024 年08 月16 日
是
副总经理
2020 年02 月27 日
合计
/
/
/
/
/
/
680.93 /
说明:1.上述董事(不含独立董事)、监事、高级管理人员获得的报酬为报告期内从公司获得的所有税前报酬总额,包括:个人获得的基本年薪(或
基本工资)、绩效年薪(或奖",600519.SH,贵州茅台,2024-12-31,2024,年报,贵州茅台2024年报,贵州茅台2024年年度报告.pdf,C:\Users\Administrator\Desktop\financial-poc\data\raw\pdf\贵州茅台2024年年度报告.pdf,,,,66,396,管理层讨论,23,23,55,
600519_SH_pdf_贵州茅台2024年年度报告_pdf_bf557ae6_chunk_67,pdf,pdf,"/
/
/
/
/
680.93 /
说明:1.上述董事(不含独立董事)、监事、高级管理人员获得的报酬为报告期内从公司获得的所有税前报酬总额,包括:个人获得的基本年薪(或
基本工资)、绩效年薪(或奖金)以及公司缴存的社会保险、企业年金、补充医疗保险及住房公积金等。2.独立董事获得的报酬为报告期内从公司获得
的所有税前津贴。
姓名
主要工作经历
张德芹
曾任贵州茅台酒厂(集团)习酒有限责任公司党委书记、董事长,贵州现代物流产业(集团)有限责任公司党委委员、副总经理,贵州习酒
投资控股集团有限责任公司党委书记、董事长。现任中国贵州茅台酒厂(集团)有限责任公司党委书记、董事长、董事,贵州茅台酒股份有
限公司党委书记、董事长、董事,茅台学院董事长、董事。
王莉
曾任中国贵州茅台酒厂(集团)有限责任公司副总经理、总工程师,贵州茅台酒股份有限公司副总经理、总工程师。现任中国贵州茅台酒厂
(集团)有限责任公司党委副书记、副董事长、董事、总经理,贵州茅台酒股份有限公司党委副书记、董事、代行总经理职责。
郭田勇
曾任职于中国人民银行烟台分行。现任中央财经大学金融学院教授、博士生导师,平安健康医疗科技有",600519.SH,贵州茅台,2024-12-31,2024,年报,贵州茅台2024年报,贵州茅台2024年年度报告.pdf,C:\Users\Administrator\Desktop\financial-poc\data\raw\pdf\贵州茅台2024年年度报告.pdf,,,,67,396,管理层讨论,23,23,55,
600519_SH_pdf_贵州茅台2024年年度报告_pdf_bf557ae6_chunk_68,pdf,pdf,"责任公司党委副书记、副董事长、董事、总经理,贵州茅台酒股份有限公司党委副书记、董事、代行总经理职责。
郭田勇
曾任职于中国人民银行烟台分行。现任中央财经大学金融学院教授、博士生导师,平安健康医疗科技有限公司独立非执行董事,贵州茅台
酒股份有限公司独立董事。
盛雷鸣
曾任上海市中茂律师事务所律师。现任北京观韬中茂(上海)律师事务所律师,中华全国律师协会副会长,青岛啤酒股份有限公司、上海联
影医疗科技股份有限公司、贵州茅台酒股份有限公司独立董事。
王 鑫
曾在香港中文大学任教。现为香港大学经管学院会计与法学系系主任、会计学教授,首程控股有限公司独立非执行董事、贵州茅台酒股份
有限公司独立董事。
刘世仲
曾任中国贵州茅台酒厂(集团)有限责任公司法律知保处处长,贵州茅台酒股份有限公司法律知保部主任、贵州茅台酒厂(集团)置业投资
发展有限公司党委书记、董事长,贵州茅台酒厂(集团)贵阳商务有限责任公司董事长。现任中国贵州茅台酒厂(集团)有限责任公司党委
贵州茅台酒股份有限公司2024 年年度报告
27 / 143
委员、副总经理,贵州茅台酒股份有限公司董事。
韦 芳
曾任贵州茅台酒股份有限公司制曲",600519.SH,贵州茅台,2024-12-31,2024,年报,贵州茅台2024年报,贵州茅台2024年年度报告.pdf,C:\Users\Administrator\Desktop\financial-poc\data\raw\pdf\贵州茅台2024年年度报告.pdf,,,,68,396,管理层讨论,23,23,55,
600519_SH_pdf_贵州茅台2024年年度报告_pdf_bf557ae6_chunk_69,pdf,pdf,"董事长。现任中国贵州茅台酒厂(集团)有限责任公司党委
贵州茅台酒股份有限公司2024 年年度报告
27 / 143
委员、副总经理,贵州茅台酒股份有限公司董事。
韦 芳
曾任贵州茅台酒股份有限公司制曲一车间党支部委员、副书记、副主任,贵州茅台酒股份有限公司制曲七车间党支部委员、副书记、副主
任,中国贵州茅台酒厂(集团)有限责任公司工会副主席。现任贵州茅台酒股份有限公司职工董事,工会委员、常委、副主席,群团工作部
部长,机关党委委员、副书记。
游亚林
曾任中国贵州茅台酒厂(集团)有限责任公司总经理助理、党委办公室主任、机关党委书记、国安办公室主任、保密办公室主任、信访办公
室主任。现任贵州茅台酒股份有限公司党委副书记、监事会主席、监事、工会主席。
郑尚勋
曾任中国贵州茅台酒厂(集团)有限责任公司融媒体中心副主任,贵州茅台酒股份有限公司融媒体中心党支部委员、副主任,中国贵州茅台
酒厂(集团)有限责任公司办公室常务副主任,贵州茅台酒股份有限公司办公室常务副主任。现任贵州茅台酒股份有限公司监事,机关党委
委员、副书记,党委办公室(公司办公室)主任。
闻 勇
曾任共青团贵州省委办公室一级主任科员",600519.SH,贵州茅台,2024-12-31,2024,年报,贵州茅台2024年报,贵州茅台2024年年度报告.pdf,C:\Users\Administrator\Desktop\financial-poc\data\raw\pdf\贵州茅台2024年年度报告.pdf,,,,69,396,管理层讨论,23,23,55,
600519_SH_pdf_贵州茅台2024年年度报告_pdf_bf557ae6_chunk_70,pdf,pdf,"限责任公司办公室常务副主任,贵州茅台酒股份有限公司办公室常务副主任。现任贵州茅台酒股份有限公司监事,机关党委
委员、副书记,党委办公室(公司办公室)主任。
闻 勇
曾任共青团贵州省委办公室一级主任科员、四级调研员,中国贵州茅台酒厂(集团)有限责任公司法律合规部副主任,贵州茅台酒股份有限
公司法律合规部副部长。现任贵州茅台酒股份有限公司职工监事、法律合规部部长。
钟正强
曾任贵州茅台酒股份有限公司制酒十三车间主任兼支部副书记、总经理助理兼生产管理部主任。现任贵州茅台酒股份有限公司党委委员、
副总经理。
蒋 焰
曾任茅台(贵州)私募基金管理有限公司董事长、总经理,茅台(上海)融资租赁有限公司董事长、党支部书记,贵阳贵银金融租赁有限责
任公司副董事长,贵州茅台集团财务有限公司党支部书记、董事长。现任贵州茅台酒股份有限公司党委委员、副总经理、财务总监、董事会
秘书。
向 平
曾任贵州茅台酒股份有限公司总经理助理,勾贮车间党委委员、副书记、主任,生产管理部主任,贵州茅台集团营销有限公司党委委员、书
记、董事、董事长,贵州茅台酒销售有限公司党委委员、书记、董事、董事长。现任贵州茅台酒股份有限公司党",600519.SH,贵州茅台,2024-12-31,2024,年报,贵州茅台2024年报,贵州茅台2024年年度报告.pdf,C:\Users\Administrator\Desktop\financial-poc\data\raw\pdf\贵州茅台2024年年度报告.pdf,,,,70,396,管理层讨论,23,23,55,
600519_SH_pdf_贵州茅台2024年年度报告_pdf_bf557ae6_chunk_71,pdf,pdf,"公司总经理助理,勾贮车间党委委员、副书记、主任,生产管理部主任,贵州茅台集团营销有限公司党委委员、书
记、董事、董事长,贵州茅台酒销售有限公司党委委员、书记、董事、董事长。现任贵州茅台酒股份有限公司党委委员、副总经理。
张 旭
曾任贵州茅台酒销售有限公司副经理兼销售二部经理,贵州茅台酱香酒营销有限公司党委委员、副书记、书记、董事、董事长、副总经理、
总经理。现任贵州茅台酒股份有限公司党委委员、副总经理,贵州茅台酒销售有限公司党委委员、书记、董事、董事长。
其它情况说明
□适用 √不适用
贵州茅台酒股份有限公司2024 年年度报告
28 / 143
(二) 现任及报告期内离任董事、监事和高级管理人员的任职情况
1、 在股东单位任职情况
√适用 □不适用
任职人
员姓名
股东单位名称
在股东单位担任的职务
任期起始日期
任期终止日
期
张德芹
中国贵州茅台酒厂(集团)
有限责任公司
党委书记、董事长、董事 2024 年04 月
王 莉
中国贵州茅台酒厂(集团)
有限责任公司
党委副书记、副董事长、
董事、总经理
2023 年08 月
涂华彬
中国贵州茅台酒厂(集团)
有限责任公司
党委委员",600519.SH,贵州茅台,2024-12-31,2024,年报,贵州茅台2024年报,贵州茅台2024年年度报告.pdf,C:\Users\Administrator\Desktop\financial-poc\data\raw\pdf\贵州茅台2024年年度报告.pdf,,,,71,396,管理层讨论,23,23,55,
600519_SH_pdf_贵州茅台2024年年度报告_pdf_bf557ae6_chunk_72,pdf,pdf,"董事长、董事 2024 年04 月
王 莉
中国贵州茅台酒厂(集团)
有限责任公司
党委副书记、副董事长、
董事、总经理
2023 年08 月
涂华彬
中国贵州茅台酒厂(集团)
有限责任公司
党委委员、副总经理
2023 年08 月
王晓维
中国贵州茅台酒厂(集团)
有限责任公司
党委委员、副总经理
2023 年08 月
刘世仲
中国贵州茅台酒厂(集团)
有限责任公司
党委委员、副总经理
2025 年02 月
2、 在其他单位任职情况
√适用 □不适用
任职人
员姓名
其他单位名称
在其他单位担
任的职务
任期起始日期
任期终止日期
张德芹 茅台学院
董事长、董事
2024 年08 月
郭田勇
中央财经大学
金融学院教授、
博士生导师
1999 年09 月
平安银行股份有限公司
独立董事
2016 年08 月
2024 年05 月
平安健康医疗科技有限公司
独立非执行董
事
2018 年05 月
盛雷鸣
北京观韬中茂(上海)律师事务所 律师
2016 年04 月
上海振华重工(集团)股份有限公
司
独立董事
2019 年06 月
2024 年06 月
青岛啤酒股份有限公司
独立董事
2",600519.SH,贵州茅台,2024-12-31,2024,年报,贵州茅台2024年报,贵州茅台2024年年度报告.pdf,C:\Users\Administrator\Desktop\financial-poc\data\raw\pdf\贵州茅台2024年年度报告.pdf,,,,72,396,管理层讨论,23,23,55,
600519_SH_pdf_贵州茅台2024年年度报告_pdf_bf557ae6_chunk_73,pdf,pdf,"5 月
盛雷鸣
北京观韬中茂(上海)律师事务所 律师
2016 年04 月
上海振华重工(集团)股份有限公
司
独立董事
2019 年06 月
2024 年06 月
青岛啤酒股份有限公司
独立董事
2020 年06 月
上海外服控股集团股份有限公司
独立董事
2021 年09 月
2024 年06 月
上海联影医疗科技股份有限公司
独立董事
2020 年11 月
王 鑫
香港大学
教授
2019 年04 月
首程控股有限公司
独立非执行董
事
2018 年05 月
刘世仲
贵州茅台酒厂(集团)置业投资发
展有限公司
董事长、董事
2020 年05 月
2025 年03 月
贵州茅台酒厂(集团)贵阳商务有
限责任公司
董事长、董事
闻 勇 贵州遵义茅台机场有限责任公司
董事
2022 年04 月
2025 年03 月
贵州茅台酱香酒营销有限公司
董事
2021 年09 月
蒋 焰 贵州茅台集团财务有限公司
党支部书记、董
事、董事长
2022 年06 月
2024 年08 月
(三) 董事、监事、高级管理人员报酬情况
√适用 □不适用
贵州茅台酒股份有限公司2024 年年度报告
29 /",600519.SH,贵州茅台,2024-12-31,2024,年报,贵州茅台2024年报,贵州茅台2024年年度报告.pdf,C:\Users\Administrator\Desktop\financial-poc\data\raw\pdf\贵州茅台2024年年度报告.pdf,,,,73,396,管理层讨论,23,23,55,
600519_SH_pdf_贵州茅台2024年年度报告_pdf_bf557ae6_chunk_74,pdf,pdf,"团财务有限公司
党支部书记、董
事、董事长
2022 年06 月
2024 年08 月
(三) 董事、监事、高级管理人员报酬情况
√适用 □不适用
贵州茅台酒股份有限公司2024 年年度报告
29 / 143
董事、监事、高级管
理人员报酬的决策
程序
在本公司领取薪酬的董事、监事、高级管理人员报酬决策程序,一是高级
管理人员报酬是结合公司年度经营状况及业绩考评结果,经公司董事会审
议决定;二是独立董事薪酬经公司股东大会审议决定;三是其他在公司获
得报酬的职工董事、监事等,按照公司薪酬管理制度,结合个人绩效考评
结果综合确定报酬。
董事、监事、高级管
理人员报酬确定依
据
一是公司《经理层成员业绩考核管理办法》《经理层成员薪酬管理办法》
《经营业绩责任书》等;二是公司《薪酬管理办法》等;三是独立董事报
酬按照股东大会决议执行。
董事、监事和高级
管理人员报酬的实
际支付情况
详见本报告“现任及报告期内离任董事、监事和高级管理人员持股变动及
报酬情况”。
报告期末全体董
事、监事和高级管
理人员实际获得的
报酬合计
详见本报告“现任及报告期内离任董事、监事和高级管理人员持股变动及
报酬情",600519.SH,贵州茅台,2024-12-31,2024,年报,贵州茅台2024年报,贵州茅台2024年年度报告.pdf,C:\Users\Administrator\Desktop\financial-poc\data\raw\pdf\贵州茅台2024年年度报告.pdf,,,,74,396,管理层讨论,23,23,55,
600519_SH_pdf_贵州茅台2024年年度报告_pdf_bf557ae6_chunk_75,pdf,pdf,"任及报告期内离任董事、监事和高级管理人员持股变动及
报酬情况”。
报告期末全体董
事、监事和高级管
理人员实际获得的
报酬合计
详见本报告“现任及报告期内离任董事、监事和高级管理人员持股变动及
报酬情况”
(四) 公司董事、监事、高级管理人员变动情况
√适用 □不适用
姓名
担任的职
务
变动情
形
变动原因
张德芹
董事长、
董事
选举
股东大会、董事会选举。详见2024 年5 月30 日披露的《贵州
茅台2023 年度股东大会决议公告》(公告编号:临 2024-015)
和2024 年5 月30 日披露的《贵州茅台第四届董事会2024 年
度第六次会议决议公告》(公告编号:临 2024-016)。
韦 芳
职工董事 选举
职工代表选举。详见2024 年10 月22 日披露的《贵州茅台关
于职工董事选举结果的公告》(公告编号:临 2024-027)。
郑尚勋
监事
选举
股东大会选举。详见2024 年11 月28 日披露的《贵州茅台2024
年第一次临时股东大会决议公告》(公告编号:临 2024-036)。
向 平
副总经理 聘任
董事会聘任。详见2024 年8 月17 日披露的《贵",600519.SH,贵州茅台,2024-12-31,2024,年报,贵州茅台2024年报,贵州茅台2024年年度报告.pdf,C:\Users\Administrator\Desktop\financial-poc\data\raw\pdf\贵州茅台2024年年度报告.pdf,,,,75,396,管理层讨论,23,23,55,
600519_SH_pdf_贵州茅台2024年年度报告_pdf_bf557ae6_chunk_76,pdf,pdf,"见2024 年11 月28 日披露的《贵州茅台2024
年第一次临时股东大会决议公告》(公告编号:临 2024-036)。
向 平
副总经理 聘任
董事会聘任。详见2024 年8 月17 日披露的《贵州茅台第四届
董事会2024 年度第十次会议决议公告》(公告编号:临 2024-
022)。
张 旭
副总经理 聘任
董事会聘任。详见2024 年8 月17 日披露的《贵州茅台第四届
董事会2024 年度第十次会议决议公告》(公告编号:临 2024-
022)。
丁雄军
董事长、
董事
离任
辞职。详见 2024 年5 月1 日披露的《贵州茅台关于董事长辞
职的公告》(公告编号:临 2024-011)。
谢钦卿
职工董事 离任
离任。详见2024 年10 月22 日披露的《贵州茅台关于职工董
事选举结果的公告》(公告编号:临 2024-027)。
李强清
监事
离任
离任。详见2024 年11 月28 日披露的《贵州茅台2024 年第一
次临时股东大会决议公告》(公告编号:临 2024-036)。
涂华彬
副总经理 离任
离任。详见2024 年8 月17 日披露的《贵州茅台第四届董事会
2",600519.SH,贵州茅台,2024-12-31,2024,年报,贵州茅台2024年报,贵州茅台2024年年度报告.pdf,C:\Users\Administrator\Desktop\financial-poc\data\raw\pdf\贵州茅台2024年年度报告.pdf,,,,76,396,管理层讨论,23,23,55,
600519_SH_pdf_贵州茅台2024年年度报告_pdf_bf557ae6_chunk_77,pdf,pdf,"月28 日披露的《贵州茅台2024 年第一
次临时股东大会决议公告》(公告编号:临 2024-036)。
涂华彬
副总经理 离任
离任。详见2024 年8 月17 日披露的《贵州茅台第四届董事会
2024 年度第十次会议决议公告》(公告编号:临 2024-022)。
王晓维
副总经理 离任
离任。详见2024 年8 月17 日披露的《贵州茅台第四届董事会
2024 年度第十次会议决议公告》(公告编号:临 2024-022)。
(五) 近三年受证券监管机构处罚的情况说明
□适用 √不适用
贵州茅台酒股份有限公司2024 年年度报告
30 / 143
(六) 其他
□适用 √不适用
五、报告期内召开的董事会有关情况
会议届次
召开日期
会议决议
第四届董事会
2024 年度第一次
会议
2024 年02
月28 日
会议审议通过了《关于中华污水处理厂系统改造项目有关事
宜的议案》。
第四届董事会
2024 年度第二次
会议
2024 年03
月22 日
会议审议通过了《关于审议<贵州茅台酒股份有限公司岗位
管理办法(试行)>等办法的议案》。
第四届董事会
2024 年度第三次
会议
20",600519.SH,贵州茅台,2024-12-31,2024,年报,贵州茅台2024年报,贵州茅台2024年年度报告.pdf,C:\Users\Administrator\Desktop\financial-poc\data\raw\pdf\贵州茅台2024年年度报告.pdf,,,,77,396,管理层讨论,23,23,55,
600519_SH_pdf_贵州茅台2024年年度报告_pdf_bf557ae6_chunk_78,pdf,pdf,"事会
2024 年度第二次
会议
2024 年03
月22 日
会议审议通过了《关于审议<贵州茅台酒股份有限公司岗位
管理办法(试行)>等办法的议案》。
第四届董事会
2024 年度第三次
会议
2024 年04
月02 日
详见2024 年4 月3 日披露的《贵州茅台第四届董事会2024
年度第三次会议决议公告》(公告编号:临2024-001)。
第四届董事会
2024 年度第四次
会议
2024 年04
月25 日
详见2024 年4 月27 日披露的《贵州茅台第四届董事会
2024 年度第四次会议决议公告》(公告编号:临2024-
006)。
第四届董事会
2024 年度第五次
会议
2024 年05
月07 日
详见2024 年5 月9 日披露的《贵州茅台第四届董事会2024
年度第五次会议决议公告》(公告编号:临2024-012)。
第四届董事会
2024 年度第六次
会议
2024 年05
月29 日
详见2024 年5 月30 日披露的《贵州茅台第四届董事会
2024 年度第六次会议决议公告》(公告编号:临2024-
016)。
第四届董事会
2024 年度第七次
会议",600519.SH,贵州茅台,2024-12-31,2024,年报,贵州茅台2024年报,贵州茅台2024年年度报告.pdf,C:\Users\Administrator\Desktop\financial-poc\data\raw\pdf\贵州茅台2024年年度报告.pdf,,,,78,396,管理层讨论,23,23,55,
600519_SH_pdf_贵州茅台2024年年度报告_pdf_bf557ae6_chunk_79,pdf,pdf,"24 年05
月29 日
详见2024 年5 月30 日披露的《贵州茅台第四届董事会
2024 年度第六次会议决议公告》(公告编号:临2024-
016)。
第四届董事会
2024 年度第七次
会议
2024 年05
月30 日
会议审议通过了《关于公司茅台本部制酒车间(一片区)排
水管网维修改造项目的议案》。
第四届董事会
2024 年度第八次
会议
2024 年06
月27 日
会议审议通过了《关于制定<公司战略管理办法>的议案》。
第四届董事会
2024 年度第九次
会议
2024 年08
月07 日
详见2024 年8 月9 日披露的《贵州茅台第四届董事会2024
年度第九次会议决议公告》(公告编号:临2024-018)。
第四届董事会
2024 年度第十次
会议
2024 年08
月16 日
详见2024 年8 月17 日披露的《贵州茅台第四届董事会
2024 年度第十次会议决议公告》(公告编号:临2024-
022)。
第四届董事会
2024 年度第十一
次会议
2024 年09
月20 日
详见2024 年9 月21 日披露的《贵州茅台第四届董事会
2024 年度第十一次",600519.SH,贵州茅台,2024-12-31,2024,年报,贵州茅台2024年报,贵州茅台2024年年度报告.pdf,C:\Users\Administrator\Desktop\financial-poc\data\raw\pdf\贵州茅台2024年年度报告.pdf,,,,79,396,管理层讨论,23,23,55,
600519_SH_pdf_贵州茅台2024年年度报告_pdf_bf557ae6_chunk_80,pdf,pdf,"公告》(公告编号:临2024-
022)。
第四届董事会
2024 年度第十一
次会议
2024 年09
月20 日
详见2024 年9 月21 日披露的《贵州茅台第四届董事会
2024 年度第十一次会议决议公告》(公告编号:临2024-
024)。
第四届董事会
2024 年度第十二
次会议
2024 年10
月24 日
详见2024 年10 月26 日披露的《贵州茅台第四届董事会
2024 年度第十二次会议决议公告》(公告编号:临2024-
028)。
第四届董事会
2024 年度第十三
次会议
2024 年11
月07 日
详见2024 年11 月9 日披露的《贵州茅台第四届董事会
2024 年度第十三次会议决议公告》(公告编号:临2024-
031)。
贵州茅台酒股份有限公司2024 年年度报告
31 / 143
六、董事履行职责情况
(一) 董事参加董事会和股东大会的情况
董事
姓名
是否
独立
董事
参加董事会情况
参加股东
大会情况
本年应参
加董事会
次数
亲自
出席
次数
以通讯
方式参
加次数
委托出
席次数
缺席
次数
是否连续
两次未亲
自参加会
议
出席股东",600519.SH,贵州茅台,2024-12-31,2024,年报,贵州茅台2024年报,贵州茅台2024年年度报告.pdf,C:\Users\Administrator\Desktop\financial-poc\data\raw\pdf\贵州茅台2024年年度报告.pdf,,,,80,396,管理层讨论,23,23,55,
600519_SH_pdf_贵州茅台2024年年度报告_pdf_bf557ae6_chunk_81,pdf,pdf,"姓名
是否
独立
董事
参加董事会情况
参加股东
大会情况
本年应参
加董事会
次数
亲自
出席
次数
以通讯
方式参
加次数
委托出
席次数
缺席
次数
是否连续
两次未亲
自参加会
议
出席股东
大会的次
数
张德芹
否
8
8
6
0
0 否
1
王 莉
否
13
13
10
0
0 否
2
郭田勇
是
13
13
10
0
0 否
2
盛雷鸣
是
13
13
10
0
0 否
2
王 鑫
是
13
13
10
0
0 否
2
刘世仲
否
13
13
8
0
0 否
1
韦 芳
否
2
2
2
0
0 否
0
丁雄军
否
4
4
1
0
0 否
0
谢钦卿
否
11
10
6
1
0 否
0
连续两次未亲自出席董事会会议的说明
□适用 √不适用
年内召开董事会会议次数
13
其中:现场会议次数
1
通讯方式召开会议次数
8
现场结合通讯方式召开会议次数
4
(二) 董事对公司有关事项提出异议的情况
□适用 √不适用
(三) 其他
□适用 √不适用
七、董事会下设专门委员会情况
√适用 □不适用
(一) 董事会下设专门委员会成员情况
专门委员会类别
成员姓名
审计委员会
王 鑫、郭",600519.SH,贵州茅台,2024-12-31,2024,年报,贵州茅台2024年报,贵州茅台2024年年度报告.pdf,C:\Users\Administrator\Desktop\financial-poc\data\raw\pdf\贵州茅台2024年年度报告.pdf,,,,81,396,管理层讨论,23,23,55,
600519_SH_pdf_贵州茅台2024年年度报告_pdf_bf557ae6_chunk_82,pdf,pdf,"提出异议的情况
□适用 √不适用
(三) 其他
□适用 √不适用
七、董事会下设专门委员会情况
√适用 □不适用
(一) 董事会下设专门委员会成员情况
专门委员会类别
成员姓名
审计委员会
王 鑫、郭田勇、盛雷鸣
提名委员会
盛雷鸣、张德芹、郭田勇
薪酬与考核委员会
郭田勇、王 鑫、刘世仲
战略委员会
张德芹、王 莉、郭田勇、盛雷鸣、王鑫、刘世仲、韦 芳
风险与合规管理委员会
王 莉、盛雷鸣、王 鑫
(二) 报告期内审计委员会召开六次会议
贵州茅台酒股份有限公司2024 年年度报告
32 / 143
召开日期
会议内容
重要意见和建议
2024 年04
月01 日
第四届审计委员会2024 年
度第一次会议
审议通过《2023 年度董事会审计委员会履职情况报
告》。
2024 年04
月01 日
第四届审计委员会2024 年
度第二次会议
审议通过《2023 年年度报告(全文及摘要)》《2023
年度财务决算报告》《2024 年度财务预算方案》
《2023 年度内部控制评价报告》《关于聘请 2024 年
度财务审计机构和内控审计机构的议案》《关于日常
关联交易的议案》,并同意按规定将有",600519.SH,贵州茅台,2024-12-31,2024,年报,贵州茅台2024年报,贵州茅台2024年年度报告.pdf,C:\Users\Administrator\Desktop\financial-poc\data\raw\pdf\贵州茅台2024年年度报告.pdf,,,,82,396,管理层讨论,23,23,55,
600519_SH_pdf_贵州茅台2024年年度报告_pdf_bf557ae6_chunk_83,pdf,pdf,"023
年度财务决算报告》《2024 年度财务预算方案》
《2023 年度内部控制评价报告》《关于聘请 2024 年
度财务审计机构和内控审计机构的议案》《关于日常
关联交易的议案》,并同意按规定将有关议案提交公
司董事会审议。
2024 年04
月24 日
第四届审计委员会2024 年
度第三次会议
审议通过《2024 年第一季度报告》《关于贵州茅台集
团财务有限公司日常关联交易的议案》,并同意按规
定将有关议案提交公司董事会审议。
2024 年08
月06 日
第四届审计委员会2024 年
度第四次会议
审议通过《2024 年半年度报告》《2024-2026 年度现
金分红回报规划》,并同意按规定将有关议案提交公
司董事会审议。
2024 年10
月23 日
第四届审计委员会2024 年
度第五次会议
审议通过《2024 年第三季度报告》,并同意按规定将
有关议案提交公司董事会审议。
2024 年11
月06 日
第四届审计委员会2024 年
度第六次会议
审议通过《2024 年中期利润分配方案》,并同意按规
定将有关议案提交公司董事会审议。
(三) 报告期内提名委员会召开两次会议",600519.SH,贵州茅台,2024-12-31,2024,年报,贵州茅台2024年报,贵州茅台2024年年度报告.pdf,C:\Users\Administrator\Desktop\financial-poc\data\raw\pdf\贵州茅台2024年年度报告.pdf,,,,83,396,管理层讨论,23,23,55,
600519_SH_pdf_贵州茅台2024年年度报告_pdf_bf557ae6_chunk_84,pdf,pdf,"2024 年11
月06 日
第四届审计委员会2024 年
度第六次会议
审议通过《2024 年中期利润分配方案》,并同意按规
定将有关议案提交公司董事会审议。
(三) 报告期内提名委员会召开两次会议
召开日期
会议内容
重要意见和建议
2024 年05
月06 日
第四届提名委员会2024
年度第一次会议
审议通过《关于提名董事候选人的议案》,并同意按规
定将有关议案提交公司董事会审议。
2024 年08
月15 日
第四届提名委员会2024
年度第二次会议
审议通过《关于聘任高级管理人员的议案》,并同意按
规定将有关议案提交公司董事会审议。
(四) 报告期内薪酬与考核委员会召开三次会议
召开日期
会议内容
重要意见和建议
2024 年03
月21 日
第四届薪酬与考核委员会
2024 年度第一次会议
审议通过《关于审议<贵州茅台酒股份有限公司岗位管理
办法(试行)>等办法的议案》,并同意按规定将有关议
案提交公司董事会审议。
2024 年04
月01 日
第四届薪酬与考核委员会
2024 年度第二次会议
审议通过《关于<公司经理层成员业绩考核管理办法>的
议案》,并同意按规定将有关",600519.SH,贵州茅台,2024-12-31,2024,年报,贵州茅台2024年报,贵州茅台2024年年度报告.pdf,C:\Users\Administrator\Desktop\financial-poc\data\raw\pdf\贵州茅台2024年年度报告.pdf,,,,84,396,管理层讨论,23,23,55,
600519_SH_pdf_贵州茅台2024年年度报告_pdf_bf557ae6_chunk_85,pdf,pdf,"意按规定将有关议
案提交公司董事会审议。
2024 年04
月01 日
第四届薪酬与考核委员会
2024 年度第二次会议
审议通过《关于<公司经理层成员业绩考核管理办法>的
议案》,并同意按规定将有关议案提交公司董事会审
议。
2024 年10
月23 日
第四届薪酬与考核委员会
2024 年度第三次会议
审议通过《关于审议公司2023 年工资总额预算执行情况
和2024 年工资总额预算方案的议案》《关于审议公司经
理层2023 年度考核结果及2024 年度经营业绩责任书的
议案》,并同意按规定将有关议案提交公司董事会审
议。
(五) 报告期内战略委员会召开四次会议
召开日期
会议内容
重要意见和建议
2024 年02
月27 日
第四届战略委员会2024
年度第一次会议
审议通过《关于中华污水处理厂系统改造项目有关事宜
的议案》,并同意按规定将有关议案提交公司董事会审
议。
贵州茅台酒股份有限公司2024 年年度报告
33 / 143
2024 年05
月29 日
第四届战略委员会2024
年度第二次会议
审议通过《关于公司茅台本部制酒车间(一片区)排水
管网维修改造项目的议案》,并",600519.SH,贵州茅台,2024-12-31,2024,年报,贵州茅台2024年报,贵州茅台2024年年度报告.pdf,C:\Users\Administrator\Desktop\financial-poc\data\raw\pdf\贵州茅台2024年年度报告.pdf,,,,85,396,管理层讨论,23,23,55,
600519_SH_pdf_贵州茅台2024年年度报告_pdf_bf557ae6_chunk_86,pdf,pdf,"份有限公司2024 年年度报告
33 / 143
2024 年05
月29 日
第四届战略委员会2024
年度第二次会议
审议通过《关于公司茅台本部制酒车间(一片区)排水
管网维修改造项目的议案》,并同意按规定将有关议案
提交公司董事会审议。
2024 年08
月06 日
第四届战略委员会2024
年度第三次会议
审议通过《关于调整酱香型系列酒制酒技改工程及配套
设施项目建设规模及总投资的议案》《关于调整3 万吨
酱香系列酒技改工程及其配套设施项目投资额的议案》
《关于投资建设银滩二期污水处理厂项目的议案》,并
同意按规定将有关议案提交公司董事会审议。
2024 年09
月19 日
第四届战略委员会2024
年度第四次会议
审议通过《关于以集中竞价交易方式回购公司股份的方
案》,并同意按规定将有关议案提交公司董事会审议。
(六) 存在异议事项的具体情况
□适用 √不适用
八、监事会发现公司存在风险的说明
□适用 √不适用
监事会对报告期内的监督事项无异议。
九、报告期末母公司和主要子公司的员工情况
(一) 员工情况
母公司在职员工的数量
33,314
主要子公司在职员工的数量
1,43",600519.SH,贵州茅台,2024-12-31,2024,年报,贵州茅台2024年报,贵州茅台2024年年度报告.pdf,C:\Users\Administrator\Desktop\financial-poc\data\raw\pdf\贵州茅台2024年年度报告.pdf,,,,86,396,管理层讨论,23,23,55,
600519_SH_pdf_贵州茅台2024年年度报告_pdf_bf557ae6_chunk_87,pdf,pdf,"存在风险的说明
□适用 √不适用
监事会对报告期内的监督事项无异议。
九、报告期末母公司和主要子公司的员工情况
(一) 员工情况
母公司在职员工的数量
33,314
主要子公司在职员工的数量
1,436
在职员工的数量合计
34,750
母公司及主要子公司需承担费用的离退休职工人数
2,310
专业构成
专业构成类别
专业构成人数
生产人员
28,900
销售人员
1,239
技术人员
934
财务人员
267
行政人员
1,794
其他
1,616
合计
34,750
教育程度
教育程度类别
数量(人)
研究生以上学历
791
本科学历
12,079
大专学历
4,120
中专、高中及以下
17,760
合计
34,750
(二) 薪酬政策
√适用 □不适用
一是高级管理人员实行年薪制,年薪由基本年薪、绩效年薪和任期激励三部分构成,原则上
不享受其他工资性支出,例如津补贴等;二是其他人员主要实行岗位绩效工资制,具体根据各岗
位的技术含量、知识含量、个人能力、工作业绩、劳动强度等要素确定其薪酬水平。
贵州茅台酒股份有限公司2024 年年度报告
34 / 143
(三) 培训计划
√适用",600519.SH,贵州茅台,2024-12-31,2024,年报,贵州茅台2024年报,贵州茅台2024年年度报告.pdf,C:\Users\Administrator\Desktop\financial-poc\data\raw\pdf\贵州茅台2024年年度报告.pdf,,,,87,396,管理层讨论,23,23,55,
600519_SH_pdf_贵州茅台2024年年度报告_pdf_bf557ae6_chunk_88,pdf,pdf,"主要实行岗位绩效工资制,具体根据各岗
位的技术含量、知识含量、个人能力、工作业绩、劳动强度等要素确定其薪酬水平。
贵州茅台酒股份有限公司2024 年年度报告
34 / 143
(三) 培训计划
√适用 □不适用
2025 年培训计划,主要分为公司级培训和部门级培训两个层级,各级培训涵盖基础能力、专
业技术技能和专项培训等3 个大类。其中,公司级培训54 项,主要将公司发展战略、员工职业发
展规划等作为培训计划制定的依据,包括企业文化、法律合规、党群纪检、战略企管、生产、质
量、安全、环保、后备人才培养等;部门级培训90 项,由各职能部门及车间根据业务及生产需要
提出培训需求,各职能部门主要针对业务领域相关的知识能力等开展培训,生产系统主要包括企
业文化、法律规章、职业健康、生产质量、安全环保等方面培训。
(四) 劳务外包情况
√适用 □不适用
2024 年,公司劳务外包支付的报酬总额4.79 亿元(含税)。
十、利润分配或资本公积金转增预案
(一) 现金分红政策的制定、执行或调整情况
√适用 □不适用
1.根据公司2023 年度股东大会审议通过的《2023 年度利润分配方案》,公司以2",600519.SH,贵州茅台,2024-12-31,2024,年报,贵州茅台2024年报,贵州茅台2024年年度报告.pdf,C:\Users\Administrator\Desktop\financial-poc\data\raw\pdf\贵州茅台2024年年度报告.pdf,,,,88,396,管理层讨论,23,23,55,
600519_SH_pdf_贵州茅台2024年年度报告_pdf_bf557ae6_chunk_89,pdf,pdf,"9 亿元(含税)。
十、利润分配或资本公积金转增预案
(一) 现金分红政策的制定、执行或调整情况
√适用 □不适用
1.根据公司2023 年度股东大会审议通过的《2023 年度利润分配方案》,公司以2023 年末总
股本125,619.78 万股为基数,向公司全体股东每10 股派发现金红利308.76 元(含税)。该利润
分配方案由公司独立董事发表意见,经公司董事会审议通过之后,提交公司股东大会审议通过。
股东大会审议该议案时,对中小股东进行了单独计票。该利润分配已于2024 年6 月实施完毕。
2.根据公司2024 年第一次临时股东大会审议通过的《2024 年中期利润分配方案》,公司以
实施权益分派股权登记日总股本125,619.78 万股为基数,向公司全体股东每10 股派发现金红利
238.82 元(含税)。经公司董事会审议通过之后,提交公司股东大会审议通过。股东大会审议议
案时,对中小股东进行了单独计票。该利润分配已于2024 年12 月实施完毕。
报告期内,公司利润分配符合公司《章程》的规定。
(二) 现金分红政策的专项说明
√适用 □不适用
是否符合公司章程的规定或股东大会决",600519.SH,贵州茅台,2024-12-31,2024,年报,贵州茅台2024年报,贵州茅台2024年年度报告.pdf,C:\Users\Administrator\Desktop\financial-poc\data\raw\pdf\贵州茅台2024年年度报告.pdf,,,,89,396,管理层讨论,23,23,55,
600519_SH_pdf_贵州茅台2024年年度报告_pdf_bf557ae6_chunk_90,pdf,pdf,"小股东进行了单独计票。该利润分配已于2024 年12 月实施完毕。
报告期内,公司利润分配符合公司《章程》的规定。
(二) 现金分红政策的专项说明
√适用 □不适用
是否符合公司章程的规定或股东大会决议的要求
√是 □否
分红标准和比例是否明确和清晰
√是 □否
相关的决策程序和机制是否完备
√是 □否
独立董事是否履职尽责并发挥了应有的作用
√是 □否
中小股东是否有充分表达意见和诉求的机会,其合法权益是否得到了充
分保护
√是 □否
(三) 报告期内盈利且母公司可供股东分配利润为正,但未提出现金利润分配方案预案的,公司应
当详细披露原因以及未分配利润的用途和使用计划
□适用 √不适用
(四) 本报告期利润分配及资本公积金转增股本预案
√适用 □不适用
单位:元 币种:人民币
每10 股派息数(元)(含税)
276.24
现金分红金额(含税)
34,671,299,522.40
贵州茅台酒股份有限公司2024 年年度报告
35 / 143
合并报表中归属于上市公司普通股股东
的净利润
86,228,146,421.62
现金分红金额占合并报表中归属于上市
公司普通股股东的净利润的比率",600519.SH,贵州茅台,2024-12-31,2024,年报,贵州茅台2024年报,贵州茅台2024年年度报告.pdf,C:\Users\Administrator\Desktop\financial-poc\data\raw\pdf\贵州茅台2024年年度报告.pdf,,,,90,396,管理层讨论,23,23,55,
600519_SH_pdf_贵州茅台2024年年度报告_pdf_bf557ae6_chunk_91,pdf,pdf,"酒股份有限公司2024 年年度报告
35 / 143
合并报表中归属于上市公司普通股股东
的净利润
86,228,146,421.62
现金分红金额占合并报表中归属于上市
公司普通股股东的净利润的比率(%)
40.21
(五) 最近三个会计年度现金分红情况
√适用 □不适用
单位:元 币种:人民币
最近三个会计年度累计现金分红金额(含税)(1)
187,531,728,815.40
最近三个会计年度累计回购并注销金额(2)
最近三个会计年度现金分红和回购并注销累计金额
(3)=(1)+(2)
187,531,728,815.40
最近三个会计年度年均净利润金额(4)
74,559,895,280.83
最近三个会计年度现金分红比例(%)(5)=(3)/(4)
251.52
最近一个会计年度合并报表中归属于上市公司普通
股股东的净利润
86,228,146,421.62
最近一个会计年度母公司报表年度末未分配利润
115,219,987,975.81
十一、公司股权激励计划、员工持股计划或其他员工激励措施的情况及其影响
(一) 相关激励事项已在临时公告披露且后续实施无进展或变化的
□适用",600519.SH,贵州茅台,2024-12-31,2024,年报,贵州茅台2024年报,贵州茅台2024年年度报告.pdf,C:\Users\Administrator\Desktop\financial-poc\data\raw\pdf\贵州茅台2024年年度报告.pdf,,,,91,396,管理层讨论,23,23,55,
600519_SH_pdf_贵州茅台2024年年度报告_pdf_bf557ae6_chunk_92,pdf,pdf,"司报表年度末未分配利润
115,219,987,975.81
十一、公司股权激励计划、员工持股计划或其他员工激励措施的情况及其影响
(一) 相关激励事项已在临时公告披露且后续实施无进展或变化的
□适用 √不适用
(二) 临时公告未披露或有后续进展的激励情况
股权激励情况
□适用 √不适用
其他说明:
□适用 √不适用
员工持股计划情况
□适用 √不适用
其他激励措施
□适用 √不适用
(三) 董事、高级管理人员报告期内被授予的股权激励情况
□适用 √不适用
(四) 报告期内对高级管理人员的考评机制,以及激励机制的建立、实施情况
√适用 □不适用
根据《贵州省国资委监管企业负责人薪酬管理办法》《贵州省国资委监管企业负责人经营业
绩考核办法》及公司《经理层成员业绩考核管理办法》《经理层成员薪酬管理办法》等有关规定,
公司与高级管理人员签订了《经营业绩责任书》,按照责任书考核指标及业绩完成情况等方面,
综合确定高级管理人员的报酬。
贵州茅台酒股份有限公司2024 年年度报告
36 / 143
十二、报告期内的内部控制制度建设及实施情况
√适用 □不适用
根据《企业内部控制基本规范》及其配套指",600519.SH,贵州茅台,2024-12-31,2024,年报,贵州茅台2024年报,贵州茅台2024年年度报告.pdf,C:\Users\Administrator\Desktop\financial-poc\data\raw\pdf\贵州茅台2024年年度报告.pdf,,,,92,396,管理层讨论,23,23,55,
600519_SH_pdf_贵州茅台2024年年度报告_pdf_bf557ae6_chunk_93,pdf,pdf,"方面,
综合确定高级管理人员的报酬。
贵州茅台酒股份有限公司2024 年年度报告
36 / 143
十二、报告期内的内部控制制度建设及实施情况
√适用 □不适用
根据《企业内部控制基本规范》及其配套指引的规定和其他内部控制监管要求,结合本公司
内部控制制度和评价办法,在内部控制日常监督和专项监督的基础上,董事会对本公司2024 年12
月31 日(内部控制评价报告基准日)的内部控制有效性进行了评价。详见与本报告同时在上海证
券交易所网站(网址:www.sse.com.cn)披露的《公司2024 年度内部控制评价报告》。
报告期内部控制存在重大缺陷情况的说明
□适用 √不适用
十三、报告期内对子公司的管理控制情况
√适用 □不适用
为加强公司对子公司的管理,规范其议事机构及议事程序,公司不定期召开制度评审会,遵
照管理的合法性原则、适用性原则、适时性原则、问题导向改进原则,前置评审子公司《章程》
及三会”议事规则,对其《章程》及“三会”议事规则的整体框架、职责职权及具体的议事范围
进行研究、讨论。通过评审子公司章程及“三会”议事规则,强化公司对子公司领导班子权力运
行的制约和监督,提高工",600519.SH,贵州茅台,2024-12-31,2024,年报,贵州茅台2024年报,贵州茅台2024年年度报告.pdf,C:\Users\Administrator\Desktop\financial-poc\data\raw\pdf\贵州茅台2024年年度报告.pdf,,,,93,396,管理层讨论,23,23,55,
600519_SH_pdf_贵州茅台2024年年度报告_pdf_bf557ae6_chunk_94,pdf,pdf,"程》
及三会”议事规则,对其《章程》及“三会”议事规则的整体框架、职责职权及具体的议事范围
进行研究、讨论。通过评审子公司章程及“三会”议事规则,强化公司对子公司领导班子权力运
行的制约和监督,提高工作效率和工作水平,促进议事机构决策的合法化、制度化及科学化。
十四、内部控制审计报告的相关情况说明
√适用 □不适用
详见与本报告同时在上海证券交易所网站(网址:www.sse.com.cn)披露的《公司2024 年
度内部控制审计报告》。
是否披露内部控制审计报告:是
内部控制审计报告意见类型:标准的无保留意见
十五、上市公司治理专项行动自查问题整改情况
根据《中国证监会关于开展上市公司治理专项行动的公告》《贵州证监局关于上市公司治理
自查有关事项的通知》要求,公司按要求对照上市公司治理专项自查清单,认真开展治理专项自
查工作。截至本报告期末,尚存在两个问题:一是控股股东尚未履行实施股权激励计划的承诺;
二是公司一名高级管理人员在控股股东兼职。
十六、其他
□适用 √不适用
第五节
环境与社会责任
一、 环境信息情况
是否建立环境保护相关机制
是
报告期内投入环保资金(单位:万元)
30",600519.SH,贵州茅台,2024-12-31,2024,年报,贵州茅台2024年报,贵州茅台2024年年度报告.pdf,C:\Users\Administrator\Desktop\financial-poc\data\raw\pdf\贵州茅台2024年年度报告.pdf,,,,94,396,管理层讨论,23,23,55,
600519_SH_pdf_贵州茅台2024年年度报告_pdf_bf557ae6_chunk_95,pdf,pdf,"计划的承诺;
二是公司一名高级管理人员在控股股东兼职。
十六、其他
□适用 √不适用
第五节
环境与社会责任
一、 环境信息情况
是否建立环境保护相关机制
是
报告期内投入环保资金(单位:万元)
30,158
(一) 属于环境保护部门公布的重点排污单位的公司及其主要子公司的环保情况说明
√适用 □不适用
1、 排污信息
√适用 □不适用
贵州茅台酒股份有限公司2024 年年度报告
37 / 143
(1)主要污染物:废水、废气、固体废物。
(2)特征污染物的名称:COD、氨氮、总磷、总氮、二氧化硫、氮氧化物、烟(粉)尘。
(3)2024 年度污染物排放情况:
1废水
公司共有5 个污水处理厂,每个污水处理厂设置1 个排放口,分布在公司本部老厂区及中华
片区,和义兴酒业分公司大地生产区、新寨生产区、二合生产区,排放方式为废水处理达标后直
排。
污水处理厂
名称
COD
氨氮
总磷
总氮
执行标准
平均排
放浓度
(毫克/
升)
排放总
量
(吨)
平均排
放浓度
(毫克/
升)
排放总
量
(吨)
平均排
放浓度
(毫克/
升)
排放总
量
(吨)
平均排
放浓度
(毫克/
升)
排放总",600519.SH,贵州茅台,2024-12-31,2024,年报,贵州茅台2024年报,贵州茅台2024年年度报告.pdf,C:\Users\Administrator\Desktop\financial-poc\data\raw\pdf\贵州茅台2024年年度报告.pdf,,,,95,396,管理层讨论,23,23,55,
600519_SH_pdf_贵州茅台2024年年度报告_pdf_bf557ae6_chunk_96,pdf,pdf,"标准
平均排
放浓度
(毫克/
升)
排放总
量
(吨)
平均排
放浓度
(毫克/
升)
排放总
量
(吨)
平均排
放浓度
(毫克/
升)
排放总
量
(吨)
平均排
放浓度
(毫克/
升)
排放总
量
(吨)
茅台
本部
7000t/d
污水处
理厂
15.830
14.858
0.160
0.144
0.058
0.055
2.110
1.987
《发酵酒
精和白酒
工业污染
物排放标
准》
(GB2763
1-2011)
表3直排
标准
4000t/d
污水处
理厂
14.930
4.955
0.450
0.161
0.040
0.012
4.570
1.627
和义
兴酒
业分
公司
新寨污
水处理
厂
27.140
15.254
0.377
0.206
0.080
0.040
4.287
2.584
大地污
水处理
厂
24.493
5.193
0.177
0.026
0.057
0.011
4.860
1.094
二合污
水处理
厂
20.201
6.737
0.124
0.042
0.078
0.026
7.231
2.412
《城镇污
水处理厂
污染物排
放标准》
(",600519.SH,贵州茅台,2024-12-31,2024,年报,贵州茅台2024年报,贵州茅台2024年年度报告.pdf,C:\Users\Administrator\Desktop\financial-poc\data\raw\pdf\贵州茅台2024年年度报告.pdf,,,,96,396,管理层讨论,23,23,55,
600519_SH_pdf_贵州茅台2024年年度报告_pdf_bf557ae6_chunk_97,pdf,pdf,"7
0.011
4.860
1.094
二合污
水处理
厂
20.201
6.737
0.124
0.042
0.078
0.026
7.231
2.412
《城镇污
水处理厂
污染物排
放标准》
(GB18918
-2002)中
的一级A
标准
2废气
公司燃气锅炉分布于公司本部老厂区及中华片区,和义兴酒业分公司大地生产区、新寨生产
区、二合生产区。公司燃气锅炉采用的是天然气作为能源,锅炉废气排放方式为直排。
燃气锅炉排放情况
区域
二氧化硫
氮氧化物
烟(粉)尘
执行
标准
平均排放浓
度(毫克/立
方米)
排放量
(吨)
平均排放浓
度(毫克/立
方米)
排放量
(吨)
平均排放
浓度(毫
克/立方
米)
排放量
(吨)
茅台本部
(老区和中华
片区)
3.580
2.603
56.71
51.578
3.450
2.321
《锅炉大
气污染物
排放标
准》
贵州茅台酒股份有限公司2024 年年度报告
38 / 143
和义
兴酒
业分
公司
新寨
片区
3.000
0.985
36.649
9.950
4.748
1.335
(GB1327
1-2014)
表2
大地
片区
3",600519.SH,贵州茅台,2024-12-31,2024,年报,贵州茅台2024年报,贵州茅台2024年年度报告.pdf,C:\Users\Administrator\Desktop\financial-poc\data\raw\pdf\贵州茅台2024年年度报告.pdf,,,,97,396,管理层讨论,23,23,55,
600519_SH_pdf_贵州茅台2024年年度报告_pdf_bf557ae6_chunk_98,pdf,pdf,"024 年年度报告
38 / 143
和义
兴酒
业分
公司
新寨
片区
3.000
0.985
36.649
9.950
4.748
1.335
(GB1327
1-2014)
表2
大地
片区
3.000
0.299
48.417
5.103
5.160
0.636
二合
片区
3.000
0.258
56.314
4.812
3.983
0.345
3固废处理情况
公司固体废弃物酒糟、废窖泥、废曲草交由贵州茅台酒厂(集团)循环经济产业投资开发有
限公司进行资源化处置,生活垃圾委托第三方单位运至垃圾焚烧发电厂等单位进行焚烧处理,危
险废物委托具备资质单位进行规范化处置。
(4)排污许可证管理
公司根据《排污许可证管理办法》及相关要求依法申报取得各片区排污许可证,落实排污许
可证证后执行管理,定期提交执行报告,报告排放情况、监测数据、污染防治措施等;同时建立
环境管理台账,记录排放数据、设施运行、监测结果等信息。2024 年度公司实际排放污染物总量
小于许可总量,排放符合法律法规要求。
2、 防治污染设施的建设和运行情况
√适用 □不适用
公司污染防治设施主要包括废水、废气等污染防治",600519.SH,贵州茅台,2024-12-31,2024,年报,贵州茅台2024年报,贵州茅台2024年年度报告.pdf,C:\Users\Administrator\Desktop\financial-poc\data\raw\pdf\贵州茅台2024年年度报告.pdf,,,,98,396,管理层讨论,23,23,55,
600519_SH_pdf_贵州茅台2024年年度报告_pdf_bf557ae6_chunk_99,pdf,pdf,"设施运行、监测结果等信息。2024 年度公司实际排放污染物总量
小于许可总量,排放符合法律法规要求。
2、 防治污染设施的建设和运行情况
√适用 □不适用
公司污染防治设施主要包括废水、废气等污染防治设施,均正常运行。2024 年,公司实施管
网改造,进一步完善污水收集设施;公司开展废水污染治理设施提标升级改造,为进一步减少污
染物排放夯实基础,保障污水处理厂稳定运行;废气污染防治设施平稳有效运行,污染物排放优
于标准限值。
3、 建设项目环境影响评价及其他环境保护行政许可情况
√适用 □不适用
(1)公司本部完成茅台酒“十四五”技改建设项目、茅台酒用原辅材料储备库、中华6 万吨
勾调中心及危普货停车场、新建危废贮存库、茅台本部制酒车间(一片区)排水管网维修改造项目
5 项环境影响报告手续;和义兴酒业分公司取得柑子坪污水处理厂项目1 项环境影响报告手续。
(2)公司本部完成酱香系列低度酒体配套设施建设工程项目、老厂区和中华片区制酒生产及
其配套设施技改项目一期、茅台酒“十二五”扩建技改项目纯净水生产车间3 个项目竣工环保验
收。和义兴酒业分公司完成柑子坪、大地“9 改7”项目2 项竣工",600519.SH,贵州茅台,2024-12-31,2024,年报,贵州茅台2024年报,贵州茅台2024年年度报告.pdf,C:\Users\Administrator\Desktop\financial-poc\data\raw\pdf\贵州茅台2024年年度报告.pdf,,,,99,396,管理层讨论,23,23,55,
600519_SH_pdf_贵州茅台2024年年度报告_pdf_bf557ae6_chunk_100,pdf,pdf,"配套设施建设工程项目、老厂区和中华片区制酒生产及
其配套设施技改项目一期、茅台酒“十二五”扩建技改项目纯净水生产车间3 个项目竣工环保验
收。和义兴酒业分公司完成柑子坪、大地“9 改7”项目2 项竣工环保验收。
4、 突发环境事件应急预案
√适用 □不适用
根据《企业事业单位突发环境事件应急预案备案管理办法(试行)》(环发〔2015〕4 号)等
相关文件规定,公司本部、和义兴酒业分公司均已编制突发环境应急预案并报生态环境主管部门
备案。其中,公司本部于2024 年6 月3 日组织开展了年度突发环境事件应急演练,和义兴酒业分
公司分别于2024 年7 月17 日和9 月15 日组织开展了两次年度突发环境事件应急演练,有效提
高了员工的环保风险防范意识和应急处置能力。
5、 环境自行监测方案
√适用 □不适用
公司根据《企业事业单位环境信息公开办法》(环境保护部令第31 号)《排污单位自行监测
技术指南总则》(HJ819-2017)等文件要求,为掌握本企业污染物排放状况及其对周边环境质量
的影响,履行企业法定义务和社会责任,确保自行监测满足环境管理要求,已制定自行监测方案。
贵州茅台酒股份",600519.SH,贵州茅台,2024-12-31,2024,年报,贵州茅台2024年报,贵州茅台2024年年度报告.pdf,C:\Users\Administrator\Desktop\financial-poc\data\raw\pdf\贵州茅台2024年年度报告.pdf,,,,100,396,管理层讨论,23,23,55,
600519_SH_pdf_贵州茅台2024年年度报告_pdf_bf557ae6_chunk_101,pdf,pdf,"技术指南总则》(HJ819-2017)等文件要求,为掌握本企业污染物排放状况及其对周边环境质量
的影响,履行企业法定义务和社会责任,确保自行监测满足环境管理要求,已制定自行监测方案。
贵州茅台酒股份有限公司2024 年年度报告
39 / 143
6、 报告期内因环境问题受到行政处罚的情况
□适用 √不适用
7、 其他应当公开的环境信息
□适用 √不适用
(二) 重点排污单位之外的公司环保情况说明
□适用 √不适用
(三) 有利于保护生态、防治污染、履行环境责任的相关信息
√适用 □不适用
公司始终坚持以习近平新时代中国特色社会主义思想为指导,深入贯彻习近平生态文明思想,
积极践行“绿水青山就是金山银山”理念,坚守发展和生态两条底线,紧紧围绕生态优先、绿色
发展总体要求,聚焦“一基地一标杆”总体目标,深入推进“两山”基地建设、“双碳”管理等
各项工作,获得国家级、省级“绿色工厂”称号,ESG 评级跃升至BBB 级。
1.强化顶层设计。构建生态环保绿色发展体系,搭建生态环保领域“制度地图”,设立生态
发展指数评价体系,不断提升公司绿色发展水平。
2.深化污染防治。系统推进厂区管网改造和污",600519.SH,贵州茅台,2024-12-31,2024,年报,贵州茅台2024年报,贵州茅台2024年年度报告.pdf,C:\Users\Administrator\Desktop\financial-poc\data\raw\pdf\贵州茅台2024年年度报告.pdf,,,,101,396,管理层讨论,23,23,55,
600519_SH_pdf_贵州茅台2024年年度报告_pdf_bf557ae6_chunk_102,pdf,pdf,"G 评级跃升至BBB 级。
1.强化顶层设计。构建生态环保绿色发展体系,搭建生态环保领域“制度地图”,设立生态
发展指数评价体系,不断提升公司绿色发展水平。
2.深化污染防治。系统推进厂区管网改造和污水处理设施提档升级,加强水资源“取供用排”
全过程管理,绘制公司水平衡图,系统推进中水回用和初期雨水收集,强化污水处理厂运营管理。
深入开展生产废水深度脱氮实验项目、酱香型废水关键污染物特征解析及工艺技术研发等方面研
究,增强技术力量,掌握关键核心技术研发攻关和创新应用,为污染物治理提升奠定基础。
3.优化监督管理。按照“在线监测+自行监测+分级监测”思路,在污水处理厂排口、锅炉烟
气排口、厂区雨洪排口等节点建设监测站,同时,建设赤水河流域野外科学观测研究站,系统构
建“天空地”一体化生态系统监测网络和环境监测综合数据管理平台。
4.推进生态绿化。与国内顶级设计单位开展交流合作,对厂区生态进行总体设计,积极开展
茅台厂区植物多样性调查及植物生态系统建设,大力实施生态修复,着力改善区域环境。
(四) 在报告期内为减少其碳排放所采取的措施及效果
是否采取减碳措施
是
减少排放二氧化碳当量(单位",600519.SH,贵州茅台,2024-12-31,2024,年报,贵州茅台2024年报,贵州茅台2024年年度报告.pdf,C:\Users\Administrator\Desktop\financial-poc\data\raw\pdf\贵州茅台2024年年度报告.pdf,,,,102,396,管理层讨论,23,23,55,
600519_SH_pdf_贵州茅台2024年年度报告_pdf_bf557ae6_chunk_103,pdf,pdf,"总体设计,积极开展
茅台厂区植物多样性调查及植物生态系统建设,大力实施生态修复,着力改善区域环境。
(四) 在报告期内为减少其碳排放所采取的措施及效果
是否采取减碳措施
是
减少排放二氧化碳当量(单位:吨)
65,231.24
减碳措施类型(如使用清洁能源发电、在
生产过程中使用减碳技术、研发生产助于
减碳的新产品等)
2024 年,公司积极探索蒸馏余热回收技术,推进
试点建设;积极推进能源结构,全年签订一亿度绿
电框架采购协议,实现全厂100%使用绿电。
具体说明
□适用 √不适用
二、 社会责任工作情况
(一) 是否单独披露社会责任报告、可持续发展报告或ESG 报告
√适用 □不适用
详见与本报告同时在上海证券交易所网站(网址:www.sse.com.cn)披露的《公司2024 年
环境、社会及治理(ESG)报告》。
(二) 社会责任工作具体情况
□适用 √不适用
贵州茅台酒股份有限公司2024 年年度报告
40 / 143
具体说明
□适用 √不适用
三、 巩固拓展脱贫攻坚成果、乡村振兴等工作具体情况
√适用 □不适用
详见与本报告同时在上海证券交易所网站(网址:www.sse.",600519.SH,贵州茅台,2024-12-31,2024,年报,贵州茅台2024年报,贵州茅台2024年年度报告.pdf,C:\Users\Administrator\Desktop\financial-poc\data\raw\pdf\贵州茅台2024年年度报告.pdf,,,,103,396,管理层讨论,23,23,55,
600519_SH_pdf_贵州茅台2024年年度报告_pdf_bf557ae6_chunk_104,pdf,pdf,"司2024 年年度报告
40 / 143
具体说明
□适用 √不适用
三、 巩固拓展脱贫攻坚成果、乡村振兴等工作具体情况
√适用 □不适用
详见与本报告同时在上海证券交易所网站(网址:www.sse.com.cn)披露的《公司2024 年
环境、社会及治理(ESG)报告》。
具体说明
□适用 √不适用
第六节
重要事项
一、承诺事项履行情况
(一) 公司实际控制人、股东、关联方、收购人以及公司等承诺相关方在报告期内或持续到报告
期内的承诺事项
√适用 □不适用
承诺
背景
承诺
类型
承诺方
承诺
内容
承诺
时间
是否有
履行期
限
承诺期限
是否
及时
严格
履行
如未能及时
履行应说明
未完成履行
的具体原因
如未能
及时履
行应说
明下一
步计划
与股
改相
关的
承诺
其他
中国贵
州茅台
酒厂
(集
团)有
限责任
公司
股权激励承诺:
股权分置改革完
成后,公司将根
据国家相关政策
和规定制定对管
理层和核心技术
团队的股权激励
办法。
是
2017 年12
月底前推进
制定对公司
管理层和核
心技术团队
的股权激励
办法。
否
上级主管部
门未出台相
关指导意见
和具体",600519.SH,贵州茅台,2024-12-31,2024,年报,贵州茅台2024年报,贵州茅台2024年年度报告.pdf,C:\Users\Administrator\Desktop\financial-poc\data\raw\pdf\贵州茅台2024年年度报告.pdf,,,,104,396,管理层讨论,23,23,55,
600519_SH_pdf_贵州茅台2024年年度报告_pdf_bf557ae6_chunk_105,pdf,pdf,"关政策
和规定制定对管
理层和核心技术
团队的股权激励
办法。
是
2017 年12
月底前推进
制定对公司
管理层和核
心技术团队
的股权激励
办法。
否
上级主管部
门未出台相
关指导意见
和具体措
施。
(二) 公司资产或项目存在盈利预测,且报告期仍处在盈利预测期间,公司就资产或项目
是否达到原盈利预测及其原因作出说明
□已达到 □未达到 √不适用
(三) 业绩承诺的完成情况及其对商誉减值测试的影响
□适用 √不适用
二、报告期内控股股东及其他关联方非经营性占用资金情况
□适用 √不适用
三、违规担保情况
□适用 √不适用
贵州茅台酒股份有限公司2024 年年度报告
41 / 143
四、公司董事会对会计师事务所“非标准意见审计报告”的说明
□适用 √不适用
五、公司对会计政策、会计估计变更或重大会计差错更正原因和影响的分析说明
(一)公司对会计政策、会计估计变更原因及影响的分析说明
□适用 √不适用
(二)公司对重大会计差错更正原因及影响的分析说明
□适用 √不适用
(三)与前任会计师事务所进行的沟通情况
□适用 √不适用
(四)审批程序及其他说明
□适用 √不适用
六、聘任、",600519.SH,贵州茅台,2024-12-31,2024,年报,贵州茅台2024年报,贵州茅台2024年年度报告.pdf,C:\Users\Administrator\Desktop\financial-poc\data\raw\pdf\贵州茅台2024年年度报告.pdf,,,,105,396,管理层讨论,23,23,55,
600519_SH_pdf_贵州茅台2024年年度报告_pdf_bf557ae6_chunk_106,pdf,pdf,"□适用 √不适用
(二)公司对重大会计差错更正原因及影响的分析说明
□适用 √不适用
(三)与前任会计师事务所进行的沟通情况
□适用 √不适用
(四)审批程序及其他说明
□适用 √不适用
六、聘任、解聘会计师事务所情况
单位:万元 币种:人民币
原聘任
现聘任
境内会计师事务所名称
天职国际会计师事务所
(特殊普通合伙)
天健会计师事务所(特殊普
通合伙)
境内会计师事务所报酬
120.00
125
境内会计师事务所审计年限
6
1
境内会计师事务所注册会计师姓名
/
李青龙 梁正勇 曾志
境内会计师事务所注册会计师审计
服务的累计年限
/
1
境外会计师事务所名称
境外会计师事务所报酬
境外会计师事务所审计年限
名称
报酬
内部控制审计会计师事务所
天健会计师事务所(特殊普通合伙)
41
聘任、解聘会计师事务所的情况说明
√适用 □不适用
天职国际会计师事务所(特殊普通合伙)已连续多年为公司提供审计服务,根据《国有企业、
上市公司选聘会计师事务所管理办法》等相关要求,按照《公司法》《证券法》《公司章程》等
有关规定,公司经全面且审慎的综合评估,并报公司2023 年度股东大会审议通过",600519.SH,贵州茅台,2024-12-31,2024,年报,贵州茅台2024年报,贵州茅台2024年年度报告.pdf,C:\Users\Administrator\Desktop\financial-poc\data\raw\pdf\贵州茅台2024年年度报告.pdf,,,,106,396,管理层讨论,23,23,55,
600519_SH_pdf_贵州茅台2024年年度报告_pdf_bf557ae6_chunk_107,pdf,pdf,"为公司提供审计服务,根据《国有企业、
上市公司选聘会计师事务所管理办法》等相关要求,按照《公司法》《证券法》《公司章程》等
有关规定,公司经全面且审慎的综合评估,并报公司2023 年度股东大会审议通过后,公司聘请天
健会计师事务所(特殊普通合伙)担任公司2024 年度财务审计机构和内部控制审计机构。2024 年
度财务审计费用为125 万元,内部控制审计费用为41 万元。
审计期间改聘会计师事务所的情况说明
□适用 √不适用
审计费用较上一年度下降20%以上(含20%)的情况说明
贵州茅台酒股份有限公司2024 年年度报告
42 / 143
□适用 √不适用
七、面临退市风险的情况
(一)导致退市风险警示的原因
□适用 √不适用
(二)公司拟采取的应对措施
□适用 √不适用
(三)面临终止上市的情况和原因
□适用 √不适用
八、破产重整相关事项
□适用 √不适用
九、重大诉讼、仲裁事项
□本年度公司有重大诉讼、仲裁事项 √本年度公司无重大诉讼、仲裁事项
十、上市公司及其董事、监事、高级管理人员、控股股东、实际控制人涉嫌违法违规、受到处罚
及整改情况
□适用 √不适用
十一、报告期内公司",600519.SH,贵州茅台,2024-12-31,2024,年报,贵州茅台2024年报,贵州茅台2024年年度报告.pdf,C:\Users\Administrator\Desktop\financial-poc\data\raw\pdf\贵州茅台2024年年度报告.pdf,,,,107,396,管理层讨论,23,23,55,
600519_SH_pdf_贵州茅台2024年年度报告_pdf_bf557ae6_chunk_108,pdf,pdf,"本年度公司有重大诉讼、仲裁事项 √本年度公司无重大诉讼、仲裁事项
十、上市公司及其董事、监事、高级管理人员、控股股东、实际控制人涉嫌违法违规、受到处罚
及整改情况
□适用 √不适用
十一、报告期内公司及其控股股东、实际控制人诚信状况的说明
√适用 □不适用
报告期内公司及控股股东诚信状况良好。
十二、重大关联交易
(一)与日常经营相关的关联交易
1、 已在临时公告披露且后续实施无进展或变化的事项
□适用 √不适用
2、 已在临时公告披露,但有后续实施的进展或变化的事项
□适用 √不适用
3、 临时公告未披露的事项
√适用 □不适用
(1)经董事会审议通过的与同一关联人发生的关联交易
单位:元 币种:人民币
关联交易方
关联关系
关联交易类
型
关联交易内容
关联交易定价原则
关联交
易价格
关联交易金额
占同类
交易金
额的比
例
(%)
关联交易
结算方式
市
场
价
格
交易价格
与市场参
考价格差
异较大的
原因
贵州茅台酒股份有限公司2024 年年度报告
43 / 143
贵州茅台酒厂(集团)物流有限责任公司 母公司的控股子
公司
接受劳务
货物运输服务
参照独立第三方交易价格",600519.SH,贵州茅台,2024-12-31,2024,年报,贵州茅台2024年报,贵州茅台2024年年度报告.pdf,C:\Users\Administrator\Desktop\financial-poc\data\raw\pdf\贵州茅台2024年年度报告.pdf,,,,108,396,管理层讨论,23,23,55,
600519_SH_pdf_贵州茅台2024年年度报告_pdf_bf557ae6_chunk_109,pdf,pdf,"场参
考价格差
异较大的
原因
贵州茅台酒股份有限公司2024 年年度报告
43 / 143
贵州茅台酒厂(集团)物流有限责任公司 母公司的控股子
公司
接受劳务
货物运输服务
参照独立第三方交易价格执行
242,909,426.03
67.15 现金支付
珠海经济特区龙狮瓶盖有限公司
其他
购买商品
购买商品
采购价格与公司其他非关联供
应商的供货价格相同
392,724,190.99
10.05 现金支付
贵州省仁怀市申仁包装印务有限责任公司 其他
购买商品
购买商品
采购价格与公司其他非关联供
应商的供货价格相同
311,692,891.52
7.98 现金支付
贵州茅台酒厂(集团)贵定晶琪玻璃制品
有限公司
其他
购买商品
购买商品
采购价格与公司其他非关联供
应商的供货价格相同
131,577,569.97
3.37 现金支付
贵州茅台酒厂(集团)循环经济产业投资
开发有限公司
母公司的全资子
公司
购买商品
购买商品
协议价
131,280,975.00 100.00 现金支付
贵州茅台物流园区粮食收储有限公司
其他
购买商品
购买商品
采购价格与公司其他非关联供
应商的供",600519.SH,贵州茅台,2024-12-31,2024,年报,贵州茅台2024年报,贵州茅台2024年年度报告.pdf,C:\Users\Administrator\Desktop\financial-poc\data\raw\pdf\贵州茅台2024年年度报告.pdf,,,,109,396,管理层讨论,23,23,55,
600519_SH_pdf_贵州茅台2024年年度报告_pdf_bf557ae6_chunk_110,pdf,pdf,"母公司的全资子
公司
购买商品
购买商品
协议价
131,280,975.00 100.00 现金支付
贵州茅台物流园区粮食收储有限公司
其他
购买商品
购买商品
采购价格与公司其他非关联供
应商的供货价格相同
159,164,224.07
2.95 现金支付
贵州茅台酒厂(集团)红缨子农业科技发
展有限公司
母公司的控股子
公司
购买商品
购买商品
采购价格与公司其他非关联供
应商的供货价格相同
91,571,319.20
1.69 现金支付
贵州新华羲玻璃有限责任公司
其他
购买商品
购买商品
采购价格与公司其他非关联供
应商的供货价格相同
50,723,017.23
1.30 现金支付
贵州富明行包装有限公司
其他
购买商品
购买商品
采购价格与公司其他非关联供
应商的供货价格相同
38,389,121.95
0.98 现金支付
中国贵州茅台酒厂(集团)文化旅游有限
责任公司
母公司的全资子
公司
购买商品
购买商品
协议价
25,126,546.60
0.64 现金支付
贵州茅台酒厂(集团)保健酒业销售有限
公司
其他
购买商品
购买商品
采购价格与关联方销售给经销
商的价格相",600519.SH,贵州茅台,2024-12-31,2024,年报,贵州茅台2024年报,贵州茅台2024年年度报告.pdf,C:\Users\Administrator\Desktop\financial-poc\data\raw\pdf\贵州茅台2024年年度报告.pdf,,,,110,396,管理层讨论,23,23,55,
600519_SH_pdf_贵州茅台2024年年度报告_pdf_bf557ae6_chunk_111,pdf,pdf,"的全资子
公司
购买商品
购买商品
协议价
25,126,546.60
0.64 现金支付
贵州茅台酒厂(集团)保健酒业销售有限
公司
其他
购买商品
购买商品
采购价格与关联方销售给经销
商的价格相同
10,733,800.07
7.21 现金支付
昌黎茅台葡萄酒经贸有限公司
其他
购买商品
购买商品
采购价格与关联方销售给经销
商的价格相同
2,656,035.40
1.78 现金支付
贵州茅台生态农业销售有限责任公司
其他
购买商品
购买商品
采购价格与关联方销售给经销
商的价格相同
885,111.50
0.59 现金支付
贵州茅台医院
其他
购买商品
购买商品
协议价
506,056.46
79.09 现金支付
贵州茅台酒厂(集团)保健酒业有限公司 母公司的全资子
公司
接受劳务
劳务费
协议价
364,282,785.91
31.67 现金支付
贵州茅台医院
其他
接受劳务
劳务费
协议价
109,786,470.85
9.54 现金支付
中国贵州茅台酒厂(集团)文化旅游有限
责任公司
母公司的全资子
公司
接受劳务
劳务费
协议价
109,560,813.31
9.52",600519.SH,贵州茅台,2024-12-31,2024,年报,贵州茅台2024年报,贵州茅台2024年年度报告.pdf,C:\Users\Administrator\Desktop\financial-poc\data\raw\pdf\贵州茅台2024年年度报告.pdf,,,,111,396,管理层讨论,23,23,55,
600519_SH_pdf_贵州茅台2024年年度报告_pdf_bf557ae6_chunk_112,pdf,pdf,"务费
协议价
109,786,470.85
9.54 现金支付
中国贵州茅台酒厂(集团)文化旅游有限
责任公司
母公司的全资子
公司
接受劳务
劳务费
协议价
109,560,813.31
9.52 现金支付
贵州茅台酒厂(集团)酒店经营管理有限
公司
母公司的全资子
公司
接受劳务
劳务费
协议价
99,918,709.05
8.69 现金支付
贵州茅台(集团)国际旅行社有限公司
其他
接受劳务
劳务费
协议价
81,664,884.30
7.10 现金支付
巽风科技(贵州)有限公司
其他
接受劳务
劳务费
协议价
54,026,057.50
4.70 现金支付
贵州茅台酒厂(集团)物流有限责任公司 母公司的控股子
公司
接受劳务
劳务费
协议价
10,904,482.09
0.95 现金支付
贵州茅台酒厂(集团)循环经济产业投资开
发有限公司
母公司的全资子
公司
接受劳务
劳务费
协议价
5,905,719.20
0.51 现金支付
贵州遵义茅台机场有限责任公司
母公司的控股子
公司
接受劳务
劳务费
协议价
1,525,726.08
0.13 现金支付
贵州茅台酒厂(集团)技术",600519.SH,贵州茅台,2024-12-31,2024,年报,贵州茅台2024年报,贵州茅台2024年年度报告.pdf,C:\Users\Administrator\Desktop\financial-poc\data\raw\pdf\贵州茅台2024年年度报告.pdf,,,,112,396,管理层讨论,23,23,55,
600519_SH_pdf_贵州茅台2024年年度报告_pdf_bf557ae6_chunk_113,pdf,pdf,"议价
5,905,719.20
0.51 现金支付
贵州遵义茅台机场有限责任公司
母公司的控股子
公司
接受劳务
劳务费
协议价
1,525,726.08
0.13 现金支付
贵州茅台酒厂(集团)技术开发有限公司 母公司的全资子
公司
接受劳务
劳务费
协议价
1,509,433.96
0.13 现金支付
贵州双龙飞天供应链管理有限公司
其他
接受劳务
劳务费
协议价
479,838.72 0.0417 现金支付
茅台学院
其他
接受劳务
劳务费
协议价
344,528.30 0.0300 现金支付
北京茅台贸易有限责任公司
母公司的全资子
公司
接受劳务
劳务费
协议价
207,547.17 0.0180 现金支付
贵州茅台酒厂(集团)贵阳高新置业投资
发展有限公司
其他
接受劳务
劳务费
协议价
125,946.26 0.0109 现金支付
贵州茅台酒厂(集团)置业投资发展有限
公司
母公司的全资子
公司
接受劳务
劳务费
协议价
54,622.64 0.0047 现金支付
贵州茅台酒厂(集团)三亚投资实业有限
公司
其他
接受劳务
劳务费
协议价
23,369.81
0.002",600519.SH,贵州茅台,2024-12-31,2024,年报,贵州茅台2024年报,贵州茅台2024年年度报告.pdf,C:\Users\Administrator\Desktop\financial-poc\data\raw\pdf\贵州茅台2024年年度报告.pdf,,,,113,396,管理层讨论,23,23,55,
600519_SH_pdf_贵州茅台2024年年度报告_pdf_bf557ae6_chunk_114,pdf,pdf,"母公司的全资子
公司
接受劳务
劳务费
协议价
54,622.64 0.0047 现金支付
贵州茅台酒厂(集团)三亚投资实业有限
公司
其他
接受劳务
劳务费
协议价
23,369.81
0.002 现金支付
贵州茅台物流园区粮食收储有限公司
其他
接受劳务
管理费
协议价
63,756,467.40
5.54 现金支付
贵州茅台酒厂(集团)酒店经营管理有限
公司
母公司的全资子
公司
接受劳务
管理费
协议价
4,188,647.80
0.36 现金支付
华贵人寿保险股份有限公司
母公司的控股子
公司
购买保险
购买保险
协议价
29,250,803.45
97.70 现金支付
贵州茅台酒厂(集团)贵阳高新置业投资
发展有限公司
其他
水电汽等其
他公用事业
费用(购
买)
接受供水服务
协议价
55,500.83
0.72 现金支付
贵州茅台酒厂(集团)物流有限责任公司 母公司的控股子
公司
租入租出
租赁费
协议价
40,032,740.30
30.26 现金支付
中国贵州茅台酒厂(集团)有限责任公司 母公司
租入租出
租赁费
协议价
26,960,718.02
20.38 现金",600519.SH,贵州茅台,2024-12-31,2024,年报,贵州茅台2024年报,贵州茅台2024年年度报告.pdf,C:\Users\Administrator\Desktop\financial-poc\data\raw\pdf\贵州茅台2024年年度报告.pdf,,,,114,396,管理层讨论,23,23,55,
600519_SH_pdf_贵州茅台2024年年度报告_pdf_bf557ae6_chunk_115,pdf,pdf,"公司
租入租出
租赁费
协议价
40,032,740.30
30.26 现金支付
中国贵州茅台酒厂(集团)有限责任公司 母公司
租入租出
租赁费
协议价
26,960,718.02
20.38 现金支付
贵州茅台酒厂(集团)贵阳高新置业投资
发展有限公司
其他
租入租出
租赁费
协议价
4,146,833.70
3.13 现金支付
贵州茅台酒厂(集团)循环经济产业投资
开发有限公司
母公司的全资子
公司
租入租出
租赁费
协议价
2,123,159.54
1.60 现金支付
贵州双龙飞天供应链管理有限公司
其他
租入租出
租赁费
协议价
2,700,412.27
2.04 现金支付
贵州茅台酒厂(集团)三亚投资实业有限
公司
其他
租入租出
租赁费
协议价
1,466,673.89
1.11 现金支付
上海贵州茅台实业有限公司
母公司的全资子
公司
租入租出
租赁费
协议价
144,000.00
0.11 现金支付
贵州茅台集团营销有限公司
母公司的全资子
公司
销售商品
销售商品
销售价格与公司其他非关联经
销商的购货价格相同
6,339,486,387.61
3.72 现金支付",600519.SH,贵州茅台,2024-12-31,2024,年报,贵州茅台2024年报,贵州茅台2024年年度报告.pdf,C:\Users\Administrator\Desktop\financial-poc\data\raw\pdf\贵州茅台2024年年度报告.pdf,,,,115,396,管理层讨论,23,23,55,
600519_SH_pdf_贵州茅台2024年年度报告_pdf_bf557ae6_chunk_116,pdf,pdf,"0.00
0.11 现金支付
贵州茅台集团营销有限公司
母公司的全资子
公司
销售商品
销售商品
销售价格与公司其他非关联经
销商的购货价格相同
6,339,486,387.61
3.72 现金支付
中国贵州茅台酒厂(集团)文化旅游有限
责任公司
母公司的全资子
公司
销售商品
销售商品
销售价格与公司其他非关联经
销商的购货价格相同
138,837,804.65 0.0814 现金支付
巽风科技(贵州)有限公司
其他
销售商品
销售商品
销售价格与公司其他非关联经
销商的购货价格相同
32,304,424.78 0.0189 现金支付
贵州茅台酒厂(集团)酒店经营管理有限
公司
母公司的全资子
公司
销售商品
销售商品
销售价格与公司其他非关联经
销商的购货价格相同
26,785,138.02 0.0157 现金支付
上海贵州茅台实业有限公司
母公司的全资子
公司
销售商品
销售商品
销售价格与公司其他非关联经
销商的购货价格相同
16,675,614.12 0.0098 现金支付
贵州茅台酒厂(集团)三亚投资实业有限
公司
其他
销售商品
销售商品
销售价格与公司其他非关联经
销商",600519.SH,贵州茅台,2024-12-31,2024,年报,贵州茅台2024年报,贵州茅台2024年年度报告.pdf,C:\Users\Administrator\Desktop\financial-poc\data\raw\pdf\贵州茅台2024年年度报告.pdf,,,,116,396,管理层讨论,23,23,55,
600519_SH_pdf_贵州茅台2024年年度报告_pdf_bf557ae6_chunk_117,pdf,pdf,"售价格与公司其他非关联经
销商的购货价格相同
16,675,614.12 0.0098 现金支付
贵州茅台酒厂(集团)三亚投资实业有限
公司
其他
销售商品
销售商品
销售价格与公司其他非关联经
销商的购货价格相同
16,249,417.82 0.0095 现金支付
北京茅台贸易有限责任公司
母公司的全资子
公司
销售商品
销售商品
销售价格与公司其他非关联经
销商的购货价格相同
13,557,408.83 0.0079 现金支付
中国贵州茅台酒厂贸易(香港)有限公司
母公司的全资子
公司
销售商品
销售商品
销售价格与公司其他非关联经
销商的购货价格相同
6,114,000.00 0.0036 现金支付
贵州遵义茅台机场有限责任公司
母公司的控股子
公司
销售商品
销售商品
销售价格与公司其他非关联经
销商的购货价格相同
2,999,915.04 0.0018 现金支付
贵州茅台酒股份有限公司2024 年年度报告
44 / 143
贵州茅台(集团)生态农业产业发展有限
公司
母公司的全资子
公司
销售商品
销售商品
销售价格与公司其他非关联经
销商的购货价格相同
804,488.49",600519.SH,贵州茅台,2024-12-31,2024,年报,贵州茅台2024年报,贵州茅台2024年年度报告.pdf,C:\Users\Administrator\Desktop\financial-poc\data\raw\pdf\贵州茅台2024年年度报告.pdf,,,,117,396,管理层讨论,23,23,55,
600519_SH_pdf_贵州茅台2024年年度报告_pdf_bf557ae6_chunk_118,pdf,pdf,"限公司2024 年年度报告
44 / 143
贵州茅台(集团)生态农业产业发展有限
公司
母公司的全资子
公司
销售商品
销售商品
销售价格与公司其他非关联经
销商的购货价格相同
804,488.49 0.0005 现金支付
中国贵州茅台酒厂(集团)有限责任公司 母公司
销售商品
销售商品
销售价格与公司其他非关联经
销商的购货价格相同
781,492.04 0.0005 现金支付
贵州茅台酒厂(集团)保健酒业有限公司 母公司的全资子
公司
销售商品
销售商品
销售价格与公司其他非关联经
销商的购货价格相同
94,088.50 0.0001 现金支付
贵州茅台酒厂(集团)物流有限责任公司 母公司的控股子
公司
销售商品
销售商品
销售价格与公司其他非关联经
销商的购货价格相同
16,717.70 0.00001 现金支付
昌黎茅台葡萄酒经贸有限公司
其他
提供劳务
劳务费
协议价
1,098,530.85
66.94 现金支付
贵州茅台酒厂(集团)保健酒业销售有限
公司
其他
提供劳务
劳务费
协议价
251,747.96
15.34 现金支付
贵州茅台生态农业销售有限责任公司
其他",600519.SH,贵州茅台,2024-12-31,2024,年报,贵州茅台2024年报,贵州茅台2024年年度报告.pdf,C:\Users\Administrator\Desktop\financial-poc\data\raw\pdf\贵州茅台2024年年度报告.pdf,,,,118,396,管理层讨论,23,23,55,
600519_SH_pdf_贵州茅台2024年年度报告_pdf_bf557ae6_chunk_119,pdf,pdf,"8,530.85
66.94 现金支付
贵州茅台酒厂(集团)保健酒业销售有限
公司
其他
提供劳务
劳务费
协议价
251,747.96
15.34 现金支付
贵州茅台生态农业销售有限责任公司
其他
提供劳务
劳务费
协议价
189,869.81
11.57 现金支付
中国贵州茅台酒厂(集团)文化旅游有限
责任公司
母公司的全资子
公司
提供劳务
劳务费
协议价
95,566.04
5.82 现金支付
贵州茅台酒厂(集团)昌黎葡萄酒业有限
公司
母公司的控股子
公司
提供劳务
劳务费
协议价
5,366.04
0.33 现金支付
中国贵州茅台酒厂(集团)有限责任公司 母公司
租入租出
租赁费
协议价
328,389.91
15.90 现金支付
贵州茅台酒厂(集团)酒店经营管理有限
公司
母公司的全资子
公司
租入租出
租赁费
协议价
299,009.18
14.48 现金支付
昌黎茅台葡萄酒经贸有限公司
其他
租入租出
租赁费
协议价
201,834.86
9.77 现金支付
贵州茅台酒厂(集团)保健酒业销售有限
公司
其他
租入租出
租赁费
协议价
51,192.66
2.48 现金",600519.SH,贵州茅台,2024-12-31,2024,年报,贵州茅台2024年报,贵州茅台2024年年度报告.pdf,C:\Users\Administrator\Desktop\financial-poc\data\raw\pdf\贵州茅台2024年年度报告.pdf,,,,119,396,管理层讨论,23,23,55,
600519_SH_pdf_贵州茅台2024年年度报告_pdf_bf557ae6_chunk_120,pdf,pdf,"酒经贸有限公司
其他
租入租出
租赁费
协议价
201,834.86
9.77 现金支付
贵州茅台酒厂(集团)保健酒业销售有限
公司
其他
租入租出
租赁费
协议价
51,192.66
2.48 现金支付
合计
/
/
9,202,315,583.25
/
/
/
(2)经股东大会审议通过的与同一关联人发生的关联交易
公司使用母公司中国贵州茅台酒厂(集团)有限责任公司注册商标,本报告期发生商标使用
权费246,605.22 万元。
(3)与其他关联方的关联交易
公司在贵州银行的期末存款余额为1,673,482.12 万元,本期利息收入为59,998.03 万元。公
司控股子公司贵州茅台集团财务有限公司本期到期赎回从公开市场申购贵州银行有限公司发行的
债券本金10,000.00 万元,本期确认利息收入1,678.85 万元。截止期末,该债权投资本金余额
40,000.00 万元,债券投资减值准备余额10.21 万元,应计利息余额614.05 万元,账面价值
40,603.84 万元;公司委托贵州银行代收代付“i 茅台”数字营销平台的第三方支付渠道交易手
续费9,882.05 万元。
(二",600519.SH,贵州茅台,2024-12-31,2024,年报,贵州茅台2024年报,贵州茅台2024年年度报告.pdf,C:\Users\Administrator\Desktop\financial-poc\data\raw\pdf\贵州茅台2024年年度报告.pdf,,,,120,396,管理层讨论,23,23,55,
600519_SH_pdf_贵州茅台2024年年度报告_pdf_bf557ae6_chunk_121,pdf,pdf,"准备余额10.21 万元,应计利息余额614.05 万元,账面价值
40,603.84 万元;公司委托贵州银行代收代付“i 茅台”数字营销平台的第三方支付渠道交易手
续费9,882.05 万元。
(二)资产或股权收购、出售发生的关联交易
1、 已在临时公告披露且后续实施无进展或变化的事项
□适用 √不适用
2、 已在临时公告披露,但有后续实施的进展或变化的事项
□适用 √不适用
3、 临时公告未披露的事项
□适用 √不适用
4、 涉及业绩约定的,应当披露报告期内的业绩实现情况
□适用 √不适用
(三)共同对外投资的重大关联交易
1、 已在临时公告披露且后续实施无进展或变化的事项
□适用 √不适用
2、 已在临时公告披露,但有后续实施的进展或变化的事项
√适用 □不适用
单位:元 币种:人民币
项目
期初余额
本期投资
本期公允价值
期末余额
贵州茅台酒股份有限公司2024 年年度报告
45 / 143
金额
变动
茅台招华(贵州)产业发展基金合伙
企业(有限合伙)
2,001,383,129.22
7,408,903.33
2,008,792,032.55
茅台金石(贵州)产业发展基金",600519.SH,贵州茅台,2024-12-31,2024,年报,贵州茅台2024年报,贵州茅台2024年年度报告.pdf,C:\Users\Administrator\Desktop\financial-poc\data\raw\pdf\贵州茅台2024年年度报告.pdf,,,,121,396,管理层讨论,23,23,55,
600519_SH_pdf_贵州茅台2024年年度报告_pdf_bf557ae6_chunk_122,pdf,pdf,"/ 143
金额
变动
茅台招华(贵州)产业发展基金合伙
企业(有限合伙)
2,001,383,129.22
7,408,903.33
2,008,792,032.55
茅台金石(贵州)产业发展基金合伙
企业(有限合伙)
2,001,056,773.35
19,130,189.66
2,020,186,963.01
合计
4,002,439,902.57
26,539,092.99
4,028,978,995.56
3、 临时公告未披露的事项
□适用 √不适用
(四)关联债权债务往来
1、 已在临时公告披露且后续实施无进展或变化的事项
□适用 √不适用
2、 已在临时公告披露,但有后续实施的进展或变化的事项
□适用 √不适用
3、 临时公告未披露的事项
□适用 √不适用
(五)公司与存在关联关系的财务公司、公司控股财务公司与关联方之间的金融业务
√适用 □不适用
1、 存款业务
√适用 □不适用
单位:元 币种:人民币
关联方
关联关系
每日最
高存款
限额
存
款
利
率
范
围
期初余额
本期发生额
期末余额
本期合计存入金额
本期合计取出金额
中国贵州茅台酒厂(集团)有限责任公",600519.SH,贵州茅台,2024-12-31,2024,年报,贵州茅台2024年报,贵州茅台2024年年度报告.pdf,C:\Users\Administrator\Desktop\financial-poc\data\raw\pdf\贵州茅台2024年年度报告.pdf,,,,122,396,管理层讨论,23,23,55,
600519_SH_pdf_贵州茅台2024年年度报告_pdf_bf557ae6_chunk_123,pdf,pdf,"□不适用
单位:元 币种:人民币
关联方
关联关系
每日最
高存款
限额
存
款
利
率
范
围
期初余额
本期发生额
期末余额
本期合计存入金额
本期合计取出金额
中国贵州茅台酒厂(集团)有限责任公司
母公司
3,472,135,014.73
65,049,004,094.36
54,041,024,335.38
14,480,114,773.71
贵州茅台酒厂(集团)技术开发有限公司
母公司的全资子公司
1,855,099,519.88
8,847,234,928.42
7,552,544,621.42
3,149,789,826.88
贵州茅台集团营销有限公司
母公司的全资子公司
2,328,305,814.53
12,120,301,993.23
12,748,261,127.44
1,700,346,680.32
贵州茅台酒厂(集团)置业投资发展有限
公司
母公司的全资子公司
497,766,259.78
1,326,025,802.84
1,288,956,909.20
534,835,153.42
贵州茅台酒厂(集团)循环经济产业投资
开发有限公司
母公司的全资子公司
2",600519.SH,贵州茅台,2024-12-31,2024,年报,贵州茅台2024年报,贵州茅台2024年年度报告.pdf,C:\Users\Administrator\Desktop\financial-poc\data\raw\pdf\贵州茅台2024年年度报告.pdf,,,,123,396,管理层讨论,23,23,55,
600519_SH_pdf_贵州茅台2024年年度报告_pdf_bf557ae6_chunk_124,pdf,pdf,"97,766,259.78
1,326,025,802.84
1,288,956,909.20
534,835,153.42
贵州茅台酒厂(集团)循环经济产业投资
开发有限公司
母公司的全资子公司
235,417,326.01
1,076,584,556.67
989,567,483.31
322,434,399.37
巽风科技(贵州)有限公司
其他
251,205,090.43
724,207,151.91
655,645,596.67
319,766,645.67
昌黎茅台葡萄酒经贸有限公司
其他
319,113,599.89
1,539,941,628.55
1,607,411,823.54
251,643,404.90
中国贵州茅台酒厂(集团)文化旅游有限
责任公司
母公司的全资子公司
454,242,451.69
2,039,429,187.73
2,259,055,298.17
234,616,341.25
贵州茅台醇营销公司
其他
194,045,165.03
1,342,997,331.81
1,341,796,363.39
195,246,133.45
贵州茅台生态农",600519.SH,贵州茅台,2024-12-31,2024,年报,贵州茅台2024年报,贵州茅台2024年年度报告.pdf,C:\Users\Administrator\Desktop\financial-poc\data\raw\pdf\贵州茅台2024年年度报告.pdf,,,,124,396,管理层讨论,23,23,55,
600519_SH_pdf_贵州茅台2024年年度报告_pdf_bf557ae6_chunk_125,pdf,pdf,"234,616,341.25
贵州茅台醇营销公司
其他
194,045,165.03
1,342,997,331.81
1,341,796,363.39
195,246,133.45
贵州茅台生态农业销售有限责任公司
其他
221,696,114.23
1,180,004,521.64
1,212,338,862.28
189,361,773.59
贵州遵义茅台机场有限责任公司
母公司的控股子公司
213,942,105.61
618,613,652.06
643,535,152.17
189,020,605.50
北京茅台贸易有限责任公司
母公司的全资子公司
137,108,430.79
908,282,058.48
881,957,505.71
163,432,983.56
上海茅台贸易有限公司
其他
84,541,299.91
597,545,041.67
530,941,081.60
151,145,259.98
上海贵州茅台实业有限公司
母公司的全资子公司
97,825,220.90
363,223,165.74
333,250,285.05
127,798,101.59",600519.SH,贵州茅台,2024-12-31,2024,年报,贵州茅台2024年报,贵州茅台2024年年度报告.pdf,C:\Users\Administrator\Desktop\financial-poc\data\raw\pdf\贵州茅台2024年年度报告.pdf,,,,125,396,管理层讨论,23,23,55,
600519_SH_pdf_贵州茅台2024年年度报告_pdf_bf557ae6_chunk_126,pdf,pdf,"60
151,145,259.98
上海贵州茅台实业有限公司
母公司的全资子公司
97,825,220.90
363,223,165.74
333,250,285.05
127,798,101.59
贵州尊朋酒业有限公司
其他
341,210,331.52
1,111,650,110.51
1,329,962,856.29
122,897,585.74
贵州茅台酒厂(集团)保健酒业销售有限
公司
其他
126,794,125.52
1,980,251,654.79
2,001,670,054.51
105,375,725.80
贵州茅台酒厂(集团)红缨子农业科技发
展有限公司
母公司的控股子公司
203,644.78
405,356,593.45
317,515,211.45
88,045,026.78
贵州茅台酒厂(集团)保健酒业有限公司
母公司的全资子公司
115,136,862.55
3,095,534,487.63
3,123,603,861.67
87,067,488.51
贵州省仁怀市申仁包装印务有限责任公司
其他
119,132,632.79
492,772,384.54",600519.SH,贵州茅台,2024-12-31,2024,年报,贵州茅台2024年报,贵州茅台2024年年度报告.pdf,C:\Users\Administrator\Desktop\financial-poc\data\raw\pdf\贵州茅台2024年年度报告.pdf,,,,126,396,管理层讨论,23,23,55,
600519_SH_pdf_贵州茅台2024年年度报告_pdf_bf557ae6_chunk_127,pdf,pdf,"3,095,534,487.63
3,123,603,861.67
87,067,488.51
贵州省仁怀市申仁包装印务有限责任公司
其他
119,132,632.79
492,772,384.54
543,080,059.27
68,824,958.06
贵州茅台酒厂(集团)贵阳高新置业投资
发展有限公司
其他
262,518,538.68
195,501,808.86
67,016,729.82
茅台学院
其他
138,956.82
738,501,424.43
673,105,660.27
65,534,720.98
珠海经济特区龙狮瓶盖有限公司
其他
62,185,871.67
202,514,457.64
201,050,390.76
63,649,938.55
贵州尊朋酒业销售有限公司
其他
125,806,264.30
617,677,898.55
682,731,895.18
60,752,267.67
贵州茅台酒厂(集团)物流有限责任公司
母公司的控股子公司
95,684,837.10
558,635,862.74
595,469,516.61
58,851,183",600519.SH,贵州茅台,2024-12-31,2024,年报,贵州茅台2024年报,贵州茅台2024年年度报告.pdf,C:\Users\Administrator\Desktop\financial-poc\data\raw\pdf\贵州茅台2024年年度报告.pdf,,,,127,396,管理层讨论,23,23,55,
600519_SH_pdf_贵州茅台2024年年度报告_pdf_bf557ae6_chunk_128,pdf,pdf,"18
60,752,267.67
贵州茅台酒厂(集团)物流有限责任公司
母公司的控股子公司
95,684,837.10
558,635,862.74
595,469,516.61
58,851,183.23
贵州茅台酒厂(集团)酒店经营管理有限
公司
母公司的全资子公司
78,419,300.97
78,819,939.43
101,908,523.84
55,330,716.56
贵州茅台酒股份有限公司2024 年年度报告
46 / 143
贵州富明行包装有限公司
其他
24,196,816.45
56,081,510.85
28,943,698.07
51,334,629.23
贵州茅台(集团)生态农业产业发展有限
公司
母公司的全资子公司
81,095,162.88
141,473,282.52
187,088,043.54
35,480,401.86
贵州茅台物流园区粮食收储有限公司
其他
13,253,329.50
309,039,632.51
292,631,896.74
29,661,065.27
贵州新华羲玻璃有限责任公司
其他
9,829,813.16
61,698,",600519.SH,贵州茅台,2024-12-31,2024,年报,贵州茅台2024年报,贵州茅台2024年年度报告.pdf,C:\Users\Administrator\Desktop\financial-poc\data\raw\pdf\贵州茅台2024年年度报告.pdf,,,,128,396,管理层讨论,23,23,55,
600519_SH_pdf_贵州茅台2024年年度报告_pdf_bf557ae6_chunk_129,pdf,pdf,"司
其他
13,253,329.50
309,039,632.51
292,631,896.74
29,661,065.27
贵州新华羲玻璃有限责任公司
其他
9,829,813.16
61,698,356.51
43,634,680.12
27,893,489.55
贵州久远物业有限公司
其他
28,579,282.49
60,796,043.71
63,159,266.85
26,216,059.35
贵州茅台(集团)国际旅行社有限公司
其他
43,861,618.42
144,996,324.47
164,225,932.54
24,632,010.35
贵州茅台酒厂(集团)昌黎葡萄酒业有限
公司
母公司的控股子公司
125,766,163.28
370,312,210.56
473,227,805.65
22,850,568.19
贵州茅台酒厂(集团)贵定晶琪玻璃制品
有限公司
其他
6,200,932.66
303,949,698.02
299,107,787.58
11,042,843.10
贵州仁怀龙狮瓶盖有限公司
其他
28,104,825.53
19,821,249.",600519.SH,贵州茅台,2024-12-31,2024,年报,贵州茅台2024年报,贵州茅台2024年年度报告.pdf,C:\Users\Administrator\Desktop\financial-poc\data\raw\pdf\贵州茅台2024年年度报告.pdf,,,,129,396,管理层讨论,23,23,55,
600519_SH_pdf_贵州茅台2024年年度报告_pdf_bf557ae6_chunk_130,pdf,pdf,"他
6,200,932.66
303,949,698.02
299,107,787.58
11,042,843.10
贵州仁怀龙狮瓶盖有限公司
其他
28,104,825.53
19,821,249.86
8,283,575.67
贵州双龙飞天供应链管理有限公司
其他
47,441,584.85
78,933,244.76
121,330,707.95
5,044,121.66
贵州茅台酒厂(集团)三亚投资实业有限
公司
其他
23,193,926.64
9,872,302.75
30,506,412.70
2,559,816.69
贵州茅台集团健康产业有限公司
其他
3,041,438.50
47,102,772.93
47,664,718.42
2,479,493.01
贵州茅台医院
其他
42,262,426.90
33,240,263.91
73,440,655.40
2,062,035.41
贵州茅台酒厂(集团)贵阳商务有限责任
公司
母公司的全资子公司
628,850.59
735,220.22
992,822.40
371,248.41
贵州茅台酒厂(集团)绿生有机肥有限",600519.SH,贵州茅台,2024-12-31,2024,年报,贵州茅台2024年报,贵州茅台2024年年度报告.pdf,C:\Users\Administrator\Desktop\financial-poc\data\raw\pdf\贵州茅台2024年年度报告.pdf,,,,130,396,管理层讨论,23,23,55,
600519_SH_pdf_贵州茅台2024年年度报告_pdf_bf557ae6_chunk_131,pdf,pdf,"035.41
贵州茅台酒厂(集团)贵阳商务有限责任
公司
母公司的全资子公司
628,850.59
735,220.22
992,822.40
371,248.41
贵州茅台酒厂(集团)绿生有机肥有限责
任公司
其他
37.75
733,793.58
695,140.88
38,690.45
茅台(上海)融资租赁有限公司
母公司的全资子公司
5,410.91
38.56
19.28
5,430.19
茅台(贵州)私募基金管理有限公司
母公司的控股子公司
4,050.21
28.86
14.43
4,064.64
茅台(贵州)投资基金合伙企业(有限合
伙)
母公司的控股子公司
850.03
6.04
3.02
853.05
贵州恒道丹林农业科技开发有限公司
其他
28.07
0.14
28.21
贵州茅台集团健康产业销售有限公司
其他
309,200.10
309,200.10
贵州省仁怀市仁帅酒业有限公司
其他
157,974,945.23
4,349,940.13
162,324,885.36
合计
/
/
/
12,034,492,909.95
108,929,357,164.16",600519.SH,贵州茅台,2024-12-31,2024,年报,贵州茅台2024年报,贵州茅台2024年年度报告.pdf,C:\Users\Administrator\Desktop\financial-poc\data\raw\pdf\贵州茅台2024年年度报告.pdf,,,,131,396,管理层讨论,23,23,55,
600519_SH_pdf_贵州茅台2024年年度报告_pdf_bf557ae6_chunk_132,pdf,pdf,"仁帅酒业有限公司
其他
157,974,945.23
4,349,940.13
162,324,885.36
合计
/
/
/
12,034,492,909.95
108,929,357,164.16
97,860,991,253.14
23,102,858,820.97
注:以上存款利率范围为0.35%-2.00%。
向关联方支付的利息
关联方
本报告期
贵州茅台酒厂(集团)技术开发有限公司
32,635,728.66
贵州茅台集团营销有限公司
19,249,255.02
中国贵州茅台酒厂(集团)有限责任公司
18,790,858.64
巽风科技(贵州)有限公司
4,205,955.24
昌黎茅台葡萄酒经贸有限公司
3,844,405.83
贵州茅台酒厂(集团)置业投资发展有限公司
3,759,635.41
贵州茅台酒厂(集团)循环经济产业投资开发有限公司
3,019,443.51
贵州尊朋酒业有限公司
2,466,064.15
中国贵州茅台酒厂(集团)文化旅游有限责任公司
2,277,586.38
贵州茅台醇营销公司
2,204,093.54
贵州茅台生态农业销售有限责任公司
2,",600519.SH,贵州茅台,2024-12-31,2024,年报,贵州茅台2024年报,贵州茅台2024年年度报告.pdf,C:\Users\Administrator\Desktop\financial-poc\data\raw\pdf\贵州茅台2024年年度报告.pdf,,,,132,396,管理层讨论,23,23,55,
600519_SH_pdf_贵州茅台2024年年度报告_pdf_bf557ae6_chunk_133,pdf,pdf,"尊朋酒业有限公司
2,466,064.15
中国贵州茅台酒厂(集团)文化旅游有限责任公司
2,277,586.38
贵州茅台醇营销公司
2,204,093.54
贵州茅台生态农业销售有限责任公司
2,189,126.24
贵州遵义茅台机场有限责任公司
1,595,448.47
茅台学院
990,748.54
上海贵州茅台实业有限公司
904,585.92
贵州省仁怀市申仁包装印务有限责任公司
834,526.05
贵州尊朋酒业销售有限公司
796,486.17
贵州茅台酒厂(集团)昌黎葡萄酒业有限公司
767,415.85
北京茅台贸易有限责任公司
667,701.30
上海茅台贸易有限公司
596,097.55
贵州茅台酒厂(集团)物流有限责任公司
588,985.29
贵州茅台酒厂(集团)贵阳高新置业投资发展有限公司
435,439.68
贵州久远物业有限公司
435,120.27
贵州茅台酒厂(集团)保健酒业销售有限公司
289,236.84
贵州茅台酒厂(集团)贵定晶琪玻璃制品有限公司
278,935.28
贵州茅台酒厂(集团)保健酒业有限公司
162,913.51
贵州茅台酒",600519.SH,贵州茅台,2024-12-31,2024,年报,贵州茅台2024年报,贵州茅台2024年年度报告.pdf,C:\Users\Administrator\Desktop\financial-poc\data\raw\pdf\贵州茅台2024年年度报告.pdf,,,,133,396,管理层讨论,23,23,55,
600519_SH_pdf_贵州茅台2024年年度报告_pdf_bf557ae6_chunk_134,pdf,pdf,"州茅台酒厂(集团)保健酒业销售有限公司
289,236.84
贵州茅台酒厂(集团)贵定晶琪玻璃制品有限公司
278,935.28
贵州茅台酒厂(集团)保健酒业有限公司
162,913.51
贵州茅台酒厂(集团)红缨子农业科技发展有限公司
147,094.16
贵州茅台酒厂(集团)酒店经营管理有限公司
130,166.79
贵州茅台物流园区粮食收储有限公司
121,243.53
贵州茅台酒股份有限公司2024 年年度报告
47 / 143
贵州茅台(集团)国际旅行社有限公司
118,352.61
贵州富明行包装有限公司
114,406.92
贵州双龙飞天供应链管理有限公司
114,208.81
贵州茅台(集团)生态农业产业发展有限公司
90,839.09
贵州新华羲玻璃有限责任公司
66,616.63
贵州省仁怀市仁帅酒业有限公司
62,621.36
珠海经济特区龙狮瓶盖有限公司
57,637.62
贵州仁怀龙狮瓶盖有限公司
52,474.67
贵州茅台医院
31,014.47
贵州茅台酒厂(集团)三亚投资实业有限公司
20,043.08
贵州茅台集团健康产业有限公司
9,195.74",600519.SH,贵州茅台,2024-12-31,2024,年报,贵州茅台2024年报,贵州茅台2024年年度报告.pdf,C:\Users\Administrator\Desktop\financial-poc\data\raw\pdf\贵州茅台2024年年度报告.pdf,,,,134,396,管理层讨论,23,23,55,
600519_SH_pdf_贵州茅台2024年年度报告_pdf_bf557ae6_chunk_135,pdf,pdf,"7.62
贵州仁怀龙狮瓶盖有限公司
52,474.67
贵州茅台医院
31,014.47
贵州茅台酒厂(集团)三亚投资实业有限公司
20,043.08
贵州茅台集团健康产业有限公司
9,195.74
贵州茅台酒厂(集团)贵阳商务有限责任公司
5,664.26
贵州茅台酒厂(集团)绿生有机肥有限责任公司
127.74
贵州茅台集团健康产业销售有限公司
24.05
茅台(上海)融资租赁有限公司
19.28
茅台(贵州)私募基金管理有限公司
14.43
茅台(贵州)投资基金合伙企业(有限合伙)
3.02
贵州恒道丹林农业科技开发有限公司
0.07
合计
105,127,561.67
2、 贷款业务
√适用 □不适用
单位:元 币种:人民币
关联方
关联关
系
贷款额度
贷款
利率
范围
期初余额
本期发生额
期末余额
本期合计贷款金
额
本期合计还款金
额
贵州茅台酒厂(集团)保健
酒业有限公司
母公司
的全资
子公司
499,963,530.81
2.30%
499,963,530.81
499,963,530.81
贵州茅台物流园区粮食收储
有限公司
其他
58,040,000.00
3",600519.SH,贵州茅台,2024-12-31,2024,年报,贵州茅台2024年报,贵州茅台2024年年度报告.pdf,C:\Users\Administrator\Desktop\financial-poc\data\raw\pdf\贵州茅台2024年年度报告.pdf,,,,135,396,管理层讨论,23,23,55,
600519_SH_pdf_贵州茅台2024年年度报告_pdf_bf557ae6_chunk_136,pdf,pdf,"母公司
的全资
子公司
499,963,530.81
2.30%
499,963,530.81
499,963,530.81
贵州茅台物流园区粮食收储
有限公司
其他
58,040,000.00
3.65%
58,040,000.00
15,280,000.00
42,760,000.00
贵州茅台酒厂(集团)红缨
子农业科技发展有限公司
母公司
的控股
子公司
97,172,822.60
2.80%
97,172,822.60
97,172,822.60
合计
/
/
/
558,003,530.81
97,172,822.60
612,416,353.41
42,760,000.00
向关联方收取的利息
项目
关联方
本报告期
贷款利息收入
贵州茅台酒厂(集团)保健酒业有限公司
8,242,260.70
贷款利息收入
贵州茅台物流园区粮食收储有限公司
1,815,184.37
贷款利息收入
贵州茅台酒厂(集团)红缨子农业科技发展有限公司
1,089,658.00
合 计
11,147,103.07
3、 授信业务或其他金融业务
√适用 □不适用
单位:元 币种:人民币
关联方
关",600519.SH,贵州茅台,2024-12-31,2024,年报,贵州茅台2024年报,贵州茅台2024年年度报告.pdf,C:\Users\Administrator\Desktop\financial-poc\data\raw\pdf\贵州茅台2024年年度报告.pdf,,,,136,396,管理层讨论,23,23,55,
600519_SH_pdf_贵州茅台2024年年度报告_pdf_bf557ae6_chunk_137,pdf,pdf,"息收入
贵州茅台酒厂(集团)红缨子农业科技发展有限公司
1,089,658.00
合 计
11,147,103.07
3、 授信业务或其他金融业务
√适用 □不适用
单位:元 币种:人民币
关联方
关联关系
业务类型
总额
实际发生额
贵州茅台酒厂(集团)红缨子农业科技发展有
限公司
母公司的控股子公
司
信用贷款
150,000,000.00
贵州茅台酒股份有限公司2024 年年度报告
48 / 143
贵州茅台物流园区粮食收储有限公司
其他
抵押贷款
108,040,000.00
42,760,000.00
贵州茅台酒厂(集团)保健酒业有限公司
母公司的全资子公
司
信用贷款
2,000,000,000.00
4、 其他说明
□适用 √不适用
(六)其他
□适用 √不适用
十三、重大合同及其履行情况
(一) 托管、承包、租赁事项
1、 托管情况
□适用 √不适用
2、 承包情况
□适用 √不适用
3、 租赁情况
□适用 √不适用
(二) 担保情况
□适用 √不适用
(三) 委托他人进行现金资产管理的情况
1、 委托理财情况
(1) 委托理财总体情况
□适用 √不适用
其他情况
□适",600519.SH,贵州茅台,2024-12-31,2024,年报,贵州茅台2024年报,贵州茅台2024年年度报告.pdf,C:\Users\Administrator\Desktop\financial-poc\data\raw\pdf\贵州茅台2024年年度报告.pdf,,,,137,396,管理层讨论,23,23,55,
600519_SH_pdf_贵州茅台2024年年度报告_pdf_bf557ae6_chunk_138,pdf,pdf,"√不适用
3、 租赁情况
□适用 √不适用
(二) 担保情况
□适用 √不适用
(三) 委托他人进行现金资产管理的情况
1、 委托理财情况
(1) 委托理财总体情况
□适用 √不适用
其他情况
□适用 √不适用
(2) 单项委托理财情况
□适用 √不适用
其他情况
□适用 √不适用
(3) 委托理财减值准备
□适用 √不适用
贵州茅台酒股份有限公司2024 年年度报告
49 / 143
2、 委托贷款情况
(1) 委托贷款总体情况
□适用 √不适用
其他情况
□适用 √不适用
(2) 单项委托贷款情况
□适用 √不适用
其他情况
□适用 √不适用
(3) 委托贷款减值准备
□适用 √不适用
3、 其他情况
□适用 √不适用
(四) 其他重大合同
□适用 √不适用
十四、募集资金使用进展说明
□适用 √不适用
十五、其他对投资者作出价值判断和投资决策有重大影响的重大事项的说明
□适用 √不适用
第七节
股份变动及股东情况
一、股本变动情况
(一) 股份变动情况表
1、 股份变动情况表
报告期内,公司股份总数及股本结构未发生变化。
2、 股份变动情况说明
□适用 √不适用
3、 股份变动",600519.SH,贵州茅台,2024-12-31,2024,年报,贵州茅台2024年报,贵州茅台2024年年度报告.pdf,C:\Users\Administrator\Desktop\financial-poc\data\raw\pdf\贵州茅台2024年年度报告.pdf,,,,138,396,管理层讨论,23,23,55,
600519_SH_pdf_贵州茅台2024年年度报告_pdf_bf557ae6_chunk_139,pdf,pdf,"适用
第七节
股份变动及股东情况
一、股本变动情况
(一) 股份变动情况表
1、 股份变动情况表
报告期内,公司股份总数及股本结构未发生变化。
2、 股份变动情况说明
□适用 √不适用
3、 股份变动对最近一年和最近一期每股收益、每股净资产等财务指标的影响(如有)
□适用 √不适用
贵州茅台酒股份有限公司2024 年年度报告
50 / 143
4、 公司认为必要或证券监管机构要求披露的其他内容
□适用 √不适用
(二) 限售股份变动情况
□适用 √不适用
二、证券发行与上市情况
(一) 截至报告期内证券发行情况
□适用 √不适用
截至报告期内证券发行情况的说明(存续期内利率不同的债券,请分别说明):
□适用 √不适用
(二) 公司股份总数及股东结构变动及公司资产和负债结构的变动情况
□适用 √不适用
(三) 现存的内部职工股情况
□适用 √不适用
三、股东和实际控制人情况
(一) 股东总数
截至报告期末普通股股东总数(户)
207,894
年度报告披露日前上一月末的普通股股东总数(户)
192,430
(二) 截至报告期末前十名股东、前十名流通股东(或无限售条件股东)持股情况表
单位:",600519.SH,贵州茅台,2024-12-31,2024,年报,贵州茅台2024年报,贵州茅台2024年年度报告.pdf,C:\Users\Administrator\Desktop\financial-poc\data\raw\pdf\贵州茅台2024年年度报告.pdf,,,,139,396,管理层讨论,23,23,55,
600519_SH_pdf_贵州茅台2024年年度报告_pdf_bf557ae6_chunk_140,pdf,pdf,"截至报告期末普通股股东总数(户)
207,894
年度报告披露日前上一月末的普通股股东总数(户)
192,430
(二) 截至报告期末前十名股东、前十名流通股东(或无限售条件股东)持股情况表
单位:股
前十名股东持股情况(不含通过转融通出借股份)
股东名称
(全称)
报告期内增
减
期末持股数量
比例
(%)
持有有
限售条
件股份
数量
质押、标记或冻
结情况
股东
性质
股份状态
数量
中国贵州茅台酒厂(集
团)有限责任公司
679,211,576
54.07
无
国有
法人
香港中央结算有限公司
-8,801,297
77,511,622
6.17
未知
未知
贵州省国有资本运营有限
责任公司
56,996,777
4.54
未知
国有
法人
贵州茅台酒厂(集团)技
术开发有限公司
27,849,688
2.22
无
国有
法人
中国工商银行-上证50 交
易型开放式指数证券投资
基金
4,143,808
11,798,210
0.94
未知
未知
贵州茅台酒股份有限公司2024 年年度报告
51 / 143
中国工商银行股份有限公
司-华泰柏瑞沪深300 交
易型开放式指数证",600519.SH,贵州茅台,2024-12-31,2024,年报,贵州茅台2024年报,贵州茅台2024年年度报告.pdf,C:\Users\Administrator\Desktop\financial-poc\data\raw\pdf\贵州茅台2024年年度报告.pdf,,,,140,396,管理层讨论,23,23,55,
600519_SH_pdf_贵州茅台2024年年度报告_pdf_bf557ae6_chunk_141,pdf,pdf,"基金
4,143,808
11,798,210
0.94
未知
未知
贵州茅台酒股份有限公司2024 年年度报告
51 / 143
中国工商银行股份有限公
司-华泰柏瑞沪深300 交
易型开放式指数证券投资
基金
6,253,657
10,862,818
0.86
未知
未知
中央汇金资产管理有限责
任公司
10,397,104
0.83
未知
国有
法人
中国证券金融股份有限公
司
8,039,447
0.64
未知
未知
中国建设银行股份有限公
司-易方达沪深300 交易
型开放式指数发起式证券
投资基金
5,751,664
7,486,490
0.60
未知
未知
中国人寿保险股份有限公
司-传统-普通保险产品
-005L-CT001 沪
1,052,217
5,535,110
0.44
未知
未知
前十名无限售条件股东持股情况(不含通过转融通出借股份)
股东名称
持有无限售条件流通股的数量
股份种类及数量
种类
数量
中国贵州茅台酒厂(集团)有限责任公司
679,211,576 人民币普
通股
679,211,576
香港中央结算有限公司
77,511,622 人民币普
通股",600519.SH,贵州茅台,2024-12-31,2024,年报,贵州茅台2024年报,贵州茅台2024年年度报告.pdf,C:\Users\Administrator\Desktop\financial-poc\data\raw\pdf\贵州茅台2024年年度报告.pdf,,,,141,396,管理层讨论,23,23,55,
600519_SH_pdf_贵州茅台2024年年度报告_pdf_bf557ae6_chunk_142,pdf,pdf,"股的数量
股份种类及数量
种类
数量
中国贵州茅台酒厂(集团)有限责任公司
679,211,576 人民币普
通股
679,211,576
香港中央结算有限公司
77,511,622 人民币普
通股
77,511,622
贵州省国有资本运营有限责任公司
56,996,777 人民币普
通股
56,996,777
贵州茅台酒厂(集团)技术开发有限公司
27,849,688 人民币普
通股
27,849,688
中国工商银行-上证50 交易型开放式指数
证券投资基金
11,798,210 人民币普
通股
11,798,210
中国工商银行股份有限公司-华泰柏瑞沪
深300 交易型开放式指数证券投资基金
10,862,818 人民币普
通股
10,862,818
中央汇金资产管理有限责任公司
10,397,104 人民币普
通股
10,397,104
中国证券金融股份有限公司
8,039,447 人民币普
通股
8,039,447
中国建设银行股份有限公司-易方达沪深
300 交易型开放式指数发起式证券投资基
金
7,486,490 人民币普
通股
7,486,490
中国人寿保险股份有限公",600519.SH,贵州茅台,2024-12-31,2024,年报,贵州茅台2024年报,贵州茅台2024年年度报告.pdf,C:\Users\Administrator\Desktop\financial-poc\data\raw\pdf\贵州茅台2024年年度报告.pdf,,,,142,396,管理层讨论,23,23,55,
600519_SH_pdf_贵州茅台2024年年度报告_pdf_bf557ae6_chunk_143,pdf,pdf,"人民币普
通股
8,039,447
中国建设银行股份有限公司-易方达沪深
300 交易型开放式指数发起式证券投资基
金
7,486,490 人民币普
通股
7,486,490
中国人寿保险股份有限公司-传统-普通
保险产品-005L-CT001 沪
5,535,110 人民币普
通股
5,535,110
上述股东关联关系或一致行动的说明
在上述股东中,中国贵州茅台酒厂(集团)有限责任公司与贵
州茅台酒厂(集团)技术开发有限公司之间存在关联关系,除
此之外,本公司未知其它股东之间的关联关系、是否为一致行
动人。
持股5%以上股东、前十名股东及前十名无限售流通股股东参与转融通业务出借股份情况
√适用 □不适用
单位:股
持股5%以上股东、前十名股东及前十名无限售流通股股东参与转融通业务出借股份情况
贵州茅台酒股份有限公司2024 年年度报告
52 / 143
股东名称(全称)
期初普通账户、信用
账户持股
期初转融通出借股
份且尚未归还
期末普通账户、信用
账户持股
期末转融通出
借股份且尚未
归还
数量合计
比例
(%)
数量合
计
比例
(%)
数量合计
比例
(%)
数量
合计
比",600519.SH,贵州茅台,2024-12-31,2024,年报,贵州茅台2024年报,贵州茅台2024年年度报告.pdf,C:\Users\Administrator\Desktop\financial-poc\data\raw\pdf\贵州茅台2024年年度报告.pdf,,,,143,396,管理层讨论,23,23,55,
600519_SH_pdf_贵州茅台2024年年度报告_pdf_bf557ae6_chunk_144,pdf,pdf,"信用
账户持股
期初转融通出借股
份且尚未归还
期末普通账户、信用
账户持股
期末转融通出
借股份且尚未
归还
数量合计
比例
(%)
数量合
计
比例
(%)
数量合计
比例
(%)
数量
合计
比例
(%)
中国工商银行-上证
50 交易型开放式指
数证券投资基金
7,654,402
0.61
54,400
0.0043
11,798,210
0.94
0
0
中国工商银行股份有
限公司-华泰柏瑞沪
深300 交易型开放式
指数证券投资基金
4,609,161
0.37
2,200
0.0002
10,862,818
0.86
0
0
中国建设银行股份有
限公司-易方达沪深
300 交易型开放式指
数发起式证券投资基
金
1,734,826
0.14
1,000
0.0001
7,486,490
0.60
0
0
前十名股东及前十名无限售流通股股东因转融通出借/归还原因导致较上期发生变化
□适用 √不适用
前十名有限售条件股东持股数量及限售条件
□适用 √不适用
(三) 战略投资者或一般法人因配售新股成为前10 名股东
□适用 √不适用
四、控股股东及实际控制人情况
(一) 控股股",600519.SH,贵州茅台,2024-12-31,2024,年报,贵州茅台2024年报,贵州茅台2024年年度报告.pdf,C:\Users\Administrator\Desktop\financial-poc\data\raw\pdf\贵州茅台2024年年度报告.pdf,,,,144,396,管理层讨论,23,23,55,
600519_SH_pdf_贵州茅台2024年年度报告_pdf_bf557ae6_chunk_145,pdf,pdf,"化
□适用 √不适用
前十名有限售条件股东持股数量及限售条件
□适用 √不适用
(三) 战略投资者或一般法人因配售新股成为前10 名股东
□适用 √不适用
四、控股股东及实际控制人情况
(一) 控股股东情况
1、 法人
√适用 □不适用
名称
中国贵州茅台酒厂(集团)有限责任公司
单位负责人或法定代
表人
张德芹
成立日期
1998-01-24
主要经营业务
酒类产品的生产经营(主营);酒类产品的生产技术咨询与服务;包装
材料、饮料的生产销售;餐饮、住宿、旅游、物流运输;进出口贸易业
务;互联网产业;房地产开发及租赁、停车场管理;教育、卫生;生态
农业。
报告期内控股和参股
的其他境内外上市公
司的股权情况
持有交通银行股份有限公司0.24%的股份;持有华创云信数字技术股份
有限公司3.97%的股份;持有贵阳银行股份有限公司1.45%的股份;持
有贵州省广播电视信息网络股份有限公司10.03%的股份;持有贵州银行
股份有限公司12%的股份。
2、 自然人
□适用 √不适用
贵州茅台酒股份有限公司2024 年年度报告
53 / 143
3、 公司不存在控股股东情况的特别说明
□适用 √不",600519.SH,贵州茅台,2024-12-31,2024,年报,贵州茅台2024年报,贵州茅台2024年年度报告.pdf,C:\Users\Administrator\Desktop\financial-poc\data\raw\pdf\贵州茅台2024年年度报告.pdf,,,,145,396,管理层讨论,23,23,55,
600519_SH_pdf_贵州茅台2024年年度报告_pdf_bf557ae6_chunk_146,pdf,pdf,"3%的股份;持有贵州银行
股份有限公司12%的股份。
2、 自然人
□适用 √不适用
贵州茅台酒股份有限公司2024 年年度报告
53 / 143
3、 公司不存在控股股东情况的特别说明
□适用 √不适用
4、 报告期内控股股东变更情况的说明
□适用 √不适用
5、 公司与控股股东之间的产权及控制关系的方框图
√适用 □不适用
(二) 实际控制人情况
1、 法人
√适用 □不适用
名称
贵州省人民政府国有资产监督管理委员会
单位负责人或法定代表人
阳向东
2、 自然人
□适用 √不适用
3、 公司不存在实际控制人情况的特别说明
□适用 √不适用
4、 报告期内公司控制权发生变更的情况说明
□适用 √不适用
5、 公司与实际控制人之间的产权及控制关系的方框图
√适用 □不适用
贵州茅台酒股份有限公司2024 年年度报告
54 / 143
6、 实际控制人通过信托或其他资产管理方式控制公司
□适用 √不适用
(三) 控股股东及实际控制人其他情况介绍
□适用 √不适用
五、公司控股股东或第一大股东及其一致行动人累计质押股份数量占其所持公司股份数量比例
达到80%以上
□适用 √不适用
六、其",600519.SH,贵州茅台,2024-12-31,2024,年报,贵州茅台2024年报,贵州茅台2024年年度报告.pdf,C:\Users\Administrator\Desktop\financial-poc\data\raw\pdf\贵州茅台2024年年度报告.pdf,,,,146,396,管理层讨论,23,23,55,
600519_SH_pdf_贵州茅台2024年年度报告_pdf_bf557ae6_chunk_147,pdf,pdf,"适用 √不适用
(三) 控股股东及实际控制人其他情况介绍
□适用 √不适用
五、公司控股股东或第一大股东及其一致行动人累计质押股份数量占其所持公司股份数量比例
达到80%以上
□适用 √不适用
六、其他持股在百分之十以上的法人股东
□适用 √不适用
七、股份限制减持情况说明
□适用 √不适用
八、股份回购在报告期的具体实施情况
√适用 □不适用
单位:元 币种:人民币
回购股份方案名称
《关于以集中竞价交易方式回购公司股份的方案》
回购股份方案披露时间
2024/9/21
拟回购金额
人民币30 亿元(含)~人民币60 亿元(含)
拟回购期间
公司股东大会审议通过回购方案之日起12 个月内
回购用途
减少注册资本
第八节
优先股相关情况
□适用 √不适用
贵州茅台酒股份有限公司2024 年年度报告
55 / 143
第九节
债券相关情况
一、公司债券(含企业债券)和非金融企业债务融资工具
□适用 √不适用
二、可转换公司债券情况
□适用 √不适用
第十节
财务报告
一、 审计报告
√适用 □不适用
天健审〔2025〕8-171 号
贵州茅台酒股份有限公司全体股东:
一、审计意见
我们审",600519.SH,贵州茅台,2024-12-31,2024,年报,贵州茅台2024年报,贵州茅台2024年年度报告.pdf,C:\Users\Administrator\Desktop\financial-poc\data\raw\pdf\贵州茅台2024年年度报告.pdf,,,,147,396,管理层讨论,23,23,55,
600519_SH_pdf_贵州茅台2024年年度报告_pdf_bf557ae6_chunk_148,pdf,pdf,"□适用 √不适用
二、可转换公司债券情况
□适用 √不适用
第十节
财务报告
一、 审计报告
√适用 □不适用
天健审〔2025〕8-171 号
贵州茅台酒股份有限公司全体股东:
一、审计意见
我们审计了贵州茅台酒股份有限公司(以下简称贵州茅台公司)财务报表,包括2024 年12",600519.SH,贵州茅台,2024-12-31,2024,年报,贵州茅台2024年报,贵州茅台2024年年度报告.pdf,C:\Users\Administrator\Desktop\financial-poc\data\raw\pdf\贵州茅台2024年年度报告.pdf,,,,148,396,管理层讨论,23,23,55,
600519_SH_pdf_贵州茅台2024年年度报告_pdf_bf557ae6_chunk_149,pdf,pdf,"月31 日的合并及母公司资产负债表,2024 年度的合并及母公司利润表、合并及母公司现金流量
表、合并及母公司所有者权益变动表,以及相关财务报表附注。
我们认为,后附的财务报表在所有重大方面按照企业会计准则的规定编制,公允反映了贵州
茅台公司2024 年12 月31 日的合并及母公司财务状况,以及2024 年度的合并及母公司经营成果
和现金流量。
二、形成审计意见的基础
我们按照中国注册会计师审计准则的规定执行了审计工作。审计报告的“注册会计师对财务
报表审计的责任”部分进一步阐述了我们在这些准则下的责任。按照中国注册会计师职业道德守
则,我们独立于贵州茅台公司,并履行了职业道德方面的其他责任。我们相信,我们获取的审计
证据是充分、适当的,为发表审计意见提供了基础。
三、关键审计事项
关键审计事项是我们根据职业判断,认为对本期财务报表审计最为重要的事项。这些事项的
应对以对财务报表整体进行审计并形成审计意见为背景,我们不对这些事项单独发表意见。
(一) 收入确认
1. 事项描述
相关信息披露详见审计报告财务报表附注三(二十)和五(二)1。
贵州茅台酒股份有限公司2024 年年度报告
5",600519.SH,贵州茅台,2024-12-31,2024,年报,贵州茅台2024年报,贵州茅台2024年年度报告.pdf,C:\Users\Administrator\Desktop\financial-poc\data\raw\pdf\贵州茅台2024年年度报告.pdf,,,,149,396,资产负债表,55,55,58,母公司资产负债表
600519_SH_pdf_贵州茅台2024年年度报告_pdf_bf557ae6_chunk_150,pdf,pdf,"审计并形成审计意见为背景,我们不对这些事项单独发表意见。
(一) 收入确认
1. 事项描述
相关信息披露详见审计报告财务报表附注三(二十)和五(二)1。
贵州茅台酒股份有限公司2024 年年度报告
56 / 143
贵州茅台公司的营业收入主要来自于茅台酒及系列酒的生产及销售。2024 年度,贵州茅台
公司的营业收入为人民币17,089,915.23 万元。其中主营业务收入为人民币17,061,183.81 万
元,占营业收入的99.83%。
由于营业收入是贵州茅台公司关键业绩指标之一,可能存在贵州茅台公司管理层(以下简称
管理层)通过不恰当的收入确认以达到特定目标或预期的固有风险,同时,收入确认涉及重大管
理层判断。因此,我们将收入确认确定为关键审计事项。
2. 审计应对
针对收入确认,我们实施的审计程序主要包括:
(1) 了解与收入确认相关的关键内部控制,评价这些控制的设计,确定其是否得到执行,并
测试相关内部控制的运行有效性;
(2) 选取样本检查销售合同,识别与客户取得相关商品控制权时点相关的条款,评价收入确
认政策是否符合企业会计准则的规定;
(3) 对营业收入及毛利率实施分析",600519.SH,贵州茅台,2024-12-31,2024,年报,贵州茅台2024年报,贵州茅台2024年年度报告.pdf,C:\Users\Administrator\Desktop\financial-poc\data\raw\pdf\贵州茅台2024年年度报告.pdf,,,,150,396,资产负债表,55,55,58,母公司资产负债表
600519_SH_pdf_贵州茅台2024年年度报告_pdf_bf557ae6_chunk_151,pdf,pdf,"到执行,并
测试相关内部控制的运行有效性;
(2) 选取样本检查销售合同,识别与客户取得相关商品控制权时点相关的条款,评价收入确
认政策是否符合企业会计准则的规定;
(3) 对营业收入及毛利率实施分析程序,识别是否存在重大或异常波动,并查明波动原因;
(4) 对于内销收入,选取样本检查与收入确认相关的支持性文件,包括销售合同、销售订
单、出库单、签收单、销售发票等;对于出口外销收入,选取样本检查与收入确认相关的支持性
文件,包括销售合同、销售订单、出口报关单、货运提单等;
(5) 结合合同负债函证,选取项目向主要客户函证报告期销售额;
(6) 实施截止测试,检查收入是否在恰当期间确认;
(7) 检查与营业收入相关的信息是否已在财务报表中作出恰当列报。
(二) 关联方及其交易
1. 事项描述
相关信息披露详见审计报告财务报表附注十一。
2024 年度贵州茅台公司与关联方发生交易的类别较多且金额较大。由于关联方数量多、交
易类型多样、交易金额重大,关联交易金额准确性对本年度财务报表影响较大,且披露的完整性
对理解和使用财务报表具有较大影响,我们将其确认确定为关键审计事项。
2. 审计应对",600519.SH,贵州茅台,2024-12-31,2024,年报,贵州茅台2024年报,贵州茅台2024年年度报告.pdf,C:\Users\Administrator\Desktop\financial-poc\data\raw\pdf\贵州茅台2024年年度报告.pdf,,,,151,396,资产负债表,55,55,58,母公司资产负债表
600519_SH_pdf_贵州茅台2024年年度报告_pdf_bf557ae6_chunk_152,pdf,pdf,"额较大。由于关联方数量多、交
易类型多样、交易金额重大,关联交易金额准确性对本年度财务报表影响较大,且披露的完整性
对理解和使用财务报表具有较大影响,我们将其确认确定为关键审计事项。
2. 审计应对
(1) 了解贵州茅台公司与识别和披露关联方及关联交易相关的关键内部控制,评价这些控制
的设计,确定其是否得到执行,并测试相关内部控制运行的有效性;
(2) 获取管理层提供的关联方清单,与通过公开渠道查询的信息进行核对;
(3) 获取关联交易相关的董事会决议、股东大会决议,检查关联交易决策权限和程序,检查
相关交易是否经过恰当的授权审批;
(4) 获取管理层提供的关联方交易发生额和余额明细,与账面记录进行核对;选取项目检查
与关联交易相关的支持性文件,包括交易合同、流转单据、结算资料、银行回单等;与关联方对
贵州茅台酒股份有限公司2024 年年度报告
57 / 143
账,核实关联交易发生额和往来余额;将关联交易价格与非关联交易价格或市场可比交易价格进
行比较,核实关联交易定价公允性。
(5) 检查与关联方关系及其交易相关的信息是否已在财务报表中作出充分披露和恰当列报。
四、其他信息
管理层",600519.SH,贵州茅台,2024-12-31,2024,年报,贵州茅台2024年报,贵州茅台2024年年度报告.pdf,C:\Users\Administrator\Desktop\financial-poc\data\raw\pdf\贵州茅台2024年年度报告.pdf,,,,152,396,资产负债表,55,55,58,母公司资产负债表
600519_SH_pdf_贵州茅台2024年年度报告_pdf_bf557ae6_chunk_153,pdf,pdf,"来余额;将关联交易价格与非关联交易价格或市场可比交易价格进
行比较,核实关联交易定价公允性。
(5) 检查与关联方关系及其交易相关的信息是否已在财务报表中作出充分披露和恰当列报。
四、其他信息
管理层对其他信息负责。其他信息包括年度报告中涵盖的信息,但不包括财务报表和我们的
审计报告。
我们对财务报表发表的审计意见不涵盖其他信息,我们也不对其他信息发表任何形式的鉴证
结论。
结合我们对财务报表的审计,我们的责任是阅读其他信息,在此过程中,考虑其他信息是否
与财务报表或我们在审计过程中了解到的情况存在重大不一致或者似乎存在重大错报。
基于我们已执行的工作,如果我们确定其他信息存在重大错报,我们应当报告该事实。在这
方面,我们无任何事项需要报告。
五、管理层和治理层对财务报表的责任
管理层负责按照企业会计准则的规定编制财务报表,使其实现公允反映,并设计、执行和维
护必要的内部控制,以使财务报表不存在由于舞弊或错误导致的重大错报。
在编制财务报表时,管理层负责评估贵州茅台公司的持续经营能力,披露与持续经营相关的
事项(如适用),并运用持续经营假设,除非计划进行清算、终止运营或别无其他现实的选",600519.SH,贵州茅台,2024-12-31,2024,年报,贵州茅台2024年报,贵州茅台2024年年度报告.pdf,C:\Users\Administrator\Desktop\financial-poc\data\raw\pdf\贵州茅台2024年年度报告.pdf,,,,153,396,资产负债表,55,55,58,母公司资产负债表
600519_SH_pdf_贵州茅台2024年年度报告_pdf_bf557ae6_chunk_154,pdf,pdf,"不存在由于舞弊或错误导致的重大错报。
在编制财务报表时,管理层负责评估贵州茅台公司的持续经营能力,披露与持续经营相关的
事项(如适用),并运用持续经营假设,除非计划进行清算、终止运营或别无其他现实的选择。
贵州茅台公司治理层(以下简称治理层)负责监督贵州茅台公司的财务报告过程。
六、注册会计师对财务报表审计的责任
我们的目标是对财务报表整体是否不存在由于舞弊或错误导致的重大错报获取合理保证,并
出具包含审计意见的审计报告。合理保证是高水平的保证,但并不能保证按照审计准则执行的审
计在某一重大错报存在时总能发现。错报可能由于舞弊或错误导致,如果合理预期错报单独或汇
总起来可能影响财务报表使用者依据财务报表作出的经济决策,则通常认为错报是重大的。
在按照审计准则执行审计工作的过程中,我们运用职业判断,并保持职业怀疑。同时,我们
也执行以下工作:
(一) 识别和评估由于舞弊或错误导致的财务报表重大错报风险,设计和实施审计程序以应
对这些风险,并获取充分、适当的审计证据,作为发表审计意见的基础。由于舞弊可能涉及串
通、伪造、故意遗漏、虚假陈述或凌驾于内部控制之上,未能发现由于舞弊导致的重大错报",600519.SH,贵州茅台,2024-12-31,2024,年报,贵州茅台2024年报,贵州茅台2024年年度报告.pdf,C:\Users\Administrator\Desktop\financial-poc\data\raw\pdf\贵州茅台2024年年度报告.pdf,,,,154,396,资产负债表,55,55,58,母公司资产负债表
600519_SH_pdf_贵州茅台2024年年度报告_pdf_bf557ae6_chunk_155,pdf,pdf,"大错报风险,设计和实施审计程序以应
对这些风险,并获取充分、适当的审计证据,作为发表审计意见的基础。由于舞弊可能涉及串
通、伪造、故意遗漏、虚假陈述或凌驾于内部控制之上,未能发现由于舞弊导致的重大错报的风
险高于未能发现由于错误导致的重大错报的风险。
(二) 了解与审计相关的内部控制,以设计恰当的审计程序。
(三) 评价管理层选用会计政策的恰当性和作出会计估计及相关披露的合理性。
贵州茅台酒股份有限公司2024 年年度报告
58 / 143
(四) 对管理层使用持续经营假设的恰当性得出结论。同时,根据获取的审计证据,就可能
导致对贵州茅台公司持续经营能力产生重大疑虑的事项或情况是否存在重大不确定性得出结论。
如果我们得出结论认为存在重大不确定性,审计准则要求我们在审计报告中提请报表使用者注意
财务报表中的相关披露;如果披露不充分,我们应当发表非无保留意见。我们的结论基于截至审
计报告日可获得的信息。然而,未来的事项或情况可能导致贵州茅台公司不能持续经营。
(五) 评价财务报表的总体列报、结构和内容,并评价财务报表是否公允反映相关交易和事
项。
(六) 就贵州茅台公司中实体或业务活动的财",600519.SH,贵州茅台,2024-12-31,2024,年报,贵州茅台2024年报,贵州茅台2024年年度报告.pdf,C:\Users\Administrator\Desktop\financial-poc\data\raw\pdf\贵州茅台2024年年度报告.pdf,,,,155,396,资产负债表,55,55,58,母公司资产负债表
600519_SH_pdf_贵州茅台2024年年度报告_pdf_bf557ae6_chunk_156,pdf,pdf,"得的信息。然而,未来的事项或情况可能导致贵州茅台公司不能持续经营。
(五) 评价财务报表的总体列报、结构和内容,并评价财务报表是否公允反映相关交易和事
项。
(六) 就贵州茅台公司中实体或业务活动的财务信息获取充分、适当的审计证据,以对财务
报表发表审计意见。我们负责指导、监督和执行集团审计,并对审计意见承担全部责任。
我们与治理层就计划的审计范围、时间安排和重大审计发现等事项进行沟通,包括沟通我们
在审计中识别出的值得关注的内部控制缺陷。
我们还就已遵守与独立性相关的职业道德要求向治理层提供声明,并与治理层沟通可能被合
理认为影响我们独立性的所有关系和其他事项,以及相关的防范措施(如适用)。
从与治理层沟通过的事项中,我们确定哪些事项对本期财务报表审计最为重要,因而构成关
键审计事项。我们在审计报告中描述这些事项,除非法律法规禁止公开披露这些事项,或在极少
数情形下,如果合理预期在审计报告中沟通某事项造成的负面后果超过在公众利益方面产生的益
处,我们确定不应在审计报告中沟通该事项。
天健会计师事务所(特殊普通合伙)
中国注册会计师: 李青龙
(项目合伙人)
中国·杭州
中国注册会计师",600519.SH,贵州茅台,2024-12-31,2024,年报,贵州茅台2024年报,贵州茅台2024年年度报告.pdf,C:\Users\Administrator\Desktop\financial-poc\data\raw\pdf\贵州茅台2024年年度报告.pdf,,,,156,396,资产负债表,55,55,58,母公司资产负债表
600519_SH_pdf_贵州茅台2024年年度报告_pdf_bf557ae6_chunk_157,pdf,pdf,"告中沟通某事项造成的负面后果超过在公众利益方面产生的益
处,我们确定不应在审计报告中沟通该事项。
天健会计师事务所(特殊普通合伙)
中国注册会计师: 李青龙
(项目合伙人)
中国·杭州
中国注册会计师: 梁正勇
中国注册会计师: 曾 志
二〇二五年四月一日
二、 财务报表",600519.SH,贵州茅台,2024-12-31,2024,年报,贵州茅台2024年报,贵州茅台2024年年度报告.pdf,C:\Users\Administrator\Desktop\financial-poc\data\raw\pdf\贵州茅台2024年年度报告.pdf,,,,157,396,资产负债表,55,55,58,母公司资产负债表
600519_SH_pdf_贵州茅台2024年年度报告_pdf_bf557ae6_chunk_158,pdf,pdf,"合并资产负债表
2024 年12 月31 日
编制单位:贵州茅台酒股份有限公司
单位:元 币种:人民币
项目
附注
2024 年12 月31 日
2023 年12 月31 日
流动资产:
货币资金
1
59,295,822,956.89
69,070,136,376.12
结算备付金
贵州茅台酒股份有限公司2024 年年度报告
59 / 143
拆出资金
2
127,187,293,298.17
105,553,836,462.58
交易性金融资产
3
248,513,280.00
400,712,059.93
衍生金融资产
应收票据
4
1,984,407,967.50
13,933,440.00
应收账款
5
18,974,192.75
60,373,410.41
应收款项融资
预付款项
6
26,975,033.20
34,585,111.79
应收保费
应收分保账款
应收分保合同准备金
其他应收款
7
29,955,673.47
27,502,107.30
其中:应收利息
应收股利
买入返售金融资产
8
7,220,310,691.10
3,504,849,885.05
存货",600519.SH,贵州茅台,2024-12-31,2024,年报,贵州茅台2024年报,贵州茅台2024年年度报告.pdf,C:\Users\Administrator\Desktop\financial-poc\data\raw\pdf\贵州茅台2024年年度报告.pdf,,,,158,396,资产负债表,58,58,61,合并资产负债表
600519_SH_pdf_贵州茅台2024年年度报告_pdf_bf557ae6_chunk_159,pdf,pdf,"备金
其他应收款
7
29,955,673.47
27,502,107.30
其中:应收利息
应收股利
买入返售金融资产
8
7,220,310,691.10
3,504,849,885.05
存货
9
54,343,285,157.47
46,435,185,061.53
其中:数据资源
合同资产
持有待售资产
一年内到期的非流动资产
10
1,210,959,803.42
其他流动资产
11
160,176,582.69
71,403,906.57
流动资产合计
251,726,674,636.66
225,172,517,821.28
非流动资产:
发放贷款和垫款
12
2,381,228,475.45
2,130,818,189.27
债权投资
13
1,515,174,439.92
5,323,002,071.02
其他债权投资
长期应收款
长期股权投资
其他权益工具投资
其他非流动金融资产
14
4,028,978,995.56
4,002,439,902.57
投资性房地产
15
7,625,167.83
4,138,545.33
固定资产
16
21,871,446,7",600519.SH,贵州茅台,2024-12-31,2024,年报,贵州茅台2024年报,贵州茅台2024年年度报告.pdf,C:\Users\Administrator\Desktop\financial-poc\data\raw\pdf\贵州茅台2024年年度报告.pdf,,,,159,396,资产负债表,58,58,61,合并资产负债表
600519_SH_pdf_贵州茅台2024年年度报告_pdf_bf557ae6_chunk_160,pdf,pdf,"流动金融资产
14
4,028,978,995.56
4,002,439,902.57
投资性房地产
15
7,625,167.83
4,138,545.33
固定资产
16
21,871,446,747.14
19,909,280,655.97
在建工程
17
2,149,619,937.05
2,137,464,700.45
生产性生物资产
油气资产
使用权资产
18
410,594,173.53
314,205,484.56
无形资产
19
8,850,205,831.00
8,572,267,313.84
其中:数据资源
开发支出
20
98,522,878.42
218,015,555.49
其中:数据资源
商誉
长期待摊费用
21
152,105,949.85
160,058,930.14
递延所得税资产
22
5,520,006,868.83
4,645,887,425.10
其他非流动资产
23
232,395,817.46
109,563,497.23
非流动资产合计
47,217,905,282.04
47,527,142,270.97
资产总计
298,944,5",600519.SH,贵州茅台,2024-12-31,2024,年报,贵州茅台2024年报,贵州茅台2024年年度报告.pdf,C:\Users\Administrator\Desktop\financial-poc\data\raw\pdf\贵州茅台2024年年度报告.pdf,,,,160,396,资产负债表,58,58,61,合并资产负债表
600519_SH_pdf_贵州茅台2024年年度报告_pdf_bf557ae6_chunk_161,pdf,pdf,"其他非流动资产
23
232,395,817.46
109,563,497.23
非流动资产合计
47,217,905,282.04
47,527,142,270.97
资产总计
298,944,579,918.70
272,699,660,092.25
流动负债:
短期借款
向中央银行借款
贵州茅台酒股份有限公司2024 年年度报告
60 / 143
拆入资金
交易性金融负债
衍生金融负债
应付票据
应付账款
25
3,514,969,230.31
3,093,091,103.67
预收款项
合同负债
26
9,592,453,014.66
14,125,755,802.29
卖出回购金融资产款
吸收存款及同业存放
27
23,102,858,820.97
12,034,492,909.95
代理买卖证券款
代理承销证券款
应付职工薪酬
28
5,824,371,399.07
5,401,921,213.77
应交税费
29
7,717,686,541.38
6,949,663,893.87
其他应付款
30
5,429,006,700.86
5,213,133,685.87
其中",600519.SH,贵州茅台,2024-12-31,2024,年报,贵州茅台2024年报,贵州茅台2024年年度报告.pdf,C:\Users\Administrator\Desktop\financial-poc\data\raw\pdf\贵州茅台2024年年度报告.pdf,,,,161,396,资产负债表,58,58,61,合并资产负债表
600519_SH_pdf_贵州茅台2024年年度报告_pdf_bf557ae6_chunk_162,pdf,pdf,"1,921,213.77
应交税费
29
7,717,686,541.38
6,949,663,893.87
其他应付款
30
5,429,006,700.86
5,213,133,685.87
其中:应付利息
应付股利
应付手续费及佣金
应付分保账款
持有待售负债
一年内到期的非流动负债
31
111,951,112.20
57,054,879.48
其他流动负债
32
1,222,693,799.51
1,822,498,012.30
流动负债合计
56,515,990,618.96
48,697,611,501.20
非流动负债:
保险合同准备金
长期借款
应付债券
其中:优先股
永续债
租赁负债
33
313,906,415.76
266,636,234.04
长期应付款
长期应付职工薪酬
预计负债
递延收益
递延所得税负债
22
103,367,763.38
78,943,062.19
其他非流动负债
非流动负债合计
417,274,179.14
345,579,296.23
负债合计
56,933,264,798.10
49,043,190,797.43
所有者权益(或股东",600519.SH,贵州茅台,2024-12-31,2024,年报,贵州茅台2024年报,贵州茅台2024年年度报告.pdf,C:\Users\Administrator\Desktop\financial-poc\data\raw\pdf\贵州茅台2024年年度报告.pdf,,,,162,396,资产负债表,58,58,61,合并资产负债表
600519_SH_pdf_贵州茅台2024年年度报告_pdf_bf557ae6_chunk_163,pdf,pdf,".19
其他非流动负债
非流动负债合计
417,274,179.14
345,579,296.23
负债合计
56,933,264,798.10
49,043,190,797.43
所有者权益(或股东权益):
实收资本(或股本)
34
1,256,197,800.00
1,256,197,800.00
其他权益工具
其中:优先股
永续债
资本公积
35
1,374,964,415.72
1,374,964,415.72
减:库存股
其他综合收益
36
-9,916,224.69
-6,061,727.51
专项储备
盈余公积
37
46,635,793,479.39
38,998,763,095.13
一般风险准备
38
1,061,529,724.00
1,061,529,724.00
贵州茅台酒股份有限公司2024 年年度报告
61 / 143
未分配利润
39
182,787,415,205.05
172,983,178,300.09
归属于母公司所有者权益
(或股东权益)合计
233,105,984,399.47
215,668,571,607.43
少数股东权益
8,905,",600519.SH,贵州茅台,2024-12-31,2024,年报,贵州茅台2024年报,贵州茅台2024年年度报告.pdf,C:\Users\Administrator\Desktop\financial-poc\data\raw\pdf\贵州茅台2024年年度报告.pdf,,,,163,396,资产负债表,58,58,61,合并资产负债表
600519_SH_pdf_贵州茅台2024年年度报告_pdf_bf557ae6_chunk_164,pdf,pdf,",205.05
172,983,178,300.09
归属于母公司所有者权益
(或股东权益)合计
233,105,984,399.47
215,668,571,607.43
少数股东权益
8,905,330,721.13
7,987,897,687.39
所有者权益(或股东权
益)合计
242,011,315,120.60
223,656,469,294.82
负债和所有者权益(或
股东权益)总计
298,944,579,918.70
272,699,660,092.25
公司负责人:张德芹 主管会计工作负责人:蒋焰 会计机构负责人:蔡聪应",600519.SH,贵州茅台,2024-12-31,2024,年报,贵州茅台2024年报,贵州茅台2024年年度报告.pdf,C:\Users\Administrator\Desktop\financial-poc\data\raw\pdf\贵州茅台2024年年度报告.pdf,,,,164,396,资产负债表,58,58,61,合并资产负债表
600519_SH_pdf_贵州茅台2024年年度报告_pdf_bf557ae6_chunk_165,pdf,pdf,"母公司资产负债表
2024 年12 月31 日
编制单位:贵州茅台酒股份有限公司
单位:元 币种:人民币
项目
附注
2024 年12 月31 日
2023 年12 月31 日
流动资产:
货币资金
77,252,079,198.82
72,639,127,443.08
交易性金融资产
衍生金融资产
应收票据
应收账款
1
11,800,123,743.35
17,178,545,925.65
应收款项融资
预付款项
13,476,941.51
18,614,923.06
其他应收款
2
14,610,394.65
15,880,057.16
其中:应收利息
应收股利
存货
51,675,411,372.85
44,516,042,266.73
其中:数据资源
合同资产
持有待售资产
一年内到期的非流动资产
其他流动资产
47,019,126.34
6,651,365.50
流动资产合计
140,802,720,777.52
134,374,861,981.18
非流动资产:
债权投资
其他债权投资
长期应收款
长期股权投资
3
1,610,535,587.55
1,610,535,5",600519.SH,贵州茅台,2024-12-31,2024,年报,贵州茅台2024年报,贵州茅台2024年年度报告.pdf,C:\Users\Administrator\Desktop\financial-poc\data\raw\pdf\贵州茅台2024年年度报告.pdf,,,,165,396,资产负债表,61,61,63,母公司资产负债表
600519_SH_pdf_贵州茅台2024年年度报告_pdf_bf557ae6_chunk_166,pdf,pdf,"140,802,720,777.52
134,374,861,981.18
非流动资产:
债权投资
其他债权投资
长期应收款
长期股权投资
3
1,610,535,587.55
1,610,535,587.55
其他权益工具投资
其他非流动金融资产
4,028,978,995.56
4,002,439,902.57
投资性房地产
15,234,907.71
4,138,545.33
固定资产
21,442,589,371.19
19,465,206,198.98
在建工程
2,120,925,676.37
2,095,013,288.53
生产性生物资产
油气资产
使用权资产
145,504,292.81
157,783,819.40
贵州茅台酒股份有限公司2024 年年度报告
62 / 143
无形资产
8,843,959,671.55
8,567,282,703.63
其中:数据资源
开发支出
98,522,878.42
218,015,555.49
其中:数据资源
商誉
长期待摊费用
114,400,803.02
125,398,509.50
递延所得税资产
780,755,69",600519.SH,贵州茅台,2024-12-31,2024,年报,贵州茅台2024年报,贵州茅台2024年年度报告.pdf,C:\Users\Administrator\Desktop\financial-poc\data\raw\pdf\贵州茅台2024年年度报告.pdf,,,,166,396,资产负债表,61,61,63,母公司资产负债表
600519_SH_pdf_贵州茅台2024年年度报告_pdf_bf557ae6_chunk_167,pdf,pdf,"开发支出
98,522,878.42
218,015,555.49
其中:数据资源
商誉
长期待摊费用
114,400,803.02
125,398,509.50
递延所得税资产
780,755,697.85
854,127,274.69
其他非流动资产
232,395,817.46
109,563,497.23
非流动资产合计
39,433,803,699.49
37,209,504,882.90
资产总计
180,236,524,477.01
171,584,366,864.08
流动负债:
短期借款
交易性金融负债
衍生金融负债
应付票据
应付账款
3,487,464,350.29
2,986,351,679.18
预收款项
合同负债
2,594,416.19
21,950,467.31
应付职工薪酬
5,466,090,464.42
5,211,529,941.77
应交税费
4,305,149,270.50
4,148,263,488.21
其他应付款
2,291,237,494.64
2,100,265,480.39
其中:应付利息
应付股利
持有待售负债
一年内到期的非流",600519.SH,贵州茅台,2024-12-31,2024,年报,贵州茅台2024年报,贵州茅台2024年年度报告.pdf,C:\Users\Administrator\Desktop\financial-poc\data\raw\pdf\贵州茅台2024年年度报告.pdf,,,,167,396,资产负债表,61,61,63,母公司资产负债表
600519_SH_pdf_贵州茅台2024年年度报告_pdf_bf557ae6_chunk_168,pdf,pdf,"305,149,270.50
4,148,263,488.21
其他应付款
2,291,237,494.64
2,100,265,480.39
其中:应付利息
应付股利
持有待售负债
一年内到期的非流动负债
18,620,213.91
15,940,845.58
其他流动负债
337,274.11
2,853,560.75
流动负债合计
15,571,493,484.06
14,487,155,463.19
非流动负债:
长期借款
应付债券
其中:优先股
永续债
租赁负债
142,372,581.83
154,907,818.31
长期应付款
长期应付职工薪酬
预计负债
递延收益
递延所得税负债
36,376,073.20
39,445,954.85
其他非流动负债
非流动负债合计
178,748,655.03
194,353,773.16
负债合计
15,750,242,139.09
14,681,509,236.35
所有者权益(或股东权益):
实收资本(或股本)
1,256,197,800.00
1,256,197,800.00
其他权益工具
其中:优先股
永续债
资本公积
1,",600519.SH,贵州茅台,2024-12-31,2024,年报,贵州茅台2024年报,贵州茅台2024年年度报告.pdf,C:\Users\Administrator\Desktop\financial-poc\data\raw\pdf\贵州茅台2024年年度报告.pdf,,,,168,396,资产负债表,61,61,63,母公司资产负债表
600519_SH_pdf_贵州茅台2024年年度报告_pdf_bf557ae6_chunk_169,pdf,pdf,"4,681,509,236.35
所有者权益(或股东权益):
实收资本(或股本)
1,256,197,800.00
1,256,197,800.00
其他权益工具
其中:优先股
永续债
资本公积
1,374,303,082.72
1,374,303,082.72
减:库存股
贵州茅台酒股份有限公司2024 年年度报告
63 / 143
其他综合收益
专项储备
盈余公积
46,635,793,479.39
38,998,763,095.13
未分配利润
115,219,987,975.81
115,273,593,649.88
所有者权益(或股东权
益)合计
164,486,282,337.92
156,902,857,627.73
负债和所有者权益(或
股东权益)总计
180,236,524,477.01
171,584,366,864.08
公司负责人:张德芹 主管会计工作负责人:蒋焰 会计机构负责人:蔡聪应",600519.SH,贵州茅台,2024-12-31,2024,年报,贵州茅台2024年报,贵州茅台2024年年度报告.pdf,C:\Users\Administrator\Desktop\financial-poc\data\raw\pdf\贵州茅台2024年年度报告.pdf,,,,169,396,资产负债表,61,61,63,母公司资产负债表
600519_SH_pdf_贵州茅台2024年年度报告_pdf_bf557ae6_chunk_170,pdf,pdf,"合并利润表
2024 年1—12 月
单位:元 币种:人民币
项目
附注
2024 年度
2023 年度
一、营业总收入
174,144,069,958.25 150,560,330,316.45
其中:营业收入
40
170,899,152,276.34 147,693,604,994.14
利息收入
41
3,244,917,681.91
2,866,725,322.31
已赚保费
手续费及佣金收入
二、营业总成本
54,523,971,452.57
46,960,889,468.54
其中:营业成本
40
13,789,482,367.98
11,867,273,851.78
利息支出
41
105,127,802.03
113,500,129.93
手续费及佣金支出
41
94,078.17
68,578.57
退保金
赔付支出净额
提取保险责任准备金净额
保单红利支出
分保费用
税金及附加
42
26,926,161,474.99
22,234,175,898.60
销售费用
43
5,639,300,059.49
4,648,613,585.82
管理费用
44
9,315",600519.SH,贵州茅台,2024-12-31,2024,年报,贵州茅台2024年报,贵州茅台2024年年度报告.pdf,C:\Users\Administrator\Desktop\financial-poc\data\raw\pdf\贵州茅台2024年年度报告.pdf,,,,170,396,利润表,63,63,65,合并利润表
600519_SH_pdf_贵州茅台2024年年度报告_pdf_bf557ae6_chunk_171,pdf,pdf,"税金及附加
42
26,926,161,474.99
22,234,175,898.60
销售费用
43
5,639,300,059.49
4,648,613,585.82
管理费用
44
9,315,650,060.38
9,729,389,252.31
研发费用
45
218,375,472.87
157,371,873.01
财务费用
46
-1,470,219,863.34
-1,789,503,701.48
其中:利息费用
14,474,584.09
12,624,628.35
利息收入
1,476,991,223.18
1,942,301,920.98
加:其他收益
47
21,229,466.81
34,644,873.86
投资收益(损失以“-”号填
列)
48
9,130,340.37
34,025,967.82
其中:对联营企业和合营企业的
投资收益
以摊余成本计量的金融资
产终止确认收益
汇兑收益(损失以“-”号填
列)
净敞口套期收益(损失以“-”
号填列)
贵州茅台酒股份有限公司2024 年年度报告
64 / 143
公允价值变动收益(损失以
“-”号填列)",600519.SH,贵州茅台,2024-12-31,2024,年报,贵州茅台2024年报,贵州茅台2024年年度报告.pdf,C:\Users\Administrator\Desktop\financial-poc\data\raw\pdf\贵州茅台2024年年度报告.pdf,,,,171,396,利润表,63,63,65,合并利润表
600519_SH_pdf_贵州茅台2024年年度报告_pdf_bf557ae6_chunk_172,pdf,pdf,"融资
产终止确认收益
汇兑收益(损失以“-”号填
列)
净敞口套期收益(损失以“-”
号填列)
贵州茅台酒股份有限公司2024 年年度报告
64 / 143
公允价值变动收益(损失以
“-”号填列)
49
60,980,724.35
3,151,962.50
信用减值损失(损失以“-”号
填列)
50
-23,248,436.03
37,871,293.26
资产减值损失(损失以“-”号
填列)
资产处置收益(损失以“-”号
填列)
51
388,852.05
-479,736.97
三、营业利润(亏损以“-”号填列)
119,688,579,453.23 103,708,655,208.38
加:营业外收入
52
70,936,575.97
86,779,655.95
减:营业外支出
53
120,937,834.74
132,881,174.52
四、利润总额(亏损总额以“-”号填
列)
119,638,578,194.46 103,662,553,689.81
减:所得税费用
54
30,303,850,168.56
26,141,077,412.01
五、净利润(净亏损以“-”",600519.SH,贵州茅台,2024-12-31,2024,年报,贵州茅台2024年报,贵州茅台2024年年度报告.pdf,C:\Users\Administrator\Desktop\financial-poc\data\raw\pdf\贵州茅台2024年年度报告.pdf,,,,172,396,利润表,63,63,65,合并利润表
600519_SH_pdf_贵州茅台2024年年度报告_pdf_bf557ae6_chunk_173,pdf,pdf,")
119,638,578,194.46 103,662,553,689.81
减:所得税费用
54
30,303,850,168.56
26,141,077,412.01
五、净利润(净亏损以“-”号填列)
89,334,728,025.90
77,521,476,277.80
(一)按经营持续性分类
1.持续经营净利润(净亏损以
“-”号填列)
89,334,728,025.90
77,521,476,277.80
2.终止经营净利润(净亏损以
“-”号填列)
(二)按所有权归属分类
1.归属于母公司股东的净利润(净
亏损以“-”号填列)
86,228,146,421.62
74,734,071,550.75
2.少数股东损益(净亏损以“-”
号填列)
3,106,581,604.28
2,787,404,727.05
六、其他综合收益的税后净额
55
-3,854,497.18
4,715,179.82
(一)归属母公司所有者的其他综合
收益的税后净额
-3,854,497.18
4,715,179.82
1.不能重分类进损益的其他综合
收益
(1)重新计量设定受益计划变动额
(",600519.SH,贵州茅台,2024-12-31,2024,年报,贵州茅台2024年报,贵州茅台2024年年度报告.pdf,C:\Users\Administrator\Desktop\financial-poc\data\raw\pdf\贵州茅台2024年年度报告.pdf,,,,173,396,利润表,63,63,65,合并利润表
600519_SH_pdf_贵州茅台2024年年度报告_pdf_bf557ae6_chunk_174,pdf,pdf,"715,179.82
(一)归属母公司所有者的其他综合
收益的税后净额
-3,854,497.18
4,715,179.82
1.不能重分类进损益的其他综合
收益
(1)重新计量设定受益计划变动额
(2)权益法下不能转损益的其他综
合收益
(3)其他权益工具投资公允价值变
动
(4)企业自身信用风险公允价值变
动
2.将重分类进损益的其他综合收
益
-3,854,497.18
4,715,179.82
(1)权益法下可转损益的其他综合
收益
(2)其他债权投资公允价值变动
(3)金融资产重分类计入其他综合
收益的金额
(4)其他债权投资信用减值准备
(5)现金流量套期储备
(6)外币财务报表折算差额
-3,854,497.18
4,715,179.82
(7)其他
贵州茅台酒股份有限公司2024 年年度报告
65 / 143
(二)归属于少数股东的其他综合收
益的税后净额
七、综合收益总额
89,330,873,528.72
77,526,191,457.62
(一)归属于母公司所有者的综合收
益总额
86,224,291,924.44
74,738,786,730.57
(二)归属于",600519.SH,贵州茅台,2024-12-31,2024,年报,贵州茅台2024年报,贵州茅台2024年年度报告.pdf,C:\Users\Administrator\Desktop\financial-poc\data\raw\pdf\贵州茅台2024年年度报告.pdf,,,,174,396,利润表,63,63,65,合并利润表
600519_SH_pdf_贵州茅台2024年年度报告_pdf_bf557ae6_chunk_175,pdf,pdf,"89,330,873,528.72
77,526,191,457.62
(一)归属于母公司所有者的综合收
益总额
86,224,291,924.44
74,738,786,730.57
(二)归属于少数股东的综合收益总
额
3,106,581,604.28
2,787,404,727.05
八、每股收益:
(一)基本每股收益(元/股)
68.64
59.49
(二)稀释每股收益(元/股)
68.64
59.49
公司负责人:张德芹 主管会计工作负责人:蒋焰 会计机构负责人:蔡聪应",600519.SH,贵州茅台,2024-12-31,2024,年报,贵州茅台2024年报,贵州茅台2024年年度报告.pdf,C:\Users\Administrator\Desktop\financial-poc\data\raw\pdf\贵州茅台2024年年度报告.pdf,,,,175,396,利润表,63,63,65,合并利润表
600519_SH_pdf_贵州茅台2024年年度报告_pdf_bf557ae6_chunk_176,pdf,pdf,"母公司利润表
2024 年1—12 月
单位:元 币种:人民币
项目
附注
2024 年度
2023 年度
一、营业收入
4
94,526,736,836.41 81,415,570,788.59
减:营业成本
4
14,298,436,245.72 12,072,158,914.05
税金及附加
25,613,805,416.04 21,084,932,938.46
销售费用
1,058,054,238.44
1,103,737,062.73
管理费用
8,427,791,578.73
8,986,759,635.56
研发费用
218,375,472.87
157,371,873.01
财务费用
-1,224,145,685.66 -1,466,635,084.72
其中:利息费用
5,976,280.20
6,516,690.60
利息收入
1,216,886,311.47
1,480,404,867.75
加:其他收益
15,785,523.73
16,495,748.00
投资收益(损失以“-”号填
列)
5
42,023,527,068.33 35,364,314,663.",600519.SH,贵州茅台,2024-12-31,2024,年报,贵州茅台2024年报,贵州茅台2024年年度报告.pdf,C:\Users\Administrator\Desktop\financial-poc\data\raw\pdf\贵州茅台2024年年度报告.pdf,,,,176,396,利润表,65,65,66,母公司利润表
600519_SH_pdf_贵州茅台2024年年度报告_pdf_bf557ae6_chunk_177,pdf,pdf,"0,404,867.75
加:其他收益
15,785,523.73
16,495,748.00
投资收益(损失以“-”号填
列)
5
42,023,527,068.33 35,364,314,663.45
其中:对联营企业和合营企业的
投资收益
以摊余成本计量的金融资
产终止确认收益
净敞口套期收益(损失以“-”
号填列)
公允价值变动收益(损失以
“-”号填列)
26,539,092.99
2,439,902.57
信用减值损失(损失以“-”号
填列)
-563,673.61
-65,274.04
资产减值损失(损失以“-”号
填列)
资产处置收益(损失以“-”号
填列)
83,002.04
-3,223,587.40
二、营业利润(亏损以“-”号填列)
88,199,790,583.75 74,857,206,902.08
加:营业外收入
68,500,621.72
73,556,271.04
减:营业外支出
119,949,815.67
128,519,882.50
三、利润总额(亏损总额以“-”号填
列)
88,148,341,389.80 74,802,243,290.62",600519.SH,贵州茅台,2024-12-31,2024,年报,贵州茅台2024年报,贵州茅台2024年年度报告.pdf,C:\Users\Administrator\Desktop\financial-poc\data\raw\pdf\贵州茅台2024年年度报告.pdf,,,,177,396,利润表,65,65,66,母公司利润表
600519_SH_pdf_贵州茅台2024年年度报告_pdf_bf557ae6_chunk_178,pdf,pdf,"1.04
减:营业外支出
119,949,815.67
128,519,882.50
三、利润总额(亏损总额以“-”号填
列)
88,148,341,389.80 74,802,243,290.62
贵州茅台酒股份有限公司2024 年年度报告
66 / 143
减:所得税费用
11,778,037,547.21 10,015,846,339.04
四、净利润(净亏损以“-”号填列)
76,370,303,842.59 64,786,396,951.58
(一)持续经营净利润(净亏损以
“-”号填列)
76,370,303,842.59 64,786,396,951.58
(二)终止经营净利润(净亏损以
“-”号填列)
五、其他综合收益的税后净额
(一)不能重分类进损益的其他综合
收益
1.重新计量设定受益计划变动额
2.权益法下不能转损益的其他综合
收益
3.其他权益工具投资公允价值变动
4.企业自身信用风险公允价值变动
(二)将重分类进损益的其他综合收
益
1.权益法下可转损益的其他综合收
益
2.其他债权投资公允价值变动
3.金融资产重分类计入其他综合收
益的金额
4.其他债权投资",600519.SH,贵州茅台,2024-12-31,2024,年报,贵州茅台2024年报,贵州茅台2024年年度报告.pdf,C:\Users\Administrator\Desktop\financial-poc\data\raw\pdf\贵州茅台2024年年度报告.pdf,,,,178,396,利润表,65,65,66,母公司利润表
600519_SH_pdf_贵州茅台2024年年度报告_pdf_bf557ae6_chunk_179,pdf,pdf,"4.企业自身信用风险公允价值变动
(二)将重分类进损益的其他综合收
益
1.权益法下可转损益的其他综合收
益
2.其他债权投资公允价值变动
3.金融资产重分类计入其他综合收
益的金额
4.其他债权投资信用减值准备
5.现金流量套期储备
6.外币财务报表折算差额
7.其他
六、综合收益总额
76,370,303,842.59 64,786,396,951.58
七、每股收益:
(一)基本每股收益(元/股)
60.79
51.57
(二)稀释每股收益(元/股)
60.79
51.57
公司负责人:张德芹 主管会计工作负责人:蒋焰 会计机构负责人:蔡聪应",600519.SH,贵州茅台,2024-12-31,2024,年报,贵州茅台2024年报,贵州茅台2024年年度报告.pdf,C:\Users\Administrator\Desktop\financial-poc\data\raw\pdf\贵州茅台2024年年度报告.pdf,,,,179,396,利润表,65,65,66,母公司利润表
600519_SH_pdf_贵州茅台2024年年度报告_pdf_bf557ae6_chunk_180,pdf,pdf,"合并现金流量表
2024 年1—12 月
单位:元 币种:人民币
项目
附注
2024年度
2023年度
一、经营活动产生的现金流量:
销售商品、提供劳务收到的现金
182,645,203,339.89 163,699,909,417.62
客户存款和同业存放款项净增加额
11,060,205,782.10
-810,223,002.76
向中央银行借款净增加额
向其他金融机构拆入资金净增加额
收到原保险合同保费取得的现金
收到再保业务现金净额
保户储金及投资款净增加额
收取利息、手续费及佣金的现金
3,122,827,833.43
3,018,786,023.42
拆入资金净增加额
回购业务资金净增加额
代理买卖证券收到的现金净额
贵州茅台酒股份有限公司2024 年年度报告
67 / 143
收到的税费返还
1,500,047.04
收到其他与经营活动有关的现金
56(1)
3,258,097,705.14
2,346,196,470.63
经营活动现金流入小计
200,086,334,660.56 168,256,168,955.95
购买商品、接受劳务支付的现金
10,824,8",600519.SH,贵州茅台,2024-12-31,2024,年报,贵州茅台2024年报,贵州茅台2024年年度报告.pdf,C:\Users\Administrator\Desktop\financial-poc\data\raw\pdf\贵州茅台2024年年度报告.pdf,,,,180,396,现金流量表,66,66,68,合并现金流量表
600519_SH_pdf_贵州茅台2024年年度报告_pdf_bf557ae6_chunk_181,pdf,pdf,"097,705.14
2,346,196,470.63
经营活动现金流入小计
200,086,334,660.56 168,256,168,955.95
购买商品、接受劳务支付的现金
10,824,874,163.03
11,029,476,036.21
客户贷款及垫款净增加额
262,376,929.65
-2,051,930,316.19
存放中央银行和同业款项净增加额
-4,585,245,646.29
1,570,003,429.01
支付原保险合同赔付款项的现金
拆出资金净增加额
-400,000,000.00
2,500,000,000.00
支付利息、手续费及佣金的现金
97,061,751.28
142,896,151.21
支付保单红利的现金
支付给职工及为职工支付的现金
15,352,541,000.17
13,845,293,907.26
支付的各项税费
77,055,621,533.11
66,683,472,509.22
支付其他与经营活动有关的现金
56(1)
9,015,412,761.18
7,943,709,518.14
经营活动现金流出小计
107,",600519.SH,贵州茅台,2024-12-31,2024,年报,贵州茅台2024年报,贵州茅台2024年年度报告.pdf,C:\Users\Administrator\Desktop\financial-poc\data\raw\pdf\贵州茅台2024年年度报告.pdf,,,,181,396,现金流量表,66,66,68,合并现金流量表
600519_SH_pdf_贵州茅台2024年年度报告_pdf_bf557ae6_chunk_182,pdf,pdf,",621,533.11
66,683,472,509.22
支付其他与经营活动有关的现金
56(1)
9,015,412,761.18
7,943,709,518.14
经营活动现金流出小计
107,622,642,492.13 101,662,921,234.86
经营活动产生的现金流量净额
92,463,692,168.43
66,593,247,721.09
二、投资活动产生的现金流量:
收回投资收到的现金
56(2)
8,550,000,000.00
7,549,947,301.15
取得投资收益收到的现金
92,382,151.66
140,715,000.00
处置固定资产、无形资产和其他长期
资产收回的现金净额
715,708.44
24,948,352.95
处置子公司及其他营业单位收到的现
金净额
收到其他与投资活动有关的现金
56(2)
5,532,536.42
4,605,886.63
投资活动现金流入小计
8,648,630,396.52
7,720,216,540.73
购建固定资产、无形资产和其他长期
资产支付的现金
4,678,712,053.56
2,6",600519.SH,贵州茅台,2024-12-31,2024,年报,贵州茅台2024年报,贵州茅台2024年年度报告.pdf,C:\Users\Administrator\Desktop\financial-poc\data\raw\pdf\贵州茅台2024年年度报告.pdf,,,,182,396,现金流量表,66,66,68,合并现金流量表
600519_SH_pdf_贵州茅台2024年年度报告_pdf_bf557ae6_chunk_183,pdf,pdf,"05,886.63
投资活动现金流入小计
8,648,630,396.52
7,720,216,540.73
购建固定资产、无形资产和其他长期
资产支付的现金
4,678,712,053.56
2,619,755,888.79
投资支付的现金
56(2)
5,745,136,000.00
14,817,852,800.00
质押贷款净增加额
取得子公司及其他营业单位支付的现
金净额
支付其他与投资活动有关的现金
56(2)
9,984,973.67
7,021,867.10
投资活动现金流出小计
10,433,833,027.23
17,444,630,555.89
投资活动产生的现金流量净额
-1,785,202,630.71
-9,724,414,015.16
三、筹资活动产生的现金流量:
吸收投资收到的现金
其中:子公司吸收少数股东投资收到
的现金
取得借款收到的现金
收到其他与筹资活动有关的现金
筹资活动现金流入小计
偿还债务支付的现金
分配股利、利润或偿付利息支付的现
金
70,951,027,702.94
58,754,786,730.01
其中:子公司支付给少数股东的股",600519.SH,贵州茅台,2024-12-31,2024,年报,贵州茅台2024年报,贵州茅台2024年年度报告.pdf,C:\Users\Administrator\Desktop\financial-poc\data\raw\pdf\贵州茅台2024年年度报告.pdf,,,,183,396,现金流量表,66,66,68,合并现金流量表
600519_SH_pdf_贵州茅台2024年年度报告_pdf_bf557ae6_chunk_184,pdf,pdf,"活动有关的现金
筹资活动现金流入小计
偿还债务支付的现金
分配股利、利润或偿付利息支付的现
金
70,951,027,702.94
58,754,786,730.01
其中:子公司支付给少数股东的股
利、利润
2,164,148,570.54
2,204,530,367.41
支付其他与筹资活动有关的现金
56(3)
116,478,781.87
134,315,261.93
筹资活动现金流出小计
71,067,506,484.81
58,889,101,991.94
筹资活动产生的现金流量净额
-71,067,506,484.81 -58,889,101,991.94
贵州茅台酒股份有限公司2024 年年度报告
68 / 143
四、汇率变动对现金及现金等价物的影
响
-1,082,747.55
1,718,255.65
五、现金及现金等价物净增加额
19,609,900,305.36
-2,018,550,030.36
加:期初现金及现金等价物余额
150,360,188,952.47 152,378,738,982.83
六、期末现金及现金等价物余额
169,970,089,25",600519.SH,贵州茅台,2024-12-31,2024,年报,贵州茅台2024年报,贵州茅台2024年年度报告.pdf,C:\Users\Administrator\Desktop\financial-poc\data\raw\pdf\贵州茅台2024年年度报告.pdf,,,,184,396,现金流量表,66,66,68,合并现金流量表
600519_SH_pdf_贵州茅台2024年年度报告_pdf_bf557ae6_chunk_185,pdf,pdf,"-2,018,550,030.36
加:期初现金及现金等价物余额
150,360,188,952.47 152,378,738,982.83
六、期末现金及现金等价物余额
169,970,089,257.83 150,360,188,952.47
公司负责人:张德芹 主管会计工作负责人:蒋焰 会计机构负责人:蔡聪应",600519.SH,贵州茅台,2024-12-31,2024,年报,贵州茅台2024年报,贵州茅台2024年年度报告.pdf,C:\Users\Administrator\Desktop\financial-poc\data\raw\pdf\贵州茅台2024年年度报告.pdf,,,,185,396,现金流量表,66,66,68,合并现金流量表
600519_SH_pdf_贵州茅台2024年年度报告_pdf_bf557ae6_chunk_186,pdf,pdf,"母公司现金流量表
2024 年1—12 月
单位:元 币种:人民币
项目
附注
2024年度
2023年度
一、经营活动产生的现金流量:
销售商品、提供劳务收到的现金
111,538,681,686.42
94,747,549,529.72
收到的税费返还
收到其他与经营活动有关的现金
2,431,345,218.78
2,257,446,106.71
经营活动现金流入小计
113,970,026,905.20
97,004,995,636.43
购买商品、接受劳务支付的现金
10,717,006,325.62
11,054,477,987.64
支付给职工及为职工支付的现金
14,510,476,588.58
13,029,936,131.14
支付的各项税费
47,090,165,083.33
39,639,038,426.44
支付其他与经营活动有关的现金
4,825,785,638.97
4,384,891,703.90
经营活动现金流出小计
77,143,433,636.50
68,108,344,249.12
经营活动产生的现金流量净额
36,826,593,268.70",600519.SH,贵州茅台,2024-12-31,2024,年报,贵州茅台2024年报,贵州茅台2024年年度报告.pdf,C:\Users\Administrator\Desktop\financial-poc\data\raw\pdf\贵州茅台2024年年度报告.pdf,,,,186,396,现金流量表,68,68,76,母公司现金流量表
600519_SH_pdf_贵州茅台2024年年度报告_pdf_bf557ae6_chunk_187,pdf,pdf,".97
4,384,891,703.90
经营活动现金流出小计
77,143,433,636.50
68,108,344,249.12
经营活动产生的现金流量净额
36,826,593,268.70
28,896,651,387.31
二、投资活动产生的现金流量:
收回投资收到的现金
2,014,000,000.00
取得投资收益收到的现金
42,023,527,068.33
35,474,191,055.51
处置固定资产、无形资产和其他长期
资产收回的现金净额
698,117.00
16,093,650.00
处置子公司及其他营业单位收到的现
金净额
收到其他与投资活动有关的现金
5,532,536.42
4,605,886.63
投资活动现金流入小计
42,029,757,721.75
37,508,890,592.14
购建固定资产、无形资产和其他长期
资产支付的现金
4,660,307,532.89
2,589,885,182.75
投资支付的现金
4,000,000,000.00
取得子公司及其他营业单位支付的现
金净额
支付其他与投资活动有关的现金
9,984,973.6",600519.SH,贵州茅台,2024-12-31,2024,年报,贵州茅台2024年报,贵州茅台2024年年度报告.pdf,C:\Users\Administrator\Desktop\financial-poc\data\raw\pdf\贵州茅台2024年年度报告.pdf,,,,187,396,现金流量表,68,68,76,母公司现金流量表
600519_SH_pdf_贵州茅台2024年年度报告_pdf_bf557ae6_chunk_188,pdf,pdf,"307,532.89
2,589,885,182.75
投资支付的现金
4,000,000,000.00
取得子公司及其他营业单位支付的现
金净额
支付其他与投资活动有关的现金
9,984,973.67
7,021,867.10
投资活动现金流出小计
4,670,292,506.56
6,596,907,049.85
投资活动产生的现金流量净额
37,359,465,215.19
30,911,983,542.29
三、筹资活动产生的现金流量:
吸收投资收到的现金
取得借款收到的现金
收到其他与筹资活动有关的现金
筹资活动现金流入小计
偿还债务支付的现金
分配股利、利润或偿付利息支付的现
金
68,786,879,132.40
56,550,256,362.60
支付其他与筹资活动有关的现金
29,955,836.02
71,050,469.50
贵州茅台酒股份有限公司2024 年年度报告
69 / 143
筹资活动现金流出小计
68,816,834,968.42
56,621,306,832.10
筹资活动产生的现金流量净额
-68,816,834,968.42 -56,621,30",600519.SH,贵州茅台,2024-12-31,2024,年报,贵州茅台2024年报,贵州茅台2024年年度报告.pdf,C:\Users\Administrator\Desktop\financial-poc\data\raw\pdf\贵州茅台2024年年度报告.pdf,,,,188,396,现金流量表,68,68,76,母公司现金流量表
600519_SH_pdf_贵州茅台2024年年度报告_pdf_bf557ae6_chunk_189,pdf,pdf,"69 / 143
筹资活动现金流出小计
68,816,834,968.42
56,621,306,832.10
筹资活动产生的现金流量净额
-68,816,834,968.42 -56,621,306,832.10
四、汇率变动对现金及现金等价物的影
响
五、现金及现金等价物净增加额
5,369,223,515.47
3,187,328,097.50
加:期初现金及现金等价物余额
71,147,917,165.03
67,960,589,067.53
六、期末现金及现金等价物余额
76,517,140,680.50
71,147,917,165.03
公司负责人:张德芹 主管会计工作负责人:蒋焰 会计机构负责人:蔡聪应
贵州茅台酒股份有限公司2024 年年度报告
70 / 143
合并所有者权益变动表
2024 年1—12 月
单位:元 币种:人民币
项目
2024 年度
归属于母公司所有者权益
少数股东权益
所有者权益合计
实收资本(或股本)
其他权益工具
资本公积
减:
库存
股
其他综合收益
专
项
储
备
盈余公积
一般风险准备
未分配利润
其
他
小计
优
先
股
永
续",600519.SH,贵州茅台,2024-12-31,2024,年报,贵州茅台2024年报,贵州茅台2024年年度报告.pdf,C:\Users\Administrator\Desktop\financial-poc\data\raw\pdf\贵州茅台2024年年度报告.pdf,,,,189,396,现金流量表,68,68,76,母公司现金流量表
600519_SH_pdf_贵州茅台2024年年度报告_pdf_bf557ae6_chunk_190,pdf,pdf,"有者权益
少数股东权益
所有者权益合计
实收资本(或股本)
其他权益工具
资本公积
减:
库存
股
其他综合收益
专
项
储
备
盈余公积
一般风险准备
未分配利润
其
他
小计
优
先
股
永
续
债
其
他
一、上年年末余额
1,256,197,800.00
1,374,964,415.72
-6,061,727.51
38,998,763,095.13
1,061,529,724.00
172,983,178,300.09
215,668,571,607.43
7,987,897,687.39
223,656,469,294.82
加:会计政策变更
前期差错更正
其他
二、本年期初余额
1,256,197,800.00
1,374,964,415.72
-6,061,727.51
38,998,763,095.13
1,061,529,724.00
172,983,178,300.09
215,668,571,607.43
7,987,897,687.39
223,656,469,294.82
三、本期增减变动金额
(减少以“-”号填
列)
-3,854,497.18
7,637",600519.SH,贵州茅台,2024-12-31,2024,年报,贵州茅台2024年报,贵州茅台2024年年度报告.pdf,C:\Users\Administrator\Desktop\financial-poc\data\raw\pdf\贵州茅台2024年年度报告.pdf,,,,190,396,现金流量表,68,68,76,母公司现金流量表
600519_SH_pdf_贵州茅台2024年年度报告_pdf_bf557ae6_chunk_191,pdf,pdf,"9
215,668,571,607.43
7,987,897,687.39
223,656,469,294.82
三、本期增减变动金额
(减少以“-”号填
列)
-3,854,497.18
7,637,030,384.26
9,804,236,904.96
17,437,412,792.04
917,433,033.74
18,354,845,825.78
(一)综合收益总额
-3,854,497.18
86,228,146,421.62
86,224,291,924.44
3,106,581,604.28
89,330,873,528.72
(二)所有者投入和减
少资本
1.所有者投入的普通股
2.其他权益工具持有者
投入资本
3.股份支付计入所有者
权益的金额
4.其他
(三)利润分配
7,637,030,384.26
-76,423,909,516.66
-68,786,879,132.40
-2,189,148,570.54
-70,976,027,702.94
1.提取盈余公积
7,637,030,384.26
-7,637,030,384.26
2.提取一般风险准备
3.对",600519.SH,贵州茅台,2024-12-31,2024,年报,贵州茅台2024年报,贵州茅台2024年年度报告.pdf,C:\Users\Administrator\Desktop\financial-poc\data\raw\pdf\贵州茅台2024年年度报告.pdf,,,,191,396,现金流量表,68,68,76,母公司现金流量表
600519_SH_pdf_贵州茅台2024年年度报告_pdf_bf557ae6_chunk_192,pdf,pdf,"2.40
-2,189,148,570.54
-70,976,027,702.94
1.提取盈余公积
7,637,030,384.26
-7,637,030,384.26
2.提取一般风险准备
3.对所有者(或股东)
的分配
-68,786,879,132.40
-68,786,879,132.40
-2,189,148,570.54
-70,976,027,702.94
4.其他
(四)所有者权益内部
结转
1.资本公积转增资本
(或股本)
2.盈余公积转增资本
(或股本)
3.盈余公积弥补亏损
贵州茅台酒股份有限公司2024 年年度报告
71 / 143
4.设定受益计划变动额
结转留存收益
5.其他综合收益结转留
存收益
6.其他
(五)专项储备
1.本期提取
2.本期使用
(六)其他
四、本期期末余额
1,256,197,800.00
1,374,964,415.72
-9,916,224.69
46,635,793,479.39
1,061,529,724.00
182,787,415,205.05
233,105,984,399.47
8,905,330,721.13
24",600519.SH,贵州茅台,2024-12-31,2024,年报,贵州茅台2024年报,贵州茅台2024年年度报告.pdf,C:\Users\Administrator\Desktop\financial-poc\data\raw\pdf\贵州茅台2024年年度报告.pdf,,,,192,396,现金流量表,68,68,76,母公司现金流量表
600519_SH_pdf_贵州茅台2024年年度报告_pdf_bf557ae6_chunk_193,pdf,pdf,",224.69
46,635,793,479.39
1,061,529,724.00
182,787,415,205.05
233,105,984,399.47
8,905,330,721.13
242,011,315,120.60
项目
2023 年度
归属于母公司所有者权益
少数股东权益
所有者权益合计
实收资本 (或股
本)
其他权益工
具
资本公积
减
:
库
存
股
其他综合收益
专
项
储
备
盈余公积
一般风险准备
未分配利润
其
他
小计
优
先
股
永
续
债
其
他
一、上年年末余额
1,256,197,800.00
1,374,964,415.72
-10,776,907.33
32,522,779,178.88
1,061,529,724.00
161,301,978,184.73
197,506,672,396.00
7,458,015,858.08
204,964,688,254.08
加:会计政策变更
-2,655,778.91
-23,975,377.63
-26,631,156.54
24,166.32
-26,606,990.22
前期差错更正
其他",600519.SH,贵州茅台,2024-12-31,2024,年报,贵州茅台2024年报,贵州茅台2024年年度报告.pdf,C:\Users\Administrator\Desktop\financial-poc\data\raw\pdf\贵州茅台2024年年度报告.pdf,,,,193,396,现金流量表,68,68,76,母公司现金流量表
600519_SH_pdf_贵州茅台2024年年度报告_pdf_bf557ae6_chunk_194,pdf,pdf,"4,688,254.08
加:会计政策变更
-2,655,778.91
-23,975,377.63
-26,631,156.54
24,166.32
-26,606,990.22
前期差错更正
其他
二、本年期初余额
1,256,197,800.00
1,374,964,415.72
-10,776,907.33
32,520,123,399.97
1,061,529,724.00
161,278,002,807.10
197,480,041,239.46
7,458,040,024.40
204,938,081,263.86
三、本期增减变动金额
(减少以“-”号填
列)
4,715,179.82
6,478,639,695.16
11,705,175,492.99
18,188,530,367.97
529,857,662.99
18,718,388,030.96
(一)综合收益总额
4,715,179.82
74,734,071,550.75
74,738,786,730.57
2,787,404,727.05
77,526,191,457.62
(二)所有者投入和减
少资本",600519.SH,贵州茅台,2024-12-31,2024,年报,贵州茅台2024年报,贵州茅台2024年年度报告.pdf,C:\Users\Administrator\Desktop\financial-poc\data\raw\pdf\贵州茅台2024年年度报告.pdf,,,,194,396,现金流量表,68,68,76,母公司现金流量表
600519_SH_pdf_贵州茅台2024年年度报告_pdf_bf557ae6_chunk_195,pdf,pdf,"4,715,179.82
74,734,071,550.75
74,738,786,730.57
2,787,404,727.05
77,526,191,457.62
(二)所有者投入和减
少资本
-6,000,000.00
-6,000,000.00
1.所有者投入的普通股
2.其他权益工具持有者
投入资本
3.股份支付计入所有者
权益的金额
4.其他
-6,000,000.00
-6,000,000.00
(三)利润分配
6,478,639,695.16
-63,028,896,057.76
-56,550,256,362.60
-2,251,547,064.06
-58,801,803,426.66
1.提取盈余公积
6,478,639,695.16
-6,478,639,695.16
2.提取一般风险准备
3.对所有者(或股东)
的分配
-56,550,256,362.60
-56,550,256,362.60
-2,251,547,064.06
-58,801,803,426.66
4.其他
(四)所有者权益内部
结转
1.资本公积转增资本
(或股本)
2.盈余公积转增资本",600519.SH,贵州茅台,2024-12-31,2024,年报,贵州茅台2024年报,贵州茅台2024年年度报告.pdf,C:\Users\Administrator\Desktop\financial-poc\data\raw\pdf\贵州茅台2024年年度报告.pdf,,,,195,396,现金流量表,68,68,76,母公司现金流量表
600519_SH_pdf_贵州茅台2024年年度报告_pdf_bf557ae6_chunk_196,pdf,pdf,"6,550,256,362.60
-2,251,547,064.06
-58,801,803,426.66
4.其他
(四)所有者权益内部
结转
1.资本公积转增资本
(或股本)
2.盈余公积转增资本
(或股本)
贵州茅台酒股份有限公司2024 年年度报告
72 / 143
3.盈余公积弥补亏损
4.设定受益计划变动额
结转留存收益
5.其他综合收益结转留
存收益
6.其他
(五)专项储备
1.本期提取
2.本期使用
(六)其他
四、本期期末余额
1,256,197,800.00
1,374,964,415.72
-6,061,727.51
38,998,763,095.13
1,061,529,724.00
172,983,178,300.09
215,668,571,607.43
7,987,897,687.39
223,656,469,294.82
公司负责人:张德芹 主管会计工作负责人:蒋焰 会计机构负责人:蔡聪应
母公司所有者权益变动表
2024 年1—12 月
单位:元 币种:人民币
项目
2024 年度
实收资本 (或股本)
其他权益工具
资本公积
减:库
存股
其他综合",600519.SH,贵州茅台,2024-12-31,2024,年报,贵州茅台2024年报,贵州茅台2024年年度报告.pdf,C:\Users\Administrator\Desktop\financial-poc\data\raw\pdf\贵州茅台2024年年度报告.pdf,,,,196,396,现金流量表,68,68,76,母公司现金流量表
600519_SH_pdf_贵州茅台2024年年度报告_pdf_bf557ae6_chunk_197,pdf,pdf,"责人:蒋焰 会计机构负责人:蔡聪应
母公司所有者权益变动表
2024 年1—12 月
单位:元 币种:人民币
项目
2024 年度
实收资本 (或股本)
其他权益工具
资本公积
减:库
存股
其他综合
收益
专项储备
盈余公积
未分配利润
所有者权益合计
优
先
股
永
续
债
其
他
一、上年年末余额
1,256,197,800.00
1,374,303,082.72
38,998,763,095.13
115,273,593,649.88
156,902,857,627.73
加:会计政策变更
前期差错更正
其他
二、本年期初余额
1,256,197,800.00
1,374,303,082.72
38,998,763,095.13
115,273,593,649.88
156,902,857,627.73
三、本期增减变动金额(减少以“-”
号填列)
7,637,030,384.26
-53,605,674.07
7,583,424,710.19
(一)综合收益总额
76,370,303,842.59
76,370,303,842.59
(二)所有者投入和减少资本
1.所有者投入",600519.SH,贵州茅台,2024-12-31,2024,年报,贵州茅台2024年报,贵州茅台2024年年度报告.pdf,C:\Users\Administrator\Desktop\financial-poc\data\raw\pdf\贵州茅台2024年年度报告.pdf,,,,197,396,现金流量表,68,68,76,母公司现金流量表
600519_SH_pdf_贵州茅台2024年年度报告_pdf_bf557ae6_chunk_198,pdf,pdf,"-53,605,674.07
7,583,424,710.19
(一)综合收益总额
76,370,303,842.59
76,370,303,842.59
(二)所有者投入和减少资本
1.所有者投入的普通股
2.其他权益工具持有者投入资本
3.股份支付计入所有者权益的金额
4.其他
(三)利润分配
7,637,030,384.26
-76,423,909,516.66
-68,786,879,132.40
1.提取盈余公积
7,637,030,384.26
-7,637,030,384.26
2.对所有者(或股东)的分配
-68,786,879,132.40
-68,786,879,132.40
3.其他
(四)所有者权益内部结转
1.资本公积转增资本(或股本)
2.盈余公积转增资本(或股本)
3.盈余公积弥补亏损
4.设定受益计划变动额结转留存收益
5.其他综合收益结转留存收益
6.其他
(五)专项储备
贵州茅台酒股份有限公司2024 年年度报告
73 / 143
1.本期提取
2.本期使用
(六)其他
四、本期期末余额
1,256,197,800.00
1,374,303,082",600519.SH,贵州茅台,2024-12-31,2024,年报,贵州茅台2024年报,贵州茅台2024年年度报告.pdf,C:\Users\Administrator\Desktop\financial-poc\data\raw\pdf\贵州茅台2024年年度报告.pdf,,,,198,396,现金流量表,68,68,76,母公司现金流量表
600519_SH_pdf_贵州茅台2024年年度报告_pdf_bf557ae6_chunk_199,pdf,pdf,"他
(五)专项储备
贵州茅台酒股份有限公司2024 年年度报告
73 / 143
1.本期提取
2.本期使用
(六)其他
四、本期期末余额
1,256,197,800.00
1,374,303,082.72
46,635,793,479.39
115,219,987,975.81
164,486,282,337.92
项目
2023 年度
实收资本 (或股
本)
其他权益工具
资本公积
减:库
存股
其他综合收
益
专项储
备
盈余公积
未分配利润
所有者权益合计
优
先
股
永
续
债
其
他
一、上年年末余额
1,256,197,800.00
1,374,303,082.72
32,522,779,178.88
113,539,994,766.29
148,693,274,827.89
加:会计政策变更
-2,655,778.91
-23,902,010.23
-26,557,789.14
前期差错更正
其他
二、本年期初余额
1,256,197,800.00
1,374,303,082.72
32,520,123,399.97
113,516,092,756.06
148,666",600519.SH,贵州茅台,2024-12-31,2024,年报,贵州茅台2024年报,贵州茅台2024年年度报告.pdf,C:\Users\Administrator\Desktop\financial-poc\data\raw\pdf\贵州茅台2024年年度报告.pdf,,,,199,396,现金流量表,68,68,76,母公司现金流量表
600519_SH_pdf_贵州茅台2024年年度报告_pdf_bf557ae6_chunk_200,pdf,pdf,"14
前期差错更正
其他
二、本年期初余额
1,256,197,800.00
1,374,303,082.72
32,520,123,399.97
113,516,092,756.06
148,666,717,038.75
三、本期增减变动金额(减少以
“-”号填列)
6,478,639,695.16
1,757,500,893.82
8,236,140,588.98
(一)综合收益总额
64,786,396,951.58
64,786,396,951.58
(二)所有者投入和减少资本
1.所有者投入的普通股
2.其他权益工具持有者投入资本
3.股份支付计入所有者权益的金额
4.其他
(三)利润分配
6,478,639,695.16
-63,028,896,057.76
-56,550,256,362.60
1.提取盈余公积
6,478,639,695.16
-6,478,639,695.16
2.对所有者(或股东)的分配
-56,550,256,362.60
-56,550,256,362.60
3.其他
(四)所有者权益内部结转
1.资本公积转增资本(或股本)
2.盈余公积转增资本",600519.SH,贵州茅台,2024-12-31,2024,年报,贵州茅台2024年报,贵州茅台2024年年度报告.pdf,C:\Users\Administrator\Desktop\financial-poc\data\raw\pdf\贵州茅台2024年年度报告.pdf,,,,200,396,现金流量表,68,68,76,母公司现金流量表
600519_SH_pdf_贵州茅台2024年年度报告_pdf_bf557ae6_chunk_201,pdf,pdf,"16
2.对所有者(或股东)的分配
-56,550,256,362.60
-56,550,256,362.60
3.其他
(四)所有者权益内部结转
1.资本公积转增资本(或股本)
2.盈余公积转增资本(或股本)
3.盈余公积弥补亏损
4.设定受益计划变动额结转留存收益
5.其他综合收益结转留存收益
6.其他
(五)专项储备
1.本期提取
2.本期使用
(六)其他
四、本期期末余额
1,256,197,800.00
1,374,303,082.72
38,998,763,095.13
115,273,593,649.88
156,902,857,627.73
公司负责人:张德芹 主管会计工作负责人:蒋焰 会计机构负责人:蔡聪应
贵州茅台酒股份有限公司2024 年年度报告
74 / 143
三、 公司基本情况
1、 公司概况
√适用 □不适用
贵州茅台酒股份有限公司是根据贵州省人民政府黔府函〔1999〕291 号文《关于同意设立贵
州茅台酒股份有限公司的批复》,成立于1999 年11 月20 日,成立时注册资本为人民币18,500
万元。公司控股股东为中国贵州茅台酒厂(集团)有限责任公司,",600519.SH,贵州茅台,2024-12-31,2024,年报,贵州茅台2024年报,贵州茅台2024年年度报告.pdf,C:\Users\Administrator\Desktop\financial-poc\data\raw\pdf\贵州茅台2024年年度报告.pdf,,,,201,396,现金流量表,68,68,76,母公司现金流量表
600519_SH_pdf_贵州茅台2024年年度报告_pdf_bf557ae6_chunk_202,pdf,pdf,"1999〕291 号文《关于同意设立贵
州茅台酒股份有限公司的批复》,成立于1999 年11 月20 日,成立时注册资本为人民币18,500
万元。公司控股股东为中国贵州茅台酒厂(集团)有限责任公司,最终控制方为贵州省人民政府
国有资产监督管理委员会。经中国证监会证监发行字〔2001〕41 号文核准并按照财政部企〔2001〕
56 号文件的批复,公司于2001 年7 月31 日在上海证券交易所公开发行A 股股票。截至2024 年
12 月31 日,公司总股本为125,619.78 万股。
本公司及所属子公司经营业务:茅台酒及系列酒的生产与销售;饮料、食品、包装材料的生
产、销售;防伪技术开发、信息产业相关产品的研制、开发;酒店经营管理、住宿、餐饮、娱乐、
洗浴及停车场管理服务;车辆运输(不含危险化学品)、维修保养;第二类增值电信业务。
本报告期纳入合并范围的子公司详见本节十、在其他主体中的权益。
四、 财务报表的编制基础
1、 编制基础
本公司财务报表以持续经营为编制基础。
2、 持续经营
√适用 □不适用
本公司自本报告期末至少12 个月内不存在影响持续经营能力的重大事项。
五、 重",600519.SH,贵州茅台,2024-12-31,2024,年报,贵州茅台2024年报,贵州茅台2024年年度报告.pdf,C:\Users\Administrator\Desktop\financial-poc\data\raw\pdf\贵州茅台2024年年度报告.pdf,,,,202,396,现金流量表,68,68,76,母公司现金流量表
600519_SH_pdf_贵州茅台2024年年度报告_pdf_bf557ae6_chunk_203,pdf,pdf,"权益。
四、 财务报表的编制基础
1、 编制基础
本公司财务报表以持续经营为编制基础。
2、 持续经营
√适用 □不适用
本公司自本报告期末至少12 个月内不存在影响持续经营能力的重大事项。
五、 重要会计政策及会计估计
具体会计政策和会计估计提示:
√适用 □不适用
1、 遵循企业会计准则的声明
本公司所编制的财务报表符合企业会计准则的要求,真实、完整地反映了公司的财务状况、
经营成果、股东权益变动和现金流量等有关信息。
2、 会计期间
本公司会计年度自公历1 月1 日起至12 月31 日止。
3、 营业周期
√适用 □不适用
本公司以12 个月作为一个营业周期。
4、 记账本位币
本公司及境内子公司采用人民币为记账本位币,境外子公司贵州茅台酒巴黎贸易有限公司从
事境外经营,选择其经营所处的主要经济环境中的货币(欧元)为记账本位币。
贵州茅台酒股份有限公司2024 年年度报告
75 / 143
5、 重要性标准确定方法和选择依据
√适用 □不适用
项目
重要性标准
重要的单项计提坏账准备的应收款项
单项计提金额占各类应收款项坏账准备总额的10%以
上且金额大于5 千万元
重要应收款项",600519.SH,贵州茅台,2024-12-31,2024,年报,贵州茅台2024年报,贵州茅台2024年年度报告.pdf,C:\Users\Administrator\Desktop\financial-poc\data\raw\pdf\贵州茅台2024年年度报告.pdf,,,,203,396,现金流量表,68,68,76,母公司现金流量表
600519_SH_pdf_贵州茅台2024年年度报告_pdf_bf557ae6_chunk_204,pdf,pdf,"143
5、 重要性标准确定方法和选择依据
√适用 □不适用
项目
重要性标准
重要的单项计提坏账准备的应收款项
单项计提金额占各类应收款项坏账准备总额的10%以
上且金额大于5 千万元
重要应收款项坏账准备收回或转回
单项收回或转回金额占各类应收款项总额的10%以上
且金额大于5 千万元
重要的应收款项核销
单项核销金额占各类应收款项坏账准备总额的10%以
上且金额大于5 千万元
重要的在建工程项目
单项在建工程投资预算额超10 亿元
重要的资本化研发项目
单项预算占现有在研项目预算总额超过10%,且本期资
本化金额5 千万元以上
重要的金融工具投资项目
单项投资活动现金流占投资活动现金流入或流出总额
的比例超过10%且金额超过10 亿元
重要的应付账款、其他应付款
单项账龄超过1 年的应付账款/其他应付款占应付账款
/其他应付款总额的10%以上且金额大于1 亿元
重要的非全资子公司
少数股东持有5%(含)以上股权,且资产总额、净资
产、营业收入和净利润占合并报表相应项目10%以上
6、 同一控制下和非同一控制下企业合并的会计处理方法
√适用 □不适用
(1)同一控制下的企业合并
对",600519.SH,贵州茅台,2024-12-31,2024,年报,贵州茅台2024年报,贵州茅台2024年年度报告.pdf,C:\Users\Administrator\Desktop\financial-poc\data\raw\pdf\贵州茅台2024年年度报告.pdf,,,,204,396,现金流量表,68,68,76,母公司现金流量表
600519_SH_pdf_贵州茅台2024年年度报告_pdf_bf557ae6_chunk_205,pdf,pdf,"数股东持有5%(含)以上股权,且资产总额、净资
产、营业收入和净利润占合并报表相应项目10%以上
6、 同一控制下和非同一控制下企业合并的会计处理方法
√适用 □不适用
(1)同一控制下的企业合并
对于同一控制下的企业合并,合并方在企业合并中取得的资产和负债,按照合并日在被合并
方的账面价值计量。合并方取得的净资产账面价值与支付的合并对价账面价值(或发行股份面值
总额)的差额,调整资本公积;资本公积不足冲减的,调整留存收益。
(2)非同一控制下的企业合并
对于非同一控制下的企业合并,合并成本为购买方在购买日为取得对被购买方的控制权而付
出的资产、发生或承担的负债以及发行的权益性证券的公允价值。通过多次交换交易分步实现的
非同一控制下企业合并,区分个别财务报表和合并财务报表进行相关会计处理:
A.在个别财务报表中,以购买日之前所持被购买方的股权投资的账面价值与购买日新增投资
成本之和,作为该项投资的初始投资成本;购买日之前持有的被购买方的股权涉及其他综合收益
的,在处置该项投资时将与其相关的其他综合收益转入当期投资收益。
B.在合并财务报表中,对于购买日之前持有的被购买方的股权,按照该股",600519.SH,贵州茅台,2024-12-31,2024,年报,贵州茅台2024年报,贵州茅台2024年年度报告.pdf,C:\Users\Administrator\Desktop\financial-poc\data\raw\pdf\贵州茅台2024年年度报告.pdf,,,,205,396,现金流量表,68,68,76,母公司现金流量表
600519_SH_pdf_贵州茅台2024年年度报告_pdf_bf557ae6_chunk_206,pdf,pdf,"项投资的初始投资成本;购买日之前持有的被购买方的股权涉及其他综合收益
的,在处置该项投资时将与其相关的其他综合收益转入当期投资收益。
B.在合并财务报表中,对于购买日之前持有的被购买方的股权,按照该股权在购买日的公允
价值进行重新计量,公允价值与其账面价值的差额计入当期投资收益;购买日之前持有的被购买
方的股权涉及其他综合收益的,与其相关的其他综合收益转为购买日所属当期投资收益。购买方
为进行企业合并发生的审计、法律服务、评估咨询等中介费用以及其他相关管理费用,于发生时
计入当期损益;购买方作为合并对价发行的权益性证券或债务性证券的交易费用,计入权益性证
券或债务性证券的初始确认金额。购买方对合并成本大于合并中取得的被购买方可辨认净资产公
允价值份额的差额,确认为商誉。购买方对合并成本小于合并中取得的被购买方可辨认净资产公
允价值份额的,经复核后合并成本仍小于合并中取得的被购买方可辨认净资产公允价值份额的差
额,计入当期损益。
7、 控制的判断标准和合并财务报表的编制方法
√适用 □不适用
(1)控制的判断标准
合并财务报表的合并范围以控制作为基础予以确定。具备以下三个要素的被投资单位",600519.SH,贵州茅台,2024-12-31,2024,年报,贵州茅台2024年报,贵州茅台2024年年度报告.pdf,C:\Users\Administrator\Desktop\financial-poc\data\raw\pdf\贵州茅台2024年年度报告.pdf,,,,206,396,现金流量表,68,68,76,母公司现金流量表
600519_SH_pdf_贵州茅台2024年年度报告_pdf_bf557ae6_chunk_207,pdf,pdf,"产公允价值份额的差
额,计入当期损益。
7、 控制的判断标准和合并财务报表的编制方法
√适用 □不适用
(1)控制的判断标准
合并财务报表的合并范围以控制作为基础予以确定。具备以下三个要素的被投资单位,认定
为对其控制:拥有对被投资单位的权力、通过参与被投资方的相关活动而享有可变回报、有能力
运用对被投资单位的权力影响该回报金额。
贵州茅台酒股份有限公司2024 年年度报告
76 / 143
(2)合并财务报表的编制方法
本公司合并财务报表按照《企业会计准则第33 号-合并财务报表》及相关规定的要求编制,
合并时合并范围内的所有重大内部交易和往来业务已抵销。子公司的股东权益中不属于母公司所
拥有的部分作为少数股东权益在合并财务报表中股东权益项下单独列示。子公司与本公司采用的
会计政策或会计期间不一致的,在编制合并财务报表时,按照本公司的会计政策或会计期间对子
公司财务报表进行必要的调整。对于同一控制下企业合并取得的子公司,其经营成果和现金流量
自合并当期期初纳入合并财务报表。编制比较合并财务报表时,对上年财务报表的相关项目进行
调整,视同合并后形成的报告主体自最终控制方开始控制时点起一",600519.SH,贵州茅台,2024-12-31,2024,年报,贵州茅台2024年报,贵州茅台2024年年度报告.pdf,C:\Users\Administrator\Desktop\financial-poc\data\raw\pdf\贵州茅台2024年年度报告.pdf,,,,207,396,现金流量表,68,68,76,母公司现金流量表
600519_SH_pdf_贵州茅台2024年年度报告_pdf_bf557ae6_chunk_208,pdf,pdf,"于同一控制下企业合并取得的子公司,其经营成果和现金流量
自合并当期期初纳入合并财务报表。编制比较合并财务报表时,对上年财务报表的相关项目进行
调整,视同合并后形成的报告主体自最终控制方开始控制时点起一直存在。对于非同一控制下企
业合并取得子公司,经营成果和现金流量自本公司取得控制权之日起纳入合并财务报表。
8、 现金及现金等价物的确定标准
现金等价物包括库存现金、银行存款、其他货币资金、存放中央银行可随时支取的备付金、
存放同业款项、拆放同业款项、同业间买入返售证券、以及企业持有的期限短(一般指从购买日
起三个月内到期)、流动性强、易于转换为已知金额现金、价值变动风险很小的投资。
9、 外币业务和外币报表折算
√适用 □不适用
(1)外币交易
公司发生涉及外币的业务,按交易发生日外汇市场汇率中间价折合人民币记账,期末将货币
性外币账户的余额按期末外汇市场汇率中间价调整折合人民币金额,调整后折合的人民币余额与
原账面余额之差作为汇兑损益,并按规定计入“财务费用”、“在建工程”等科目。对以历史成
本计量的外币非货币性项目,仍采用交易发生日的即期汇率折算,不改变其记账本位币金额。
(2)外币",600519.SH,贵州茅台,2024-12-31,2024,年报,贵州茅台2024年报,贵州茅台2024年年度报告.pdf,C:\Users\Administrator\Desktop\financial-poc\data\raw\pdf\贵州茅台2024年年度报告.pdf,,,,208,396,现金流量表,68,68,76,母公司现金流量表
600519_SH_pdf_贵州茅台2024年年度报告_pdf_bf557ae6_chunk_209,pdf,pdf,"折合的人民币余额与
原账面余额之差作为汇兑损益,并按规定计入“财务费用”、“在建工程”等科目。对以历史成
本计量的外币非货币性项目,仍采用交易发生日的即期汇率折算,不改变其记账本位币金额。
(2)外币报表折算",600519.SH,贵州茅台,2024-12-31,2024,年报,贵州茅台2024年报,贵州茅台2024年年度报告.pdf,C:\Users\Administrator\Desktop\financial-poc\data\raw\pdf\贵州茅台2024年年度报告.pdf,,,,209,396,现金流量表,68,68,76,母公司现金流量表
600519_SH_pdf_贵州茅台2024年年度报告_pdf_bf557ae6_chunk_210,pdf,pdf,"境外经营的资产负债表中的资产和负债项目,采用资产负债表日的即期汇率折算,所有者权",600519.SH,贵州茅台,2024-12-31,2024,年报,贵州茅台2024年报,贵州茅台2024年年度报告.pdf,C:\Users\Administrator\Desktop\financial-poc\data\raw\pdf\贵州茅台2024年年度报告.pdf,,,,210,396,资产负债表,76,76,76,资产负债表
600519_SH_pdf_贵州茅台2024年年度报告_pdf_bf557ae6_chunk_211,pdf,pdf,"益项目中除未分配利润项目外,其他项目采用发生时的即期汇率折算。境外经营的利润表中的收
入与费用项目,采用交易发生日即期汇率的近似汇率进行折算。上述折算产生的外币报表折算差
额,在所有者权益项目下的其他综合收益中列示。境外经营的现金流量项目,采用现金流量发生",600519.SH,贵州茅台,2024-12-31,2024,年报,贵州茅台2024年报,贵州茅台2024年年度报告.pdf,C:\Users\Administrator\Desktop\financial-poc\data\raw\pdf\贵州茅台2024年年度报告.pdf,,,,211,396,利润表,76,76,76,利润表
600519_SH_pdf_贵州茅台2024年年度报告_pdf_bf557ae6_chunk_212,pdf,pdf,"日即期汇率的近似汇率折算。汇率变动对现金的影响额在现金流量表中单独列示。
10、 金融工具
√适用 □不适用
(1)金融工具的确认和终止确认
公司于成为金融工具合同的一方时确认一项金融资产或金融负债。以常规方式买卖金融资产,
按交易日进行确认和终止确认。常规方式买卖金融资产,是指按照合同条款的约定,在法规或通
行惯例规定的期限内收取或交付金融资产。交易日,是指本公司承诺买入或卖出金融资产的日期。
满足下列条件的,终止确认金融资产(或金融资产的一部分,或一组类似金融资产的一部分),",600519.SH,贵州茅台,2024-12-31,2024,年报,贵州茅台2024年报,贵州茅台2024年年度报告.pdf,C:\Users\Administrator\Desktop\financial-poc\data\raw\pdf\贵州茅台2024年年度报告.pdf,,,,212,396,现金流量表,76,76,76,现金流量表
600519_SH_pdf_贵州茅台2024年年度报告_pdf_bf557ae6_chunk_213,pdf,pdf,"即从其账户和资产负债表内予以转销:A 收取金融资产现金流量的权利届满;B 转移了收取金融资
产现金流量的权利,或在“过手协议”下承担了及时将收取的现金流量全额支付给第三方的义务;
并且(a)实质上转让了金融资产所有权上几乎所有的风险和报酬,或(b)虽然实质上既没有转
移也没有保留金融资产所有权上几乎所有的风险和报酬,但放弃了对该金融资产的控制。
(2)金融资产分类和计量
公司的金融资产于初始确认时根据公司管理金融资产的业务模式和金融资产的合同现金流量
特征分类为:以摊余成本计量的金融资产、以公允价值计量且其变动计入其他综合收益的金融资
产以及以公允价值计量且其变动计入当期损益的金融资产。金融资产的后续计量取决于其分类。
公司对金融资产的分类,依据公司管理金融资产的业务模式和金融资产的现金流量特征进行
分类。
A.以摊余成本计量的金融资产
贵州茅台酒股份有限公司2024 年年度报告
77 / 143
金融资产同时符合下列条件的,分类为以摊余成本计量的金融资产:公司管理该金融资产的
业务模式是以收取合同现金流量为目标;该金融资产的合同条款规定,在特定日期产生的现金流
量,仅为对本金和以未偿",600519.SH,贵州茅台,2024-12-31,2024,年报,贵州茅台2024年报,贵州茅台2024年年度报告.pdf,C:\Users\Administrator\Desktop\financial-poc\data\raw\pdf\贵州茅台2024年年度报告.pdf,,,,213,396,资产负债表,76,76,113,资产负债表
600519_SH_pdf_贵州茅台2024年年度报告_pdf_bf557ae6_chunk_214,pdf,pdf,"143
金融资产同时符合下列条件的,分类为以摊余成本计量的金融资产:公司管理该金融资产的
业务模式是以收取合同现金流量为目标;该金融资产的合同条款规定,在特定日期产生的现金流
量,仅为对本金和以未偿付本金金额为基础的利息的支付。对于此类金融资产,采用实际利率法,
按照摊余成本进行后续计量,其摊销或减值产生的利得或损失,均计入当期损益。
B.以公允价值计量且其变动计入其他综合收益的债务工具投资
金融资产同时符合下列条件的,分类为以公允价值计量且其变动计入其他综合收益的金融资
产:公司管理该金融资产的业务模式是既以收取合同现金流量为目标又以出售金融资产为目标;
该金融资产的合同条款规定,在特定日期产生的现金流量,仅为对本金和以未偿付本金金额为基
础的利息的支付。对于此类金融资产,采用公允价值进行后续计量。其折价或溢价采用实际利率
法进行摊销并确认为利息收入或费用。除减值损失及外币货币性金融资产的汇兑差额确认为当期
损益外,此类金融资产的公允价值变动作为其他综合收益确认,直到该金融资产终止确认时,其
累计利得或损失转入当期损益。与此类金融资产相关利息收入,计入当期损益。
C.以公允价值计量",600519.SH,贵州茅台,2024-12-31,2024,年报,贵州茅台2024年报,贵州茅台2024年年度报告.pdf,C:\Users\Administrator\Desktop\financial-poc\data\raw\pdf\贵州茅台2024年年度报告.pdf,,,,214,396,资产负债表,76,76,113,资产负债表
600519_SH_pdf_贵州茅台2024年年度报告_pdf_bf557ae6_chunk_215,pdf,pdf,"产的汇兑差额确认为当期
损益外,此类金融资产的公允价值变动作为其他综合收益确认,直到该金融资产终止确认时,其
累计利得或损失转入当期损益。与此类金融资产相关利息收入,计入当期损益。
C.以公允价值计量且其变动计入其他综合收益的权益工具投资
公司不可撤销地选择将部分非交易性权益工具投资指定为以公允价值计量且其变动计入其他
综合收益的金融资产,仅将相关股利收入计入当期损益,公允价值变动作为其他综合收益确认,
直到该金融资产终止确认时,其累计利得或损失转入留存收益。
D.以公允价值计量且其变动计入当期损益的金融资产
上述以摊余成本计量的金融资产和以公允价值计量且其变动计入其他综合收益的金融资产之
外的金融资产,分类为以公允价值计量且其变动计入当期损益的金融资产。在初始确认时,为了
能够消除或显著减少会计错配,可以将金融资产指定为以公允价值计量且其变动计入当期损益的
金融资产。对于此类金融资产,采用公允价值进行后续计量,所有公允价值变动计入当期损益。
当且仅当本公司改变管理金融资产的业务模式时,才对所有受影响的相关金融资产进行重分类。
对于以公允价值计量且其变动计入当期损益的金融资产,相关交易",600519.SH,贵州茅台,2024-12-31,2024,年报,贵州茅台2024年报,贵州茅台2024年年度报告.pdf,C:\Users\Administrator\Desktop\financial-poc\data\raw\pdf\贵州茅台2024年年度报告.pdf,,,,215,396,资产负债表,76,76,113,资产负债表
600519_SH_pdf_贵州茅台2024年年度报告_pdf_bf557ae6_chunk_216,pdf,pdf,"用公允价值进行后续计量,所有公允价值变动计入当期损益。
当且仅当本公司改变管理金融资产的业务模式时,才对所有受影响的相关金融资产进行重分类。
对于以公允价值计量且其变动计入当期损益的金融资产,相关交易费用直接计入当期损益,其他
类别的金融资产相关交易费用计入其初始确认金额。
(3)金融负债分类和计量
公司的金融负债于初始确认时分类为:以摊余成本计量的金融负债与以公允价值计量且其变
动计入当期损益的金融负债。
符合以下条件之一的金融负债可在初始计量时指定为以公允价值计量且其变动计入当期损益
的金融负债:
A.该项指定能够消除或显著减少会计错配;
B.根据正式书面文件载明的公司风险管理或投资策略,以公允价值为基础对金融负债组合或
金融资产和金融负债组合进行管理和业绩评价,并在公司内部以此为基础向关键管理人员报告;
C.该金融负债包含需单独分拆的嵌入衍生工具。
公司在初始确认时确定金融负债的分类。对于以公允价值计量且其变动计入当期损益的金融
负债,相关交易费用直接计入当期损益,其他金融负债的相关交易费用计入其初始确认金额。
金融负债的后续计量取决于其分类:
A.以摊余成本计量的金融负债
对于",600519.SH,贵州茅台,2024-12-31,2024,年报,贵州茅台2024年报,贵州茅台2024年年度报告.pdf,C:\Users\Administrator\Desktop\financial-poc\data\raw\pdf\贵州茅台2024年年度报告.pdf,,,,216,396,资产负债表,76,76,113,资产负债表
600519_SH_pdf_贵州茅台2024年年度报告_pdf_bf557ae6_chunk_217,pdf,pdf,"。对于以公允价值计量且其变动计入当期损益的金融
负债,相关交易费用直接计入当期损益,其他金融负债的相关交易费用计入其初始确认金额。
金融负债的后续计量取决于其分类:
A.以摊余成本计量的金融负债
对于此类金融负债,采用实际利率法,按照摊余成本进行后续计量。
B.以公允价值计量且其变动计入当期损益的金融负债
以公允价值计量且其变动计入当期损益的金融负债,包括交易性金融负债(含属于金融负债的
衍生工具)和初始确认时指定为以公允价值计量且其变动计入当期损益的金融负债。
(4)金融工具抵销
同时满足下列条件的,金融资产和金融负债以相互抵销后的净额在资产负债表内列示:具有
抵销已确认金额的法定权利,且该种法定权利是当前可执行的;计划以净额结算,或同时变现该
金融资产和清偿该金融负债。
(5)金融资产减值
公司对于以摊余成本计量的金融资产、以公允价值计量且其变动计入其他综合收益的债务工
具投资和财务担保合同等,以预期信用损失为基础确认损失准备。
贵州茅台酒股份有限公司2024 年年度报告
78 / 143
公司考虑有关过去事项、当前状况以及对未来经济状况的预测等合理且有依据的信息,以发
生违约的风",600519.SH,贵州茅台,2024-12-31,2024,年报,贵州茅台2024年报,贵州茅台2024年年度报告.pdf,C:\Users\Administrator\Desktop\financial-poc\data\raw\pdf\贵州茅台2024年年度报告.pdf,,,,217,396,资产负债表,76,76,113,资产负债表
600519_SH_pdf_贵州茅台2024年年度报告_pdf_bf557ae6_chunk_218,pdf,pdf,"保合同等,以预期信用损失为基础确认损失准备。
贵州茅台酒股份有限公司2024 年年度报告
78 / 143
公司考虑有关过去事项、当前状况以及对未来经济状况的预测等合理且有依据的信息,以发
生违约的风险为权重,计算合同应收的现金流量与预期能收到的现金流量之间差额的现值的概率
加权金额,确认预期信用损失。
于每个资产负债表日,本公司对于处于不同阶段的金融工具的预期信用损失分别进行计量。
金融工具自初始确认后信用风险未显著增加的,处于第一阶段,本公司按照未来12 个月内的预期
信用损失计量损失准备;金融工具自初始确认后信用风险已显著增加但尚未发生信用减值的,处
于第二阶段,本公司按照该金融工具整个存续期的预期信用损失计量损失准备;金融工具自初始
确认后已经发生信用减值的,处于第三阶段,本公司按照该工具整个存续期的预期信用损失计量
损失准备。
对于在资产负债表日具有较低信用风险的金融工具,本公司假设其信用风险自初始确认后并
未显著增加,按照未来12 个月内的预期信用损失计量损失准备。
公司对于处于第一阶段和第二阶段、以及较低信用风险的金融工具,按照其未扣除减值准备
的账面余额和实际利率计算利",600519.SH,贵州茅台,2024-12-31,2024,年报,贵州茅台2024年报,贵州茅台2024年年度报告.pdf,C:\Users\Administrator\Desktop\financial-poc\data\raw\pdf\贵州茅台2024年年度报告.pdf,,,,218,396,资产负债表,76,76,113,资产负债表
600519_SH_pdf_贵州茅台2024年年度报告_pdf_bf557ae6_chunk_219,pdf,pdf,"假设其信用风险自初始确认后并
未显著增加,按照未来12 个月内的预期信用损失计量损失准备。
公司对于处于第一阶段和第二阶段、以及较低信用风险的金融工具,按照其未扣除减值准备
的账面余额和实际利率计算利息收入。对于处于第三阶段的金融工具,按照其账面余额减已计提
减值准备后的摊余成本和实际利率计算利息收入。
对于因销售商品、提供劳务等日常经营活动形成的应收票据和应收账款,无论是否存在重大
融资成分,公司均按照整个存续期的预期信用损失计量损失准备。
当单项金融资产无法以合理成本评估预期信用损失的信息时,本公司依据信用风险特征将应
收款项划分为若干组合,在组合基础上计算预期信用损失,确定组合的依据和计提方式如下:
银行承兑汇票组合 银行承兑汇票
应收账款组合 合并范围内关联方的应收账
其他应收款组合 备用金、押金、保证金等信用风险较低的其他应收款
其他应收款组合 合并范围内关联方的其他应收款
其他组合除上述组合外的其他款项
对于划分为组合的应收账款和因销售商品、提供劳务等日常经营活动形成的应收票据,本公
司参考历史信用损失经验,结合当前状况以及对未来经济状况的预测,编制应收账款账龄与整个
存续",600519.SH,贵州茅台,2024-12-31,2024,年报,贵州茅台2024年报,贵州茅台2024年年度报告.pdf,C:\Users\Administrator\Desktop\financial-poc\data\raw\pdf\贵州茅台2024年年度报告.pdf,,,,219,396,资产负债表,76,76,113,资产负债表
600519_SH_pdf_贵州茅台2024年年度报告_pdf_bf557ae6_chunk_220,pdf,pdf,"组合除上述组合外的其他款项
对于划分为组合的应收账款和因销售商品、提供劳务等日常经营活动形成的应收票据,本公
司参考历史信用损失经验,结合当前状况以及对未来经济状况的预测,编制应收账款账龄与整个
存续期预期信用损失率对照表,计算预期信用损失。除此以外的应收票据和划分为组合的其他应
收款,本公司参考历史信用损失经验,结合当前状况以及对未来经济状况的预测,通过违约风险
敞口和未来12 个月内或整个存续期预期信用损失率,计算预期信用损失。
公司将计提或转回的损失准备计入当期损益。对于持有的以公允价值计量且其变动计入其他
综合收益的债务工具,本公司在将减值损失或利得计入当期损益的同时调整其他综合收益。
(6)金融资产转移
公司已将金融资产所有权上几乎所有的风险和报酬转移给转入方的,终止确认该金融资产;
保留了金融资产所有权上几乎所有的风险和报酬的,不终止确认该金融资产。
公司既没有转移也没有保留金融资产所有权上几乎所有的风险和报酬的,分别下列情况处理:
未保留对该金融资产控制的,终止确认该金融资产并将转移中产生或保留的权利和义务单独确认
为资产或负债。保留了对该金融资产控制的,按照其继续涉入所",600519.SH,贵州茅台,2024-12-31,2024,年报,贵州茅台2024年报,贵州茅台2024年年度报告.pdf,C:\Users\Administrator\Desktop\financial-poc\data\raw\pdf\贵州茅台2024年年度报告.pdf,,,,220,396,资产负债表,76,76,113,资产负债表
600519_SH_pdf_贵州茅台2024年年度报告_pdf_bf557ae6_chunk_221,pdf,pdf,"融资产所有权上几乎所有的风险和报酬的,分别下列情况处理:
未保留对该金融资产控制的,终止确认该金融资产并将转移中产生或保留的权利和义务单独确认
为资产或负债。保留了对该金融资产控制的,按照其继续涉入所转移金融资产的程度确认有关金
融资产,并相应确认有关负债。
通过对被转移金融资产提供担保方式继续涉入的,在转移日按照金融资产的账面价值和担保
金额两者的较低者,继续确认被转移金融资产,同时按照担保金额和担保合同的公允价值(通常
是提供担保收到的对价)之和确认相关负债。担保金额,是指企业所收到的对价中,可被要求偿
还的最高金额。
11、 存货
√适用 □不适用
贵州茅台酒股份有限公司2024 年年度报告
79 / 143
存货类别、发出计价方法、盘存制度、低值易耗品和包装物的摊销方法
√适用 □不适用
(1)存货的分类
存货包括原材料、自制半成品、在产品、库存商品、周转材料。
(2)发出存货的计价方法
发出存货采用移动加权平均法。
(3)存货的盘存制度
存货的盘存制度为永续盘存制。
(4)低值易耗品和包装物的摊销方法
按照一次摊销法进行摊销。
存货跌价准备的确认标准和计提方法
√适用 □不适",600519.SH,贵州茅台,2024-12-31,2024,年报,贵州茅台2024年报,贵州茅台2024年年度报告.pdf,C:\Users\Administrator\Desktop\financial-poc\data\raw\pdf\贵州茅台2024年年度报告.pdf,,,,221,396,资产负债表,76,76,113,资产负债表
600519_SH_pdf_贵州茅台2024年年度报告_pdf_bf557ae6_chunk_222,pdf,pdf,"价方法
发出存货采用移动加权平均法。
(3)存货的盘存制度
存货的盘存制度为永续盘存制。
(4)低值易耗品和包装物的摊销方法
按照一次摊销法进行摊销。
存货跌价准备的确认标准和计提方法
√适用 □不适用
期末存货按成本与可变现净值孰低计价:按单个存货项目的成本高于可变现净值的差额计提
存货跌价准备。
按照组合计提存货跌价准备的组合类别及确定依据、不同类别存货可变现净值的确定依据
□适用 √不适用
基于库龄确认存货可变现净值的各库龄组合可变现净值的计算方法和确定依据
□适用 √不适用
12、 长期股权投资
√适用 □不适用
(1)控制和重大影响的判断标准:
本公司的长期股权投资主要是对子公司的投资,子公司是指本公司能够对其实施控制的被投
资单位。控制,是指投资方拥有对被投资方的权力,通过参与被投资方的相关活动而享有可变回报,
并且有能力运用对被投资方的权力影响其回报金额。重大影响,是指投资方对被投资单位的财务
和经营政策有参与决策的权力,但并不能够控制或者与其他方一起共同控制这些政策的制定。
(2)投资成本的确认
A.对于企业合并形成的长期股权投资
同一控制下的企业合并,合并方以支付现金",600519.SH,贵州茅台,2024-12-31,2024,年报,贵州茅台2024年报,贵州茅台2024年年度报告.pdf,C:\Users\Administrator\Desktop\financial-poc\data\raw\pdf\贵州茅台2024年年度报告.pdf,,,,222,396,资产负债表,76,76,113,资产负债表
600519_SH_pdf_贵州茅台2024年年度报告_pdf_bf557ae6_chunk_223,pdf,pdf,"对被投资单位的财务
和经营政策有参与决策的权力,但并不能够控制或者与其他方一起共同控制这些政策的制定。
(2)投资成本的确认
A.对于企业合并形成的长期股权投资
同一控制下的企业合并,合并方以支付现金、转让非现金资产或承担债务方式作为合并对价
的,应当在合并日按照被合并方所有者权益在最终控制方合并财务报表中的账面价值的份额作为
长期股权投资的初始投资成本。长期股权投资初始投资成本与支付的现金、转让的非现金资产以
及所承担债务账面价值之间的差额,应当调整资本公积;资本公积不足冲减的,调整留存收益。
合并方以发行权益性证券作为合并对价的,在合并日按照被合并方所有者权益在最终控制方合并
财务报表中的账面价值的份额作为长期股权投资的初始投资成本。按照发行股份的面值总额作为
股本,长期股权投资初始投资成本与所发行股份面值总额之间的差额,调整资本公积;资本公积
不足冲减的,调整留存收益。
非同一控制下的企业合并,在购买日应当按照《企业会计准则第20 号——企业合并》的有关
规定确定的合并成本作为长期股权投资的初始投资成本。
B.对于以企业合并以外的其他方式取得的长期股权投资
支付现金取得的长期股权",600519.SH,贵州茅台,2024-12-31,2024,年报,贵州茅台2024年报,贵州茅台2024年年度报告.pdf,C:\Users\Administrator\Desktop\financial-poc\data\raw\pdf\贵州茅台2024年年度报告.pdf,,,,223,396,资产负债表,76,76,113,资产负债表
600519_SH_pdf_贵州茅台2024年年度报告_pdf_bf557ae6_chunk_224,pdf,pdf,"的企业合并,在购买日应当按照《企业会计准则第20 号——企业合并》的有关
规定确定的合并成本作为长期股权投资的初始投资成本。
B.对于以企业合并以外的其他方式取得的长期股权投资
支付现金取得的长期股权投资,按照实际支付的购买价款作为初始投资成本;发行权益性证
券取得的长期股权投资,以发行权益性证券的公允价值作为初始投资成本。
(3)后续计量及损益确认方法
公司对子公司的投资采用成本法核算,按照初始投资成本计价,编制合并财务报表时按照权
益法进行调整。追加或收回投资调整长期股权投资的成本。子公司宣告分派的现金股利或利润,
确认为当期投资收益。
采用权益法核算的长期股权投资,初始投资成本大于投资时应享有被投资单位可辨认净资产
公允价值份额的,以初始投资成本作为长期股权投资成本;初始投资成本小于投资时应享有被投
贵州茅台酒股份有限公司2024 年年度报告
80 / 143
资单位可辨认净资产公允价值份额的,其差额计入当期损益,并相应调增长期股权投资成本。本
公司按应享有或应分担的被投资单位的净损益和其他综合收益的份额分别确认当期投资损益和其
他综合收益。确认被投资单位发生的净亏损,以长期股权",600519.SH,贵州茅台,2024-12-31,2024,年报,贵州茅台2024年报,贵州茅台2024年年度报告.pdf,C:\Users\Administrator\Desktop\financial-poc\data\raw\pdf\贵州茅台2024年年度报告.pdf,,,,224,396,资产负债表,76,76,113,资产负债表
600519_SH_pdf_贵州茅台2024年年度报告_pdf_bf557ae6_chunk_225,pdf,pdf,"价值份额的,其差额计入当期损益,并相应调增长期股权投资成本。本
公司按应享有或应分担的被投资单位的净损益和其他综合收益的份额分别确认当期投资损益和其
他综合收益。确认被投资单位发生的净亏损,以长期股权投资的账面价值以及其他实质上构成对
被投资单位净投资的长期权益减记至零为限,但本公司负有承担额外损失义务且符合或有事项准
则所规定的预计负债确认条件的,继续确认投资损失并作为预计负债核算。被投资单位除净损益、
其他综合收益和利润分配以外股东权益的其他变动,在本公司持股比例不变的情况下,按照持股
比例计算应享有或承担的部分直接计入股东权益,并同时调整长期股权投资的账面价值。被投资
单位分派的利润或现金股利于宣告分派时按照本公司应分得的部分,相应减少长期股权投资的账
面价值。本公司与被投资单位之间未实现的内部交易损益按照应享有或应分担的比例计算归属于
本公司的部分,予以抵销,在此基础上确认投资损益。本公司与被投资单位发生的内部交易损失,
其中属于资产减值损失的部分,相应的未实现损失不予抵销。
13、 投资性房地产
(1). 如果采用成本计量模式的:
折旧或摊销方法
投资性房地产按照成本进行初始",600519.SH,贵州茅台,2024-12-31,2024,年报,贵州茅台2024年报,贵州茅台2024年年度报告.pdf,C:\Users\Administrator\Desktop\financial-poc\data\raw\pdf\贵州茅台2024年年度报告.pdf,,,,225,396,资产负债表,76,76,113,资产负债表
600519_SH_pdf_贵州茅台2024年年度报告_pdf_bf557ae6_chunk_226,pdf,pdf,"。本公司与被投资单位发生的内部交易损失,
其中属于资产减值损失的部分,相应的未实现损失不予抵销。
13、 投资性房地产
(1). 如果采用成本计量模式的:
折旧或摊销方法
投资性房地产按照成本进行初始计量,采用成本模式进行后续计量,并采用与固定资产和无
形资产相同的方法计提折旧或进行摊销。
14、 固定资产
(1). 确认条件
√适用 □不适用
固定资产是指为生产商品、提供劳务、出租或经营管理而持有的,使用年限超过一年,单位
价值较高的有形资产。固定资产在同时满足经济利益很可能流入、成本能够可靠计量时予以确
认。
(2). 折旧方法
√适用 □不适用
类别
折旧方法
折旧年限(年)
残值率
年折旧率
房屋及建筑物
直线法
20
5%
4.75%
机器设备
直线法
10
5%
9.5%
电子设备及其他
直线法
5
5%
19%
运输设备
直线法
5
5%
19%
A.对于2014 年1 月1 日后新购进的专门用于研发的仪器、设备,金额在100 万元以下的,
一次性计入当期成本费用。
B.2014 年1 月1 日后新购进的专门用于研发的仪器、设备,超过100 万元的,折旧年限如
下:
资产",600519.SH,贵州茅台,2024-12-31,2024,年报,贵州茅台2024年报,贵州茅台2024年年度报告.pdf,C:\Users\Administrator\Desktop\financial-poc\data\raw\pdf\贵州茅台2024年年度报告.pdf,,,,226,396,资产负债表,76,76,113,资产负债表
600519_SH_pdf_贵州茅台2024年年度报告_pdf_bf557ae6_chunk_227,pdf,pdf,"日后新购进的专门用于研发的仪器、设备,金额在100 万元以下的,
一次性计入当期成本费用。
B.2014 年1 月1 日后新购进的专门用于研发的仪器、设备,超过100 万元的,折旧年限如
下:
资产类别
折旧年限
机器设备
6 年
电子设备
2 年
C.对于新购进金额在5,000.00 元以下的固定资产,一次性计入当期成本费用。
(3). 固定资产的减值测试方法、减值准备计提方法
期末或年度终了,对固定资产逐项目进行检查,如果由于市价持续下跌,或技术陈旧、损
坏、长期闲置等原因导致其可收回金额低于账面价值的,按照可收回金额低于其账面价值的差额
计提固定资产减值准备。固定资产减值准备按单项资产计提。
贵州茅台酒股份有限公司2024 年年度报告
81 / 143
15、 在建工程
√适用 □不适用
在建工程的核算方法:各项在建工程按实际成本进行初始计量。
(1)符合下列情况时,应将在建工程结转为固定资产:
A.所购建的固定资产达到预定可使用状态;
B.在建工程的实体建造工作已全部完成或实质上已经完成;
C.所购建的固定资产与设计要求或合同要求相符,可以正常使用,继续发生在所购建在建工
程",600519.SH,贵州茅台,2024-12-31,2024,年报,贵州茅台2024年报,贵州茅台2024年年度报告.pdf,C:\Users\Administrator\Desktop\financial-poc\data\raw\pdf\贵州茅台2024年年度报告.pdf,,,,227,396,资产负债表,76,76,113,资产负债表
600519_SH_pdf_贵州茅台2024年年度报告_pdf_bf557ae6_chunk_228,pdf,pdf,"转为固定资产:
A.所购建的固定资产达到预定可使用状态;
B.在建工程的实体建造工作已全部完成或实质上已经完成;
C.所购建的固定资产与设计要求或合同要求相符,可以正常使用,继续发生在所购建在建工
程上的支出金额很少或几乎不再发生时。
(2)公司固定资产新建工程、改扩建工程等按所发生的实际支出列入在建工程。用借款进行的工程
发生的借款利息和汇兑损益,在固定资产达到预定可使用状态前,符合资本化条件的,可以进行
资本化,计入在建工程成本。
(3)资产负债表日,对在建工程进行逐项检查,如有证据表明在建工程发生减值时,应按可收回金
额与账面价值的差额计提减值准备。
计提在建工程减值准备主要考虑因素如下:
A.长期停建并且预计在未来三年内不会重新开工;
B.所建项目无论在技术上、性能上均已落后,并且给企业带来的经济利益具有很大的不确定
性;
C.其他足以证明在建工程已发生减值的情形。
16、 借款费用
√适用 □不适用
借款费用资本化的确认原则为:公司因借款而发生的借款利息、折价或溢价的摊销、辅助费
用以及因外币发生的汇兑差额等借款费用,可直接归属于符合资本化条件的资产购建或生产的,
予以资本化",600519.SH,贵州茅台,2024-12-31,2024,年报,贵州茅台2024年报,贵州茅台2024年年度报告.pdf,C:\Users\Administrator\Desktop\financial-poc\data\raw\pdf\贵州茅台2024年年度报告.pdf,,,,228,396,资产负债表,76,76,113,资产负债表
600519_SH_pdf_贵州茅台2024年年度报告_pdf_bf557ae6_chunk_229,pdf,pdf,"用
√适用 □不适用
借款费用资本化的确认原则为:公司因借款而发生的借款利息、折价或溢价的摊销、辅助费
用以及因外币发生的汇兑差额等借款费用,可直接归属于符合资本化条件的资产购建或生产的,
予以资本化,计入该项资产的成本;其他借款费用,于发生当期确认为费用,计入损益。
资本化期间的确定方法:
(1)开始资本化:当以下三个条件同时具备时,借款费用才开始资本化:
A.资产支出已经发生;
B.借款费用已经发生;
C.为使资产达到预定可使用或可销售状态所必要的购建或者生产活动已经开始。
(2)暂停资本化:若固定资产的购建活动发生非正常中断,并且中断时间连续超过3 个月,暂停借
款费用的资本化,将中断期间发生的借款费用确认为当期费用,直至资产的购建活动重新开始。
(3)停止资本化:当所购建的固定资产达到预定可使用状态时,停止其借款费用的资本化。借款费
用资本化金额的计算方法:
A.为购建或者生产符合资本化条件的资产而借入专门借款的,以专门借款当期实际发生的利
息费用,减去将尚未动用的借款资金存入银行取得的利息收入或进行暂时性投资取得的投资收益
后的金额确定;
B.为购建或者生产符合资本化条件的资",600519.SH,贵州茅台,2024-12-31,2024,年报,贵州茅台2024年报,贵州茅台2024年年度报告.pdf,C:\Users\Administrator\Desktop\financial-poc\data\raw\pdf\贵州茅台2024年年度报告.pdf,,,,229,396,资产负债表,76,76,113,资产负债表
600519_SH_pdf_贵州茅台2024年年度报告_pdf_bf557ae6_chunk_230,pdf,pdf,"资本化条件的资产而借入专门借款的,以专门借款当期实际发生的利
息费用,减去将尚未动用的借款资金存入银行取得的利息收入或进行暂时性投资取得的投资收益
后的金额确定;
B.为购建或者生产符合资本化条件的资产而占用了一般借款的,公司根据累计资产支出超过
专门借款部分的资产支出加权平均数乘以所占用一般借款的资本化率,计算确定一般借款应予资
本化的利息金额。其中资本化率根据借款加权平均率计算确定,一般借款发生的辅助费用不予资
本化。
17、 无形资产
(1). 使用寿命及其确定依据、估计情况、摊销方法或复核程序
√适用 □不适用
A.无形资产的计价:无形资产按实际取得时的成本进行初始计量。自行研究开发的无形资产,
其研究阶段的支出,于发生时计入当期损益;其开发阶段的支出,同时满足下列条件的,确认为
无形资产(专利技术和非专利技术):
a.完成该无形资产以使其能够使用或出售在技术上具有可行性;
贵州茅台酒股份有限公司2024 年年度报告
82 / 143
b.具有完成该无形资产并使用或出售的意图;
c.无形资产产生经济利益的方式,包括运用该无形资产生产的产品存在市场或无形资产自身
存在市场;
d.",600519.SH,贵州茅台,2024-12-31,2024,年报,贵州茅台2024年报,贵州茅台2024年年度报告.pdf,C:\Users\Administrator\Desktop\financial-poc\data\raw\pdf\贵州茅台2024年年度报告.pdf,,,,230,396,资产负债表,76,76,113,资产负债表
600519_SH_pdf_贵州茅台2024年年度报告_pdf_bf557ae6_chunk_231,pdf,pdf,"台酒股份有限公司2024 年年度报告
82 / 143
b.具有完成该无形资产并使用或出售的意图;
c.无形资产产生经济利益的方式,包括运用该无形资产生产的产品存在市场或无形资产自身
存在市场;
d.有足够的技术、财务资源和其他资源支持,以完成该无形资产的开发,并有能力使用或出售
该无形资产;
e.归属于该无形资产开发阶段的支出能够可靠地计量。
B.无形资产摊销:无形资产自取得当月起按受益年限采用直线法摊销,使用寿命不确定的无
形资产不摊销。
C.资产负债表日,应当对各项无形资产进行检查,如有减值迹象的,应按可收回金额低于账
面价值的差额计提减值准备。
(2). 研发支出的归集范围及相关会计处理方法
√适用 □不适用
A.研发支出的范围主要依据公司的研究开发项目情况制定,主要包括:研发人员人工费、直
接投入费用、折旧费用与长期待摊费用、无形资产摊销、设计费用、装备调试与试验费、委托外
部研究开发费用、其他费用等。
B.公司研发支出区分研究阶段支出与开发阶段支出。研究是指为获取并理解新的科学或技术
知识而进行的独创性的有计划调查。开发是指在进行商业性生产或使用前,将研究成果或其他知
识应",600519.SH,贵州茅台,2024-12-31,2024,年报,贵州茅台2024年报,贵州茅台2024年年度报告.pdf,C:\Users\Administrator\Desktop\financial-poc\data\raw\pdf\贵州茅台2024年年度报告.pdf,,,,231,396,资产负债表,76,76,113,资产负债表
600519_SH_pdf_贵州茅台2024年年度报告_pdf_bf557ae6_chunk_232,pdf,pdf,"究开发费用、其他费用等。
B.公司研发支出区分研究阶段支出与开发阶段支出。研究是指为获取并理解新的科学或技术
知识而进行的独创性的有计划调查。开发是指在进行商业性生产或使用前,将研究成果或其他知
识应用于某项计划或设计,以生产出新的或具有实质性改进的材料、装置、产品等。
C.研究阶段的支出,于发生时计入当期损益;开发阶段的支出,同时满足下列条件的,确认
为无形资产,否则,计入当期损益。
a.完成该无形资产以使其能够使用或出售在技术上具有可行性;
b.具有完成该无形资产并使用或出售的意图;
c.无形资产产生经济利益的方式,包括能够证明运用该无形资产生产的产品存在市场或无形
资产自身存在市场,无形资产将在内部使用的,应当证明其有用性;
d.有足够的技术、财务资源和其他资源支持,以完成该无形资产的开发,并有能力使用或出
售该无形资产;
e.归属于该无形资产开发阶段的支出能够可靠地计量。
18、 长期待摊费用
√适用 □不适用
长期待摊费用核算已经支出,摊销期限在1 年以上(不含1 年)的各项费用。长期待摊费用
按实际发生额入账,在受益期或规定的期限内分期平均摊销。如果长期待摊的费用项目不能使",600519.SH,贵州茅台,2024-12-31,2024,年报,贵州茅台2024年报,贵州茅台2024年年度报告.pdf,C:\Users\Administrator\Desktop\financial-poc\data\raw\pdf\贵州茅台2024年年度报告.pdf,,,,232,396,资产负债表,76,76,113,资产负债表
600519_SH_pdf_贵州茅台2024年年度报告_pdf_bf557ae6_chunk_233,pdf,pdf,"长期待摊费用
√适用 □不适用
长期待摊费用核算已经支出,摊销期限在1 年以上(不含1 年)的各项费用。长期待摊费用
按实际发生额入账,在受益期或规定的期限内分期平均摊销。如果长期待摊的费用项目不能使以
后会计期间受益则将尚未摊销的该项目的摊余价值全部转入当期损益。
19、 职工薪酬
本公司的职工薪酬是指本公司为获得职工提供的服务或解除劳动关系而给予的各种形式的报
酬或补偿,包括短期薪酬、离职后福利、辞退福利和其他长期职工福利。本公司提供给职工配
偶、子女、受赡养人、已故员工遗属及其他受益人等的福利,也属于职工薪酬。
(1). 短期薪酬的会计处理方法
√适用 □不适用
短期薪酬,是指本公司在职工提供相关服务的年度报告期间结束后十二个月内需要全部予以
支付的职工薪酬,因解除与职工的劳动关系给予的补偿除外。本公司的短期薪酬具体包括:职工
工资、奖金、津贴和补贴,职工福利费,医疗保险费、工伤保险费和生育保险费等社会保险费,
住房公积金,工会经费和职工教育经费,短期带薪缺勤,短期利润分享计划,非货币性福利以及
其他短期薪酬。
本公司在职工提供服务的会计期间,将实际发生的的短期薪酬确认为负债,并",600519.SH,贵州茅台,2024-12-31,2024,年报,贵州茅台2024年报,贵州茅台2024年年度报告.pdf,C:\Users\Administrator\Desktop\financial-poc\data\raw\pdf\贵州茅台2024年年度报告.pdf,,,,233,396,资产负债表,76,76,113,资产负债表
600519_SH_pdf_贵州茅台2024年年度报告_pdf_bf557ae6_chunk_234,pdf,pdf,"费和生育保险费等社会保险费,
住房公积金,工会经费和职工教育经费,短期带薪缺勤,短期利润分享计划,非货币性福利以及
其他短期薪酬。
本公司在职工提供服务的会计期间,将实际发生的的短期薪酬确认为负债,并根据职工提供
服务的受益对象计入当期损益或相关资产成本。短期薪酬为非货币性福利的,按照公允价值计量。
贵州茅台酒股份有限公司2024 年年度报告
83 / 143
(2). 离职后福利的会计处理方法
√适用 □不适用
离职后福利,是指企业为获得职工提供的服务而在职工退休或与企业解除劳动关系后,提供
的各种形式的报酬和福利。
设定提存计划:公司根据在资产负债表日为换取职工在会计期间提供的服务而应向单独主体
缴存的提存金,确定为职工薪酬负债,计入当期损益或相关资产成本。
(3). 辞退福利的会计处理方法
√适用 □不适用
本公司向职工提供辞退福利的,在本公司不能单方面撤回因解除劳动关系计划或裁减建议所
提供的辞退福利时、本公司确认涉及支付辞退福利的重组相关的成本或费用时两者孰早日,确认
辞退福利产生的职工薪酬负债,并计入当期损益。
(4). 其他长期职工福利的会计处理方法
□适用 √不适用
2",600519.SH,贵州茅台,2024-12-31,2024,年报,贵州茅台2024年报,贵州茅台2024年年度报告.pdf,C:\Users\Administrator\Desktop\financial-poc\data\raw\pdf\贵州茅台2024年年度报告.pdf,,,,234,396,资产负债表,76,76,113,资产负债表
600519_SH_pdf_贵州茅台2024年年度报告_pdf_bf557ae6_chunk_235,pdf,pdf,"议所
提供的辞退福利时、本公司确认涉及支付辞退福利的重组相关的成本或费用时两者孰早日,确认
辞退福利产生的职工薪酬负债,并计入当期损益。
(4). 其他长期职工福利的会计处理方法
□适用 √不适用
20、 收入
(1). 按照业务类型披露收入确认和计量所采用的会计政策
√适用 □不适用
收入,是指企业在日常活动中形成的、会导致所有者权益增加的、与所有者投入资本无关的
经济利益的总流入。
公司在履行了合同中的履约义务,即在客户取得相关商品控制权时确认收入。取得相关商品
控制权是指能够主导该商品的使用并从中获得几乎全部的经济利益。本公司将产品按照合同约定
交付给客户后,按扣除应付客户对价后的净额确认收入。本公司在与客户签订合同并收到订单但
未向客户交付产品之前,将已从客户收取的合同对价金额确认为合同负债。
(2). 同类业务采用不同经营模式涉及不同收入确认方式及计量方法
□适用 √不适用
21、 政府补助
√适用 □不适用
政府补助是指企业从政府无偿取得货币性资产或非货币性资产,但不包括政府作为企业所有
者投入的资本。政府补助分为与资产相关的政府补助和与收益相关的政府补助。政府补助同时满",600519.SH,贵州茅台,2024-12-31,2024,年报,贵州茅台2024年报,贵州茅台2024年年度报告.pdf,C:\Users\Administrator\Desktop\financial-poc\data\raw\pdf\贵州茅台2024年年度报告.pdf,,,,235,396,资产负债表,76,76,113,资产负债表
600519_SH_pdf_贵州茅台2024年年度报告_pdf_bf557ae6_chunk_236,pdf,pdf,"、 政府补助
√适用 □不适用
政府补助是指企业从政府无偿取得货币性资产或非货币性资产,但不包括政府作为企业所有
者投入的资本。政府补助分为与资产相关的政府补助和与收益相关的政府补助。政府补助同时满
足下列条件的,才能予以确认:
A.公司能够满足政府补助所附条件;
B.公司能够收到政府补助。
(1)与资产相关的政府补助判断依据及会计处理方法
资产相关的政府补助,应当冲减相关资产的账面价值或确认为递延收益。与资产相关的政府
补助确认为递延收益的,应当在相关资产使用寿命内按照合理、系统的方法分期计入损益。按照
名义金额计量的政府补助,直接计入当期损益。相关资产在使用寿命结束前被出售、转让、报废
或发生毁损的,应当将尚未分配的相关递延收益余额转入资产处置当期的损益。
(2)与收益相关的政府补助判断依据及会计处理方法
收益相关的政府补贴,应当分别下列情况处理:
A.用于补偿企业以后期间的相关成本费用或损失的,确认为递延收益,并在确认相关成本费
用或损失的期间,计入当期损益或冲减相关成本;
B.用于补偿企业已发生的相关成本费用或损失的,直接计入当期损益或冲减相关成本。
贵州茅台酒股份有限公司20",600519.SH,贵州茅台,2024-12-31,2024,年报,贵州茅台2024年报,贵州茅台2024年年度报告.pdf,C:\Users\Administrator\Desktop\financial-poc\data\raw\pdf\贵州茅台2024年年度报告.pdf,,,,236,396,资产负债表,76,76,113,资产负债表
600519_SH_pdf_贵州茅台2024年年度报告_pdf_bf557ae6_chunk_237,pdf,pdf,"用或损失的,确认为递延收益,并在确认相关成本费
用或损失的期间,计入当期损益或冲减相关成本;
B.用于补偿企业已发生的相关成本费用或损失的,直接计入当期损益或冲减相关成本。
贵州茅台酒股份有限公司2024 年年度报告
84 / 143
(3)与企业日常活动相关的政府补助,按照经济业务实质,计入其他收益或冲减相关成本费用。
与企业日常活动无关的政府补助,计入营业外收支。
22、 递延所得税资产/递延所得税负债
√适用 □不适用
在资产负债表日,按照资产负债项目可抵扣暂时性差异和应纳税暂时性差异,采用适用的税
率计算递延所得税资产和递延所得税负债的金额。
23、 租赁
√适用 □不适用
作为承租方对短期租赁和低价值资产租赁进行简化处理的判断依据和会计处理方法
√适用 □不适用
作为承租人,在合同开始日,本公司评估合同是否为租赁或者包含租赁,如果合同中一方让渡
了在一定期间内控制一项或多项已识别资产使用的权利以换取对价,则该合同为租赁或者包含租
赁。为确定合同是否让渡了在一定期间内控制已识别资产使用的权利,本公司评估合同中的客户
是否有权获得在使用期间内因使用已识别资产所产生的几乎全部经济利",600519.SH,贵州茅台,2024-12-31,2024,年报,贵州茅台2024年报,贵州茅台2024年年度报告.pdf,C:\Users\Administrator\Desktop\financial-poc\data\raw\pdf\贵州茅台2024年年度报告.pdf,,,,237,396,资产负债表,76,76,113,资产负债表
600519_SH_pdf_贵州茅台2024年年度报告_pdf_bf557ae6_chunk_238,pdf,pdf,"资产使用的权利以换取对价,则该合同为租赁或者包含租
赁。为确定合同是否让渡了在一定期间内控制已识别资产使用的权利,本公司评估合同中的客户
是否有权获得在使用期间内因使用已识别资产所产生的几乎全部经济利益,并有权在该使用期间
主导已识别资产的使用。一般会计处理如下:
在租赁期开始日,本公司将其可在租赁期内使用租赁资产的权利确认为使用权资产,包括:
租赁负债的初始计量金额;在租赁期开始日或之前支付的租赁付款额,存在租赁激励的,扣除已
享受的租赁激励相关金额;承租人发生的初始直接费用;承租人为拆卸及移除租赁资产、复原租
赁资产所在场地或将租赁资产恢复至租赁条款约定状态预计将发生的成本。
在租赁期开始日,本公司将尚未支付的租赁付款额的现值确认为租赁负债,短期租赁和低价
值资产租赁除外。在计算租赁付款额的现值时,本公司采用租赁内含利率作为折现率;无法确定
租赁内含利率的,采用承租人增量借款利率作为折现率。
本公司后续釆用直线法对使用权资产计提折旧,并计算租赁负债在租赁期内各期间的利息费
用,计入当期损益,但另有规定计入相关资产成本的除外。未纳入租赁负债计量的可变租赁付款
额于实际发生时计入当期损",600519.SH,贵州茅台,2024-12-31,2024,年报,贵州茅台2024年报,贵州茅台2024年年度报告.pdf,C:\Users\Administrator\Desktop\financial-poc\data\raw\pdf\贵州茅台2024年年度报告.pdf,,,,238,396,资产负债表,76,76,113,资产负债表
600519_SH_pdf_贵州茅台2024年年度报告_pdf_bf557ae6_chunk_239,pdf,pdf,"现率。
本公司后续釆用直线法对使用权资产计提折旧,并计算租赁负债在租赁期内各期间的利息费
用,计入当期损益,但另有规定计入相关资产成本的除外。未纳入租赁负债计量的可变租赁付款
额于实际发生时计入当期损益,但另有规定计入相关资产成本的除外。
本公司对短期租赁和低价值资产租赁选择不确认使用权资产和租赁负债。在租赁期内各个期
间按照直线法计入相关的资产成本或当期损益。
作为出租方的租赁分类标准和会计处理方法
√适用 □不适用
作为出租人,租赁开始日实质上转移了与租赁资产所有权有关的几乎全部风险和报酬的租赁
为融资租赁,除此之外的均为经营租赁。
a.经营租赁的租金收入在租赁期内各个期间按直线法确认为当期损益。
b.在租赁期开始日,本公司对融资租赁确认应收融资租赁款,并终止确认融资租赁资产。对
应收融资租赁款进行初始计量时,以租赁投资净额作为应收融资租赁款的入账价值。租赁投资净
额为未担保余值和租赁期开始日尚未收到的租赁收款额按照租赁内含利率折现的现值之和。
24、 其他重要的会计政策和会计估计
(1) 利息收入和支出的确认原则和方法
对于所有以摊余成本计量的金融工具及以公允价值计量且其变动计入",600519.SH,贵州茅台,2024-12-31,2024,年报,贵州茅台2024年报,贵州茅台2024年年度报告.pdf,C:\Users\Administrator\Desktop\financial-poc\data\raw\pdf\贵州茅台2024年年度报告.pdf,,,,239,396,资产负债表,76,76,113,资产负债表
600519_SH_pdf_贵州茅台2024年年度报告_pdf_bf557ae6_chunk_240,pdf,pdf,"期开始日尚未收到的租赁收款额按照租赁内含利率折现的现值之和。
24、 其他重要的会计政策和会计估计
(1) 利息收入和支出的确认原则和方法
对于所有以摊余成本计量的金融工具及以公允价值计量且其变动计入其他综合收益的金融资
产中计息的金融工具,利息收入以实际利率计量。实际利率是指按金融工具的预计存续期间将其
预计未来现金流入或流出折现至该金融资产账面余额或金融负债摊余成本的利率。实际利率的计
算需要考虑金融工具的合同条款(例如提前还款权)并且包括所有归属于实际利率组成部分的费用
和所有交易成本,但不包括预期信用损失。
贵州茅台酒股份有限公司2024 年年度报告
85 / 143
(2) 买入返售金融资产的核算方法
买入返售交易是指按照合同或协议以一定的价格向交易对手买入相关资产(包括债券及票据),
合同或协议到期日再以约定价格返售相同之金融产品。买入返售按买入返售相关资产时实际支付
的款项入账,利息收入在返售期间内以实际利率确认。
25、 重要会计政策和会计估计的变更
(1). 重要会计政策变更
□适用 √不适用
(2). 重要会计估计变更
□适用 √不适用
(3). 2024 年起首次",600519.SH,贵州茅台,2024-12-31,2024,年报,贵州茅台2024年报,贵州茅台2024年年度报告.pdf,C:\Users\Administrator\Desktop\financial-poc\data\raw\pdf\贵州茅台2024年年度报告.pdf,,,,240,396,资产负债表,76,76,113,资产负债表
600519_SH_pdf_贵州茅台2024年年度报告_pdf_bf557ae6_chunk_241,pdf,pdf,"账,利息收入在返售期间内以实际利率确认。
25、 重要会计政策和会计估计的变更
(1). 重要会计政策变更
□适用 √不适用
(2). 重要会计估计变更
□适用 √不适用
(3). 2024 年起首次执行新会计准则或准则解释等涉及调整首次执行当年年初的财务报表
□适用 √不适用
26、 其他
□适用 √不适用
六、 税项
1、 主要税种及税率
主要税种及税率情况
√适用 □不适用
税种
计税依据
税率
增值税
以按税法规定计算的销售货物和应税劳务收入为
基础计算销项税额,扣除当期允许抵扣的进项税
额后,差额部分为应交增值税
13%
消费税
酒类产品销售收入计税价格、销售数量
20%、0.5 元/500ml
城市维护建设税
应纳流转税额
7%
企业所得税
应纳税所得额
25%
教育费附加
应纳流转税额
3%
地方教育费附加
应纳流转税额
2%
存在不同企业所得税税率纳税主体的,披露情况说明
√适用 □不适用
纳税主体名称
所得税税率(%)
西藏国酒茅台销售有限公司
15
2、 税收优惠
√适用 □不适用
西藏国酒茅台销售有限公司于2012 年在西藏拉萨市设立,根据《西藏自治区人民政府关于",600519.SH,贵州茅台,2024-12-31,2024,年报,贵州茅台2024年报,贵州茅台2024年年度报告.pdf,C:\Users\Administrator\Desktop\financial-poc\data\raw\pdf\贵州茅台2024年年度报告.pdf,,,,241,396,资产负债表,76,76,113,资产负债表
600519_SH_pdf_贵州茅台2024年年度报告_pdf_bf557ae6_chunk_242,pdf,pdf,"√适用 □不适用
纳税主体名称
所得税税率(%)
西藏国酒茅台销售有限公司
15
2、 税收优惠
√适用 □不适用
西藏国酒茅台销售有限公司于2012 年在西藏拉萨市设立,根据《西藏自治区人民政府关于
印发西藏自治区招商引资优惠政策若干规定的通知》(藏政发〔2021〕9 号)规定,西藏国酒茅
台销售有限公司享受按15%税率申报缴纳企业所得税的优惠政策。
贵州茅台酒股份有限公司2024 年年度报告
86 / 143
七、 合并财务报表项目注释
1、 货币资金
√适用 □不适用
单位:元 币种:人民币
项目
期末余额
期初余额
库存现金
9,733.00
162,802.00
银行存款
59,295,750,908.09
69,069,973,574.12
其他货币资金
62,315.80
存放财务公司存款
合计
59,295,822,956.89
69,070,136,376.12
其中:存放在境
外的款项总额
24,496,450.39
27,433,842.07
其他说明:
使用受到限制的货币资金
项目
期末数
期初数
人民币金额
人民币金额
存放中央银行法定存款准备金
7,403,",600519.SH,贵州茅台,2024-12-31,2024,年报,贵州茅台2024年报,贵州茅台2024年年度报告.pdf,C:\Users\Administrator\Desktop\financial-poc\data\raw\pdf\贵州茅台2024年年度报告.pdf,,,,242,396,资产负债表,76,76,113,资产负债表
600519_SH_pdf_贵州茅台2024年年度报告_pdf_bf557ae6_chunk_243,pdf,pdf,"放在境
外的款项总额
24,496,450.39
27,433,842.07
其他说明:
使用受到限制的货币资金
项目
期末数
期初数
人民币金额
人民币金额
存放中央银行法定存款准备金
7,403,523,670.43
5,991,813,679.87
2、 拆出资金
单位:元 币种:人民币
项目
期末余额
期初余额
存放同业款项
125,109,533,185.08
103,060,963,177.98
拆出资金
2,103,875,000.02
2,508,579,166.67
减:减值准备
26,114,886.93
15,705,882.07
账面价值
127,187,293,298.17
105,553,836,462.58
使用受到限制的拆出资金
项目
期末数
期初数
人民币金额
人民币金额
不能随时支取的同业存款
10,000,000,000.00
16,000,000,000.00
3、 交易性金融资产
√适用 □不适用
单位:元 币种:人民币
项目
期末余额
期初余额
指定理由和依据
以公允价值计量且其变动计入当
期损益的金融资产
248,513,280.00 40",600519.SH,贵州茅台,2024-12-31,2024,年报,贵州茅台2024年报,贵州茅台2024年年度报告.pdf,C:\Users\Administrator\Desktop\financial-poc\data\raw\pdf\贵州茅台2024年年度报告.pdf,,,,243,396,资产负债表,76,76,113,资产负债表
600519_SH_pdf_贵州茅台2024年年度报告_pdf_bf557ae6_chunk_244,pdf,pdf,"00.00
3、 交易性金融资产
√适用 □不适用
单位:元 币种:人民币
项目
期末余额
期初余额
指定理由和依据
以公允价值计量且其变动计入当
期损益的金融资产
248,513,280.00 400,712,059.93
/
其中:
债务工具投资
248,513,280.00 400,712,059.93
/
指定以公允价值计量且其变动计
入当期损益的金融资产
合计
248,513,280.00 400,712,059.93
/
4、 应收票据
(1). 应收票据分类列示
√适用 □不适用
贵州茅台酒股份有限公司2024 年年度报告
87 / 143
单位:元 币种:人民币
项目
期末余额
期初余额
银行承兑票据
1,984,407,967.50
13,933,440.00
合计
1,984,407,967.50
13,933,440.00
(2). 期末公司已质押的应收票据
□适用 √不适用
(3). 期末公司已背书或贴现且在资产负债表日尚未到期的应收票据
√适用 □不适用
单位:元 币种:人民币
项目
期末终止确认金额
期末未终止确认金额
银行承兑票据
25,000,000.0",600519.SH,贵州茅台,2024-12-31,2024,年报,贵州茅台2024年报,贵州茅台2024年年度报告.pdf,C:\Users\Administrator\Desktop\financial-poc\data\raw\pdf\贵州茅台2024年年度报告.pdf,,,,244,396,资产负债表,76,76,113,资产负债表
600519_SH_pdf_贵州茅台2024年年度报告_pdf_bf557ae6_chunk_245,pdf,pdf,"√不适用
(3). 期末公司已背书或贴现且在资产负债表日尚未到期的应收票据
√适用 □不适用
单位:元 币种:人民币
项目
期末终止确认金额
期末未终止确认金额
银行承兑票据
25,000,000.00
合计
25,000,000.00
(4). 按坏账计提方法分类披露
□适用 √不适用
按单项计提坏账准备:
□适用 √不适用
按组合计提坏账准备:
□适用 √不适用
按预期信用损失一般模型计提坏账准备
□适用 √不适用
对本期发生损失准备变动的应收票据账面余额显著变动的情况说明:
□适用 √不适用
(5). 坏账准备的情况
□适用 √不适用
其中本期坏账准备收回或转回金额重要的:
□适用 √不适用
(6). 本期实际核销的应收票据情况
□适用 √不适用
其中重要的应收票据核销情况:
□适用 √不适用
应收票据核销说明:
□适用 √不适用
贵州茅台酒股份有限公司2024 年年度报告
88 / 143
5、 应收账款
(1).
按账龄披露
√适用 □不适用
单位:元 币种:人民币
账龄
期末账面余额
期初账面余额
1 年以内
18,974,192.75
60,373,410.41
1 年以",600519.SH,贵州茅台,2024-12-31,2024,年报,贵州茅台2024年报,贵州茅台2024年年度报告.pdf,C:\Users\Administrator\Desktop\financial-poc\data\raw\pdf\贵州茅台2024年年度报告.pdf,,,,245,396,资产负债表,76,76,113,资产负债表
600519_SH_pdf_贵州茅台2024年年度报告_pdf_bf557ae6_chunk_246,pdf,pdf,"143
5、 应收账款
(1).
按账龄披露
√适用 □不适用
单位:元 币种:人民币
账龄
期末账面余额
期初账面余额
1 年以内
18,974,192.75
60,373,410.41
1 年以内小计
18,974,192.75
60,373,410.41
1 至2 年
2 至3 年
3 至4 年
4 至5 年
5 年以上
1,021,098.00
1,808,530.62
合计
19,995,290.75
62,181,941.03
(2). 按坏账计提方法分类披露
√适用 □不适用
单位:元 币种:人民币
类别
期末余额
期初余额
账面余额
坏账准备
账面
价值
账面余额
坏账准备
账面
价值
金额
比
例
(%)
金额
计提
比例
(%)
金额
比
例
(%)
金额
计提比
例(%)
按单项计提坏账准备
按组合计提坏账准备
19,995,290.75
100
1,021,098.00
5.11
18,974,192.75
62,181,941.03
100
1,808,530.62
2.91
60,373,410.41
其中:
按组合计提坏
账准备
19,995,290.7",600519.SH,贵州茅台,2024-12-31,2024,年报,贵州茅台2024年报,贵州茅台2024年年度报告.pdf,C:\Users\Administrator\Desktop\financial-poc\data\raw\pdf\贵州茅台2024年年度报告.pdf,,,,246,396,资产负债表,76,76,113,资产负债表
600519_SH_pdf_贵州茅台2024年年度报告_pdf_bf557ae6_chunk_247,pdf,pdf,".00
5.11
18,974,192.75
62,181,941.03
100
1,808,530.62
2.91
60,373,410.41
其中:
按组合计提坏
账准备
19,995,290.75
100
1,021,098.00
5.11
18,974,192.75
62,181,941.03
100
1,808,530.62
2.91
60,373,410.41
合计
19,995,290.75
/
1,021,098.00
/
18,974,192.75
62,181,941.03
/
1,808,530.62
/
60,373,410.41
按组合计提坏账准备:
√适用 □不适用
组合计提项目:按组合计提坏账准备
单位:元 币种:人民币
名称
期末余额
应收账款
坏账准备
计提比例(%)
1 年以内
18,974,192.75
1 至2 年
2 至3 年
3 至4 年
4 至5 年
5 年以上
1,021,098.00
1,021,098.00
100.00
合计
19,995,290.75
1,021,098.00
5.11
按组合计提坏账准备的说明:
□适用 √不适用",600519.SH,贵州茅台,2024-12-31,2024,年报,贵州茅台2024年报,贵州茅台2024年年度报告.pdf,C:\Users\Administrator\Desktop\financial-poc\data\raw\pdf\贵州茅台2024年年度报告.pdf,,,,247,396,资产负债表,76,76,113,资产负债表
600519_SH_pdf_贵州茅台2024年年度报告_pdf_bf557ae6_chunk_248,pdf,pdf,"5 年
5 年以上
1,021,098.00
1,021,098.00
100.00
合计
19,995,290.75
1,021,098.00
5.11
按组合计提坏账准备的说明:
□适用 √不适用
按预期信用损失一般模型计提坏账准备
□适用 √不适用
对本期发生损失准备变动的应收账款账面余额显著变动的情况说明:
□适用 √不适用
贵州茅台酒股份有限公司2024 年年度报告
89 / 143
(3). 坏账准备的情况
√适用 □不适用
单位:元 币种:人民币
类别
期初余额
本期变动金额
期末余额
计
提
收回或
转回
转销或核销
其他变
动
按组合计提坏账
准备
1,808,530.62
787,432.62
1,021,098.00
合计
1,808,530.62
787,432.62
1,021,098.00
其中本期坏账准备收回或转回金额重要的:
□适用 √不适用
(4). 本期实际核销的应收账款情况
√适用 □不适用
单位:元 币种:人民币
项目
核销金额
实际核销的应收账款
787,432.62
其中重要的应收账款核销情况
□适用 √不适用
(5). 按欠款方归集的期末余",600519.SH,贵州茅台,2024-12-31,2024,年报,贵州茅台2024年报,贵州茅台2024年年度报告.pdf,C:\Users\Administrator\Desktop\financial-poc\data\raw\pdf\贵州茅台2024年年度报告.pdf,,,,248,396,资产负债表,76,76,113,资产负债表
600519_SH_pdf_贵州茅台2024年年度报告_pdf_bf557ae6_chunk_249,pdf,pdf,"实际核销的应收账款情况
√适用 □不适用
单位:元 币种:人民币
项目
核销金额
实际核销的应收账款
787,432.62
其中重要的应收账款核销情况
□适用 √不适用
(5). 按欠款方归集的期末余额前五名的应收账款和合同资产情况
√适用 □不适用
单位:元 币种:人民币
单位名称
应收账款期末
余额
合同资产期
末余额
应收账款和合同
资产期末余额
占应收账款和
合同资产期末
余额合计数的
比例(%)
坏账准备期
末余额
线上电商平台零售客户
17,997,125.10
17,997,125.10
90.01
DUTY FREE ASSOCIATES
823,612.61
823,612.61
4.12
天津飞萌实业有限公司
784,900.00
784,900.00
3.93
784,900.00
ALORSFAIM
77,966.25
77,966.25
0.39
COSTCO France
53,462.57
53,462.57
0.27
合计
19,737,066.53
19,737,066.53
98.72
784,900.00
6、 预付款项
(1). 预付款项按账龄列",600519.SH,贵州茅台,2024-12-31,2024,年报,贵州茅台2024年报,贵州茅台2024年年度报告.pdf,C:\Users\Administrator\Desktop\financial-poc\data\raw\pdf\贵州茅台2024年年度报告.pdf,,,,249,396,资产负债表,76,76,113,资产负债表
600519_SH_pdf_贵州茅台2024年年度报告_pdf_bf557ae6_chunk_250,pdf,pdf,"rance
53,462.57
53,462.57
0.27
合计
19,737,066.53
19,737,066.53
98.72
784,900.00
6、 预付款项
(1). 预付款项按账龄列示
√适用 □不适用
单位:元 币种:人民币
账龄
期末余额
期初余额
金额
比例(%)
金额
比例(%)
1 年以内
25,080,269.93
92.98
25,484,238.38
73.69
1 至2 年
1,637,296.14
6.07
8,118,647.00
23.47
2 至3 年
51,390.63
0.19
233,459.62
0.68
3 年以上
206,076.50
0.76
748,766.79
2.16
合计
26,975,033.20
100.00
34,585,111.79
100.00
贵州茅台酒股份有限公司2024 年年度报告
90 / 143
(2). 按预付对象归集的期末余额前五名的预付款情况
√适用 □不适用
单位:元 币种:人民币
单位名称
期末余额
占预付款项期末余
额合计数的比例(%)
贵州茅台酒厂(集团)保健酒业销售有限公司
8,600",600519.SH,贵州茅台,2024-12-31,2024,年报,贵州茅台2024年报,贵州茅台2024年年度报告.pdf,C:\Users\Administrator\Desktop\financial-poc\data\raw\pdf\贵州茅台2024年年度报告.pdf,,,,250,396,资产负债表,76,76,113,资产负债表
600519_SH_pdf_贵州茅台2024年年度报告_pdf_bf557ae6_chunk_251,pdf,pdf,"按预付对象归集的期末余额前五名的预付款情况
√适用 □不适用
单位:元 币种:人民币
单位名称
期末余额
占预付款项期末余
额合计数的比例(%)
贵州茅台酒厂(集团)保健酒业销售有限公司
8,600,893.80
31.88
中国石化销售股份有限公司贵州遵义石油分公司
7,830,429.88
29.03
软通动力信息技术(集团)股份有限公司
1,457,641.47
5.40
北京万慧达知识产权代理有限公司
1,370,000.00
5.08
贵州黔通智联科技股份有限公司
895,746.60
3.32
合计
20,154,711.75
74.71
7、 其他应收款
项目列示
√适用 □不适用
单位:元 币种:人民币
项目
期末余额
期初余额
应收利息
应收股利
其他应收款
29,955,673.47
27,502,107.30
合计
29,955,673.47
27,502,107.30
其他应收款
(1).按账龄披露
√适用 □不适用
单位:元 币种:人民币
账龄
期末账面余额
期初账面余额
1 年以内
23,442,835.51
11,715,649.28
1 年以内小计
2",600519.SH,贵州茅台,2024-12-31,2024,年报,贵州茅台2024年报,贵州茅台2024年年度报告.pdf,C:\Users\Administrator\Desktop\financial-poc\data\raw\pdf\贵州茅台2024年年度报告.pdf,,,,251,396,资产负债表,76,76,113,资产负债表
600519_SH_pdf_贵州茅台2024年年度报告_pdf_bf557ae6_chunk_252,pdf,pdf,"30
其他应收款
(1).按账龄披露
√适用 □不适用
单位:元 币种:人民币
账龄
期末账面余额
期初账面余额
1 年以内
23,442,835.51
11,715,649.28
1 年以内小计
23,442,835.51
11,715,649.28
1 至2 年
5,074,397.76
13,852,727.47
2 至3 年
1,103,600.00
600,382.00
3 至4 年
100,000.00
500.00
4 至5 年
500.00
593,258.43
5 年以上
554,585.20
905,012.22
合计
30,275,918.47
27,667,529.40
(2).按款项性质分类情况
√适用 □不适用
单位:元 币种:人民币
款项性质
期末账面余额
期初账面余额
备用金
6,312,023.49
6,265,395.91
往来款项
23,963,894.98
21,402,133.49
合计
30,275,918.47
27,667,529.40
贵州茅台酒股份有限公司2024 年年度报告
91 / 143
(3).坏账准备计提情况
√适用 □不适",600519.SH,贵州茅台,2024-12-31,2024,年报,贵州茅台2024年报,贵州茅台2024年年度报告.pdf,C:\Users\Administrator\Desktop\financial-poc\data\raw\pdf\贵州茅台2024年年度报告.pdf,,,,252,396,资产负债表,76,76,113,资产负债表
600519_SH_pdf_贵州茅台2024年年度报告_pdf_bf557ae6_chunk_253,pdf,pdf,".98
21,402,133.49
合计
30,275,918.47
27,667,529.40
贵州茅台酒股份有限公司2024 年年度报告
91 / 143
(3).坏账准备计提情况
√适用 □不适用
单位:元 币种:人民币
坏账准备
第一阶段
第二阶段
第三阶段
合计
未来12个月预
期信用损失
整个存续期预期信
用损失(未发生信
用减值)
整个存续期预期信
用损失(已发生信
用减值)
2024年1月1日余
额
8,017.08
157,405.02
165,422.10
2024年1月1日余
额在本期
--转入第二阶段
--转入第三阶段
-37,951.22
37,951.22
--转回第二阶段
--转回第一阶段
本期计提
56,224.30
808,444.61
864,668.91
本期转回
8,017.08
5,433.10
13,450.18
本期转销
本期核销
696,395.83
696,395.83
其他变动
2024年12月31日
余额
170,245.00
150,000.00
320,245.00
对本期发生损失准备变动的其他应收款账面余额显著变动的情况说明:",600519.SH,贵州茅台,2024-12-31,2024,年报,贵州茅台2024年报,贵州茅台2024年年度报告.pdf,C:\Users\Administrator\Desktop\financial-poc\data\raw\pdf\贵州茅台2024年年度报告.pdf,,,,253,396,资产负债表,76,76,113,资产负债表
600519_SH_pdf_贵州茅台2024年年度报告_pdf_bf557ae6_chunk_254,pdf,pdf,"5.83
696,395.83
其他变动
2024年12月31日
余额
170,245.00
150,000.00
320,245.00
对本期发生损失准备变动的其他应收款账面余额显著变动的情况说明:
□适用 √不适用
本期坏账准备计提金额以及评估金融工具的信用风险是否显著增加的采用依据:
□适用 √不适用
(4).坏账准备的情况
√适用 □不适用
单位:元 币种:人民币
类别
期初余额
本期变动金额
期末余额
计提
收回或转
回
转销或核销
其他变
动
按组合计提
坏账准备
165,422.10 864,668.91 13,450.18 696,395.83
320,245.00
合计
165,422.10 864,668.91 13,450.18 696,395.83
320,245.00
(5).本期实际核销的其他应收款情况
√适用 □不适用
单位:元 币种:人民币
项目
核销金额
实际核销的其他应收款
696,395.83
其中重要的其他应收款核销情况:
□适用 √不适用
贵州茅台酒股份有限公司2024 年年度报告
92 / 143
(6).按欠款方归集的期末余额前五名的其他应",600519.SH,贵州茅台,2024-12-31,2024,年报,贵州茅台2024年报,贵州茅台2024年年度报告.pdf,C:\Users\Administrator\Desktop\financial-poc\data\raw\pdf\贵州茅台2024年年度报告.pdf,,,,254,396,资产负债表,76,76,113,资产负债表
600519_SH_pdf_贵州茅台2024年年度报告_pdf_bf557ae6_chunk_255,pdf,pdf,"实际核销的其他应收款
696,395.83
其中重要的其他应收款核销情况:
□适用 √不适用
贵州茅台酒股份有限公司2024 年年度报告
92 / 143
(6).按欠款方归集的期末余额前五名的其他应收款情况
√适用 □不适用
单位:元 币种:人民币
单位名称
期末余额
占其他应收
款期末余额
合计数的比
例(%)
款项的性质
账龄
坏账准备
期末余额
中铁二十二局集团
有限公司
2,285,990.16
7.55
往来款项
1 年以内
北京中海地产有限
公司
850,935.57
2.81
往来款项
1 年以内
罗盟
680,314.90
2.25
备用金
1 年以内
中国石化销售股份
有限公司湖南长沙
石油分公司
672,438.00
2.22
往来款项
1 年以内
天津凯旋门百货有
限公司
600,000.00
1.98
往来款项
2 至3 年
合计
5,089,678.63
16.81
/
/
其他说明:
√适用 □不适用
A.中铁二十二局集团有限公司应收款为贵州茅台酒股份有限公司和义兴酒业分公司垫付新寨、大
地生产区水电费。
B.北京中海地产有限公司应收款为公司控股子公司北京",600519.SH,贵州茅台,2024-12-31,2024,年报,贵州茅台2024年报,贵州茅台2024年年度报告.pdf,C:\Users\Administrator\Desktop\financial-poc\data\raw\pdf\贵州茅台2024年年度报告.pdf,,,,255,396,资产负债表,76,76,113,资产负债表
600519_SH_pdf_贵州茅台2024年年度报告_pdf_bf557ae6_chunk_256,pdf,pdf,"81
/
/
其他说明:
√适用 □不适用
A.中铁二十二局集团有限公司应收款为贵州茅台酒股份有限公司和义兴酒业分公司垫付新寨、大
地生产区水电费。
B.北京中海地产有限公司应收款为公司控股子公司北京友谊使者商贸有限公司支付租房保证金。
C.罗盟为公司职员,款项为办理诉讼及市场维权借款。
D.中国石化销售股份有限公司湖南长沙石油分公司应收款为公司控股子公司贵州赖茅酒业有限公
司应收促销费。
E.天津凯旋门百货有限公司应收款为公司控股子公司贵州茅台酒销售有限公司支付租房保证金。
8、 买入返售金融资产
(1) 按交易对手类型
单位:元 币种:人民币
项目
期末余额
期初余额
银行
其他金融机构
7,220,616,838.35
3,504,953,059.15
小计
7,220,616,838.35
3,504,953,059.15
减:减值准备
306,147.25
103,174.10
合计
7,220,310,691.10
3,504,849,885.05
(2) 按担保物类别
项目
期末余额
期初余额
债券
7,220,616,838.35
3,504,953,059.15
票据",600519.SH,贵州茅台,2024-12-31,2024,年报,贵州茅台2024年报,贵州茅台2024年年度报告.pdf,C:\Users\Administrator\Desktop\financial-poc\data\raw\pdf\贵州茅台2024年年度报告.pdf,,,,256,396,资产负债表,76,76,113,资产负债表
600519_SH_pdf_贵州茅台2024年年度报告_pdf_bf557ae6_chunk_257,pdf,pdf,"合计
7,220,310,691.10
3,504,849,885.05
(2) 按担保物类别
项目
期末余额
期初余额
债券
7,220,616,838.35
3,504,953,059.15
票据
小计
7,220,616,838.35
3,504,953,059.15
减:减值准备
306,147.25
103,174.10
合计
7,220,310,691.10
3,504,849,885.05
贵州茅台酒股份有限公司2024 年年度报告
93 / 143
9、 存货
(1). 存货分类
√适用 □不适用
单位:元 币种:人民币
项目
期末余额
期初余额
账面余额
存货跌价准备/
合同履约成本减
值准备
账面价值
账面余额
存货跌价准备
/合同履约成
本减值准备
账面价值
原材料
3,095,759,897.27
3,095,759,897.27
3,364,894,351.00
3,364,894,351.00
在产品
24,681,406,062.81
1,283,984.83
24,680,122,077.98
22,150,516,271.98
1,283,984.83",600519.SH,贵州茅台,2024-12-31,2024,年报,贵州茅台2024年报,贵州茅台2024年年度报告.pdf,C:\Users\Administrator\Desktop\financial-poc\data\raw\pdf\贵州茅台2024年年度报告.pdf,,,,257,396,资产负债表,76,76,113,资产负债表
600519_SH_pdf_贵州茅台2024年年度报告_pdf_bf557ae6_chunk_258,pdf,pdf,"3,364,894,351.00
在产品
24,681,406,062.81
1,283,984.83
24,680,122,077.98
22,150,516,271.98
1,283,984.83
22,149,232,287.15
库存商品
2,980,871,894.39
2,980,871,894.39
2,213,035,622.06
2,213,035,622.06
自制半成品
23,586,531,287.83
23,586,531,287.83
18,708,022,801.32
18,708,022,801.32
合计
54,344,569,142.30
1,283,984.83
54,343,285,157.47
46,436,469,046.36
1,283,984.83
46,435,185,061.53
(2). 确认为存货的数据资源
□适用 √不适用
(3). 存货跌价准备及合同履约成本减值准备
√适用 □不适用
单位:元 币种:人民币
项目
期初余额
本期增加金额
本期减少金额
期末余额
计提
其他
转回或转
销
其他
在产品
1,283,984.83",600519.SH,贵州茅台,2024-12-31,2024,年报,贵州茅台2024年报,贵州茅台2024年年度报告.pdf,C:\Users\Administrator\Desktop\financial-poc\data\raw\pdf\贵州茅台2024年年度报告.pdf,,,,258,396,资产负债表,76,76,113,资产负债表
600519_SH_pdf_贵州茅台2024年年度报告_pdf_bf557ae6_chunk_259,pdf,pdf,"存货跌价准备及合同履约成本减值准备
√适用 □不适用
单位:元 币种:人民币
项目
期初余额
本期增加金额
本期减少金额
期末余额
计提
其他
转回或转
销
其他
在产品
1,283,984.83
1,283,984.83
合计
1,283,984.83
1,283,984.83
10、
一年内到期的非流动资产
√适用 □不适用
单位:元 币种:人民币
项目
期末余额
期初余额
一年内到期的债权投资
1,210,959,803.42
合计
1,210,959,803.42
一年内到期的债权投资
√适用 □不适用
(1).一年内到期的债权投资情况
√适用 □不适用
单位:元 币种:人民币
项目
期末余额
期初余额
账面余额
减值准备
账面价值
账面
余额
减值
准备
账面
价值
贵阳银行股份有限公司
1,005,123,624.47
252,569.56
1,004,871,054.91
贵州银行股份有限公司
206,140,547.94
51,799.43
206,088,748.51
合计
1,211,264,172.41
304,368.99
1,210,959,803.42
一",600519.SH,贵州茅台,2024-12-31,2024,年报,贵州茅台2024年报,贵州茅台2024年年度报告.pdf,C:\Users\Administrator\Desktop\financial-poc\data\raw\pdf\贵州茅台2024年年度报告.pdf,,,,259,396,资产负债表,76,76,113,资产负债表
600519_SH_pdf_贵州茅台2024年年度报告_pdf_bf557ae6_chunk_260,pdf,pdf,"贵州银行股份有限公司
206,140,547.94
51,799.43
206,088,748.51
合计
1,211,264,172.41
304,368.99
1,210,959,803.42
一年内到期的债权投资减值准备本期变动情况
√适用 □不适用
贵州茅台酒股份有限公司2024 年年度报告
94 / 143
单位:元 币种:人民币
项目
期初余额
本期增加
本期减少
期末余额
贵阳银行股份有限公司
262,922.29
10,352.73
252,569.56
贵州银行股份有限公司
72,504.88
20,705.45
51,799.43
合计
335,427.17
31,058.18
304,368.99
(2).期末重要的一年内到期的债权投资
□适用 √不适用
(3).减值准备计提情况
√适用 □不适用
单位:元 币种:人民币
坏账准备
第一阶段
第二阶段
第三阶段
合计
未来12个月预
期信用损失
整个存续期预
期信用损失(未
发生信用减值)
整个存续期预
期信用损失(已
发生信用减值)
2024年1月1日余额
2024年1月1日余额在本期
--转入第二阶段
--转入",600519.SH,贵州茅台,2024-12-31,2024,年报,贵州茅台2024年报,贵州茅台2024年年度报告.pdf,C:\Users\Administrator\Desktop\financial-poc\data\raw\pdf\贵州茅台2024年年度报告.pdf,,,,260,396,资产负债表,76,76,113,资产负债表
600519_SH_pdf_贵州茅台2024年年度报告_pdf_bf557ae6_chunk_261,pdf,pdf,"未来12个月预
期信用损失
整个存续期预
期信用损失(未
发生信用减值)
整个存续期预
期信用损失(已
发生信用减值)
2024年1月1日余额
2024年1月1日余额在本期
--转入第二阶段
--转入第三阶段
--转回第二阶段
--转回第一阶段
本期计提
304,368.99
304,368.99
本期转回
31,058.18
31,058.18
本期转销
本期核销
其他变动
31,058.18
31,058.18
2024年12月31日余额
304,368.99
304,368.99
对本期发生损失准备变动的账面余额显著变动的情况说明:
□适用 √不适用
本期减值准备计提金额以及评估金融工具的信用风险是否显著增加的采用依据
□适用 √不适用
(4).本期实际核销的一年内到期的债权投资情况
□适用 √不适用
其中重要的一年内到期的债权投资情况核销情况
□适用 √不适用
一年内到期的债权投资的核销说明:
□适用 √不适用
一年内到期的其他债权投资
□适用 √不适用
贵州茅台酒股份有限公司2024 年年度报告
95 / 143
11、
其他流动资产
√适用 □不适用
单位:元 币种:人民币",600519.SH,贵州茅台,2024-12-31,2024,年报,贵州茅台2024年报,贵州茅台2024年年度报告.pdf,C:\Users\Administrator\Desktop\financial-poc\data\raw\pdf\贵州茅台2024年年度报告.pdf,,,,261,396,资产负债表,76,76,113,资产负债表
600519_SH_pdf_贵州茅台2024年年度报告_pdf_bf557ae6_chunk_262,pdf,pdf,"的核销说明:
□适用 √不适用
一年内到期的其他债权投资
□适用 √不适用
贵州茅台酒股份有限公司2024 年年度报告
95 / 143
11、
其他流动资产
√适用 □不适用
单位:元 币种:人民币
项目
期末余额
期初余额
期末未抵扣增值税
118,880,044.87
40,142,035.75
待取得抵扣凭证的进项税额
20,854,972.83
预缴所得税
19,749,723.00
31,261,870.82
其他
691,841.99
合计
160,176,582.69
71,403,906.57
12、
发放贷款和垫款
单位:元 币种:人民币
项目
期末数
期初数
发放贷款及垫款
2,381,228,475.45
2,130,818,189.27
项目
期末数
期初数
贷款及垫款总额
2,449,756,362.00
2,187,006,375.03
减:贷款减值准备
68,527,886.55
56,188,185.76
发放贷款及垫款账面价值
2,381,228,475.45
2,130,818,189.27
13、
债权投资
(1). 债权投资情况
√适用 □不适",600519.SH,贵州茅台,2024-12-31,2024,年报,贵州茅台2024年报,贵州茅台2024年年度报告.pdf,C:\Users\Administrator\Desktop\financial-poc\data\raw\pdf\贵州茅台2024年年度报告.pdf,,,,262,396,资产负债表,76,76,113,资产负债表
600519_SH_pdf_贵州茅台2024年年度报告_pdf_bf557ae6_chunk_263,pdf,pdf,",527,886.55
56,188,185.76
发放贷款及垫款账面价值
2,381,228,475.45
2,130,818,189.27
13、
债权投资
(1). 债权投资情况
√适用 □不适用
单位:元 币种:人民币
项目
期末余额
期初余额
账面余额
减值准备
账面价值
账面余额
减值准备
账面价值
中华人民共和国财政部(国债)
1,011,266,435.13
1,011,266,435.13
510,466,944.94
510,466,944.94
贵阳银行股份有限公司
202,017,329.83
50,763.34
201,966,566.49
3,213,667,940.23
657,943.12
3,213,009,997.11
贵州银行股份有限公司
200,000,000.00
50,256.42
199,949,743.58
506,302,054.81
103,656.62
506,198,398.19
中国农业银行股份有限公司
102,017,329.85
25,635.13
101,991,694.72
102,003,836.17
20,883.5",600519.SH,贵州茅台,2024-12-31,2024,年报,贵州茅台2024年报,贵州茅台2024年年度报告.pdf,C:\Users\Administrator\Desktop\financial-poc\data\raw\pdf\贵州茅台2024年年度报告.pdf,,,,263,396,资产负债表,76,76,113,资产负债表
600519_SH_pdf_贵州茅台2024年年度报告_pdf_bf557ae6_chunk_264,pdf,pdf,"3,656.62
506,198,398.19
中国农业银行股份有限公司
102,017,329.85
25,635.13
101,991,694.72
102,003,836.17
20,883.53
101,982,952.64
中国民生银行股份有限公司贵阳分行
991,546,780.25
203,002.11
991,343,778.14
合计
1,515,301,094.81
126,654.89
1,515,174,439.92
5,323,987,556.40
985,485.38
5,323,002,071.02
债权投资减值准备本期变动情况
√适用 □不适用
单位:元 币种:人民币
项目
期初余额
本期增加
本期减少
期末余额
贵阳银行股份有限公司
657,943.12
8,899.83
616,079.61
50,763.34
贵州银行股份有限公司
103,656.62
18,871.91
72,272.11
50,256.42
中国农业银行股份有限公司
20,883.53
4,796.18
44.58
25,635.13
中国民生银行股份有限公司贵阳分行
203,",600519.SH,贵州茅台,2024-12-31,2024,年报,贵州茅台2024年报,贵州茅台2024年年度报告.pdf,C:\Users\Administrator\Desktop\financial-poc\data\raw\pdf\贵州茅台2024年年度报告.pdf,,,,264,396,资产负债表,76,76,113,资产负债表
600519_SH_pdf_贵州茅台2024年年度报告_pdf_bf557ae6_chunk_265,pdf,pdf,"18,871.91
72,272.11
50,256.42
中国农业银行股份有限公司
20,883.53
4,796.18
44.58
25,635.13
中国民生银行股份有限公司贵阳分行
203,002.11
203,002.11
合计
985,485.38
32,567.92
891,398.41
126,654.89
(2). 期末重要的债权投资
□适用 √不适用
(3). 减值准备计提情况
√适用 □不适用
贵州茅台酒股份有限公司2024 年年度报告
96 / 143
单位:元 币种:人民币
减值准备
第一阶段
第二阶段
第三阶段
合计
未来12 个月
预期信用损失
整个存续期预期信
用损失(未发生信
用减值)
整个存续期预期信
用损失(已发生信
用减值)
2024年1月1日余
额
985,485.38
985,485.38
2024年1月1日余
额在本期
--转入第二阶段
--转入第三阶段
--转回第二阶段
--转回第一阶段
本期计提
32,567.92
32,567.92
本期转回
860,340.23
860,340.23
本期转销
本期核销
其他变动
-31,058.",600519.SH,贵州茅台,2024-12-31,2024,年报,贵州茅台2024年报,贵州茅台2024年年度报告.pdf,C:\Users\Administrator\Desktop\financial-poc\data\raw\pdf\贵州茅台2024年年度报告.pdf,,,,265,396,资产负债表,76,76,113,资产负债表
600519_SH_pdf_贵州茅台2024年年度报告_pdf_bf557ae6_chunk_266,pdf,pdf,"转入第三阶段
--转回第二阶段
--转回第一阶段
本期计提
32,567.92
32,567.92
本期转回
860,340.23
860,340.23
本期转销
本期核销
其他变动
-31,058.18
-31,058.18
2024年12月31日
余额
126,654.89
126,654.89
对本期发生损失准备变动的债权投资账面余额显著变动的情况说明:
□适用 √不适用
本期减值准备计提金额以及评估金融工具的信用风险是否显著增加的采用依据
□适用 √不适用
(4). 本期实际的核销债权投资情况
□适用 √不适用
14、
其他非流动金融资产
√适用 □不适用
单位:元 币种:人民币
项目
期末余额
期初余额
以公允价值计量且其变动计入当期
损益的金融资产
4,028,978,995.56
4,002,439,902.57
其中:权益工具投资
4,028,978,995.56
4,002,439,902.57
合计
4,028,978,995.56
4,002,439,902.57
其他说明:
√适用 □不适用
明细如下:
项目
期末余额
期初余额
茅台招华(贵州)产业发展基金合伙",600519.SH,贵州茅台,2024-12-31,2024,年报,贵州茅台2024年报,贵州茅台2024年年度报告.pdf,C:\Users\Administrator\Desktop\financial-poc\data\raw\pdf\贵州茅台2024年年度报告.pdf,,,,266,396,资产负债表,76,76,113,资产负债表
600519_SH_pdf_贵州茅台2024年年度报告_pdf_bf557ae6_chunk_267,pdf,pdf,"2,439,902.57
合计
4,028,978,995.56
4,002,439,902.57
其他说明:
√适用 □不适用
明细如下:
项目
期末余额
期初余额
茅台招华(贵州)产业发展基金合伙企业(有限合伙) 2,008,792,032.55
2,001,383,129.22
茅台金石(贵州)产业发展基金合伙企业(有限合伙) 2,020,186,963.01
2,001,056,773.35
合计
4,028,978,995.56
4,002,439,902.57
贵州茅台酒股份有限公司2024 年年度报告
97 / 143
15、
投资性房地产
投资性房地产计量模式
(1). 采用成本计量模式的投资性房地产
单位:元 币种:人民币
项目
房屋、建筑物
土地使用权
在建工程
合计
一、账面原值
1.期初余额
9,722,908.42
9,722,908.42
2.本期增加金额
4,665,316.93
4,665,316.93
(1)外购
(2)存货\固定资产\
在建工程转入
4,665,316.93
4,665,316.93
(3)企业合并增加
3.本期减少金额
(1)处置",600519.SH,贵州茅台,2024-12-31,2024,年报,贵州茅台2024年报,贵州茅台2024年年度报告.pdf,C:\Users\Administrator\Desktop\financial-poc\data\raw\pdf\贵州茅台2024年年度报告.pdf,,,,267,396,资产负债表,76,76,113,资产负债表
600519_SH_pdf_贵州茅台2024年年度报告_pdf_bf557ae6_chunk_268,pdf,pdf,"665,316.93
4,665,316.93
(1)外购
(2)存货\固定资产\
在建工程转入
4,665,316.93
4,665,316.93
(3)企业合并增加
3.本期减少金额
(1)处置
(2)其他转出
4.期末余额
14,388,225.35
14,388,225.35
二、累计折旧和累计摊销
1.期初余额
5,584,363.09
5,584,363.09
2.本期增加金额
1,178,694.43
1,178,694.43
(1)计提或摊销
716,689.16
716,689.16
(2)存货\固定资产\
在建工程转入
462,005.27
462,005.27
3.本期减少金额
(1)处置
(2)其他转出
4.期末余额
6,763,057.52
6,763,057.52
三、减值准备
1.期初余额
2.本期增加金额
(1)计提
3、本期减少金额
(1)处置
(2)其他转出
4.期末余额
四、账面价值
1.期末账面价值
7,625,167.83
7,625,167.83
2.期初账面价值
4,138,545.33
4,138,545.33
(2). 未办妥产权证书的",600519.SH,贵州茅台,2024-12-31,2024,年报,贵州茅台2024年报,贵州茅台2024年年度报告.pdf,C:\Users\Administrator\Desktop\financial-poc\data\raw\pdf\贵州茅台2024年年度报告.pdf,,,,268,396,资产负债表,76,76,113,资产负债表
600519_SH_pdf_贵州茅台2024年年度报告_pdf_bf557ae6_chunk_269,pdf,pdf,"转出
4.期末余额
四、账面价值
1.期末账面价值
7,625,167.83
7,625,167.83
2.期初账面价值
4,138,545.33
4,138,545.33
(2). 未办妥产权证书的投资性房地产情况
□适用 √不适用
(3). 采用成本计量模式的投资性房地产的减值测试情况
□适用 √不适用
贵州茅台酒股份有限公司2024 年年度报告
98 / 143
16、
固定资产
项目列示
√适用 □不适用
单位:元 币种:人民币
项目
期末余额
期初余额
固定资产
21,871,446,747.14
19,909,280,655.97
固定资产清理
合计
21,871,446,747.14
19,909,280,655.97
固定资产
(1).固定资产情况
√适用 □不适用
单位:元 币种:人民币
项目
房屋及建筑物
机器设备
运输工具
电子设备及其他
合计
一、账面原值:
1.期初余额
29,020,638,616.45
2,578,271,510.57
435,456,779.25
1,016,749,120.75
33,051,116,027.02
2.本期增加金额
3,",600519.SH,贵州茅台,2024-12-31,2024,年报,贵州茅台2024年报,贵州茅台2024年年度报告.pdf,C:\Users\Administrator\Desktop\financial-poc\data\raw\pdf\贵州茅台2024年年度报告.pdf,,,,269,396,资产负债表,76,76,113,资产负债表
600519_SH_pdf_贵州茅台2024年年度报告_pdf_bf557ae6_chunk_270,pdf,pdf,"初余额
29,020,638,616.45
2,578,271,510.57
435,456,779.25
1,016,749,120.75
33,051,116,027.02
2.本期增加金额
3,286,749,388.50
208,195,098.90
50,088,604.44
151,959,273.28
3,696,992,365.12
(1)购置
2,308,906.72
20,765,087.95
3,833,114.99
12,071,471.77
38,978,581.43
(2)在建工程
转入
3,284,440,481.78
187,430,010.95
46,255,489.45
139,887,801.51
3,658,013,783.69
(3)企业合并
增加
(4)外币报表
折算
3.本期减少金额
16,379,087.19
13,187,264.78
26,975,170.43
14,884,137.95
71,425,660.35
(1)处置或报
废
8,807,735.42
13,187,264.78
26,975,170.43
14,881,64",600519.SH,贵州茅台,2024-12-31,2024,年报,贵州茅台2024年报,贵州茅台2024年年度报告.pdf,C:\Users\Administrator\Desktop\financial-poc\data\raw\pdf\贵州茅台2024年年度报告.pdf,,,,270,396,资产负债表,76,76,113,资产负债表
600519_SH_pdf_贵州茅台2024年年度报告_pdf_bf557ae6_chunk_271,pdf,pdf,",975,170.43
14,884,137.95
71,425,660.35
(1)处置或报
废
8,807,735.42
13,187,264.78
26,975,170.43
14,881,642.17
63,851,812.80
(2)外币报表
折算
2,906,034.84
2,495.78
2,908,530.62
(3)转入投资
性房地产
4,665,316.93
4,665,316.93
4.期末余额
32,291,008,917.76
2,773,279,344.69
458,570,213.26
1,153,824,256.08
36,676,682,731.79
二、累计折旧
1.期初余额
10,469,707,352.24
1,658,878,641.74
273,835,499.91
738,346,660.36
13,140,768,154.25
2.本期增加金额
1,432,232,428.64
155,695,217.37
49,414,675.45
83,106,316.52
1,720,448,637.98
(1)计提
1,432,232,428.6",600519.SH,贵州茅台,2024-12-31,2024,年报,贵州茅台2024年报,贵州茅台2024年年度报告.pdf,C:\Users\Administrator\Desktop\financial-poc\data\raw\pdf\贵州茅台2024年年度报告.pdf,,,,271,396,资产负债表,76,76,113,资产负债表
600519_SH_pdf_贵州茅台2024年年度报告_pdf_bf557ae6_chunk_272,pdf,pdf,"额
1,432,232,428.64
155,695,217.37
49,414,675.45
83,106,316.52
1,720,448,637.98
(1)计提
1,432,232,428.64
155,695,217.37
49,414,675.45
83,106,316.52
1,720,448,637.98
(2)外币报表
折算
3.本期减少金额
4,811,856.55
12,504,396.42
25,599,132.47
14,132,638.94
57,048,024.38
(1)处置或报
废
3,497,773.19
12,504,396.42
25,599,132.47
14,124,076.51
55,725,378.59
(2)外币报表
折算
852,078.09
8,562.43
860,640.52
(3)转入投资
性房地产
462,005.27
462,005.27
4.期末余额
11,897,127,924.33
1,802,069,462.69
297,651,042.89
807,320,337.94
14,804,168,767.85
三、减",600519.SH,贵州茅台,2024-12-31,2024,年报,贵州茅台2024年报,贵州茅台2024年年度报告.pdf,C:\Users\Administrator\Desktop\financial-poc\data\raw\pdf\贵州茅台2024年年度报告.pdf,,,,272,396,资产负债表,76,76,113,资产负债表
600519_SH_pdf_贵州茅台2024年年度报告_pdf_bf557ae6_chunk_273,pdf,pdf,"005.27
4.期末余额
11,897,127,924.33
1,802,069,462.69
297,651,042.89
807,320,337.94
14,804,168,767.85
三、减值准备
1.期初余额
1,060,865.02
6,351.78
1,067,216.80
2.本期增加金额
(1)计提
3.本期减少金额
(1)处置或报
废
4.期末余额
1,060,865.02
6,351.78
1,067,216.80
四、账面价值
1.期末账面价值
20,393,880,993.43
970,149,016.98
160,919,170.37
346,497,566.36
21,871,446,747.14
2.期初账面价值
18,550,931,264.21
918,332,003.81
161,621,279.34
278,396,108.61
19,909,280,655.97
贵州茅台酒股份有限公司2024 年年度报告
99 / 143
(2).暂时闲置的固定资产情况
□适用 √不适用
(3).未办妥产权证书的固定资产情况
√适用 □不适用
单位:元 币种",600519.SH,贵州茅台,2024-12-31,2024,年报,贵州茅台2024年报,贵州茅台2024年年度报告.pdf,C:\Users\Administrator\Desktop\financial-poc\data\raw\pdf\贵州茅台2024年年度报告.pdf,,,,273,396,资产负债表,76,76,113,资产负债表
600519_SH_pdf_贵州茅台2024年年度报告_pdf_bf557ae6_chunk_274,pdf,pdf,"0,655.97
贵州茅台酒股份有限公司2024 年年度报告
99 / 143
(2).暂时闲置的固定资产情况
□适用 √不适用
(3).未办妥产权证书的固定资产情况
√适用 □不适用
单位:元 币种:人民币
项目
账面价值
未办妥产权证书
的原因
“十二五”万吨茅台酒工程第二期(2012 年)新增
2500 吨茅台酒技术改造项目
558,732,546.81 正在办理
2011 年2000 吨茅台王子酒制酒技改工程及配套设
施项目
347,096,637.47 正在办理
2012 年新增2800 吨茅台王子酒制酒技改工程及配
套设施
217,303,556.07 正在办理
酱香型系列酒制酒技改工程及配套设施工程
1,089,261,679.38 正在办理
17、
在建工程
项目列示
√适用 □不适用
单位:元 币种:人民币
项目
期末余额
期初余额
在建工程
2,149,619,937.05
2,137,464,700.45
工程物资
合计
2,149,619,937.05
2,137,464,700.45
在建工程
(1).在建工程情况
√适用 □不适用
单位:元 币种:人民币
项",600519.SH,贵州茅台,2024-12-31,2024,年报,贵州茅台2024年报,贵州茅台2024年年度报告.pdf,C:\Users\Administrator\Desktop\financial-poc\data\raw\pdf\贵州茅台2024年年度报告.pdf,,,,274,396,资产负债表,76,76,113,资产负债表
600519_SH_pdf_贵州茅台2024年年度报告_pdf_bf557ae6_chunk_275,pdf,pdf,"05
2,137,464,700.45
工程物资
合计
2,149,619,937.05
2,137,464,700.45
在建工程
(1).在建工程情况
√适用 □不适用
单位:元 币种:人民币
项目
期末余额
期初余额
账面余额
减值准备
账面价值
账面余额
减值准备
账面价值
在建工程
2,149,619,937.05
2,149,619,937.05
2,137,464,700.45
2,137,464,700.45
合计
2,149,619,937.05
2,149,619,937.05
2,137,464,700.45
2,137,464,700.45
(2).重要在建工程项目本期变动情况
√适用 □不适用
单位:元 币种:人民币
项目名称
预算数
期初
余额
本期增加金额
本期转入固定资产
金额
本期
其他
减少
金额
期末
余额
工程累
计投入
占预算
比例
(%)
工程
进度
利
息
资
本
化
累
计
金
额
其
中:
本期
利息
资本
化金
额
本期
利息
资本
化率
(%)
资
金
来
源
酱香型系列酒制酒
技改工程及配套设
施项目(6400
吨)
2,419,",600519.SH,贵州茅台,2024-12-31,2024,年报,贵州茅台2024年报,贵州茅台2024年年度报告.pdf,C:\Users\Administrator\Desktop\financial-poc\data\raw\pdf\贵州茅台2024年年度报告.pdf,,,,275,396,资产负债表,76,76,113,资产负债表
600519_SH_pdf_贵州茅台2024年年度报告_pdf_bf557ae6_chunk_276,pdf,pdf,"进度
利
息
资
本
化
累
计
金
额
其
中:
本期
利息
资本
化金
额
本期
利息
资本
化率
(%)
资
金
来
源
酱香型系列酒制酒
技改工程及配套设
施项目(6400
吨)
2,419,000,000.00
76,750,464.83
75,453,611.66
1,296,853.17
89.00
100%
自
筹
贵州茅台酒股份有限公司2024 年年度报告
100 / 143
“十三五”中华片
区茅台酒技改工程
及其配套设施项目
3,559,000,000.00
244,726,544.74
230,709,112.97
331,295,827.95
144,139,829.76
88.00
100%
自
筹
3 万吨酱香系列酒
技改工程及其配套
设施项目
10,180,000,000.00
1,072,327,010.48
1,075,824,701.72
2,042,557,436.53
105,594,275.67
70.00
100%
自
筹
包装物流园项目一
期工程
7,833,000,000.00
74,645,824.48
337,491,223.01",600519.SH,贵州茅台,2024-12-31,2024,年报,贵州茅台2024年报,贵州茅台2024年年度报告.pdf,C:\Users\Administrator\Desktop\financial-poc\data\raw\pdf\贵州茅台2024年年度报告.pdf,,,,276,396,资产负债表,76,76,113,资产负债表
600519_SH_pdf_贵州茅台2024年年度报告_pdf_bf557ae6_chunk_277,pdf,pdf,"557,436.53
105,594,275.67
70.00
100%
自
筹
包装物流园项目一
期工程
7,833,000,000.00
74,645,824.48
337,491,223.01
412,137,047.49
9.00
24%
自
筹
“十四五”酱香酒
习水同民坝一期建
设项目
4,110,000,000.00
252,656,242.47
671,743,431.58
123,986,295.36
800,413,378.69
42.00
66%
自
筹
茅台酒“十四五”
技改建设项目
15,516,000,000.00
8,085,819.55
516,589,116.95
162,300,000.00
362,374,936.50
12.00
26%
自
筹
中华片区30 栋酒
库建设项目
1,587,000,000.00
151,164,296.13
441,056,474.53
572,970,000.00
19,250,770.66
42.00
90%
自
筹
合计
45,204,000,000.00
1,803,605,737.85
3,350,164",600519.SH,贵州茅台,2024-12-31,2024,年报,贵州茅台2024年报,贵州茅台2024年年度报告.pdf,C:\Users\Administrator\Desktop\financial-poc\data\raw\pdf\贵州茅台2024年年度报告.pdf,,,,277,396,资产负债表,76,76,113,资产负债表
600519_SH_pdf_贵州茅台2024年年度报告_pdf_bf557ae6_chunk_278,pdf,pdf,"56,474.53
572,970,000.00
19,250,770.66
42.00
90%
自
筹
合计
45,204,000,000.00
1,803,605,737.85
3,350,164,525.59
3,308,563,171.50
1,845,207,091.94
/
/
/
/
(3).本期计提在建工程减值准备情况
□适用 √不适用
18、
使用权资产
(1) 使用权资产情况
√适用 □不适用
单位:元 币种:人民币
项目
房屋及建筑物
机器设备
土地使用权
合计
一、账面原值
1.期初余额
346,621,648.49
9,525,145.70 80,715,978.86 436,862,773.05
2.本期增加金额
202,485,749.91
202,485,749.91
(1)租入
202,485,749.91
202,485,749.91
3.本期减少金额
42,878,679.41
42,878,679.41
(1)处置
42,878,679.41
42,878,679.41
4.期末余额
506,228,718.99
9,525,145.70 80,",600519.SH,贵州茅台,2024-12-31,2024,年报,贵州茅台2024年报,贵州茅台2024年年度报告.pdf,C:\Users\Administrator\Desktop\financial-poc\data\raw\pdf\贵州茅台2024年年度报告.pdf,,,,278,396,资产负债表,76,76,113,资产负债表
600519_SH_pdf_贵州茅台2024年年度报告_pdf_bf557ae6_chunk_279,pdf,pdf,"42,878,679.41
42,878,679.41
(1)处置
42,878,679.41
42,878,679.41
4.期末余额
506,228,718.99
9,525,145.70 80,715,978.86 596,469,843.55
二、累计折旧
1.期初余额
108,870,603.22
5,715,087.46
8,071,597.81 122,657,288.49
2.本期增加金额
89,672,905.50
1,905,029.14
2,914,743.65
94,492,678.29
(1)计提
89,672,905.50
1,905,029.14
2,914,743.65
94,492,678.29
3.本期减少金额
31,274,296.76
31,274,296.76
(1)处置
31,274,296.76
31,274,296.76
4.期末余额
167,269,211.96
7,620,116.60 10,986,341.46 185,875,670.02
三、减值准备
1.期初余额
2.本期增加金额
(1)计提
3.本期减少金额
(1)处置
4.",600519.SH,贵州茅台,2024-12-31,2024,年报,贵州茅台2024年报,贵州茅台2024年年度报告.pdf,C:\Users\Administrator\Desktop\financial-poc\data\raw\pdf\贵州茅台2024年年度报告.pdf,,,,279,396,资产负债表,76,76,113,资产负债表
600519_SH_pdf_贵州茅台2024年年度报告_pdf_bf557ae6_chunk_280,pdf,pdf,",269,211.96
7,620,116.60 10,986,341.46 185,875,670.02
三、减值准备
1.期初余额
2.本期增加金额
(1)计提
3.本期减少金额
(1)处置
4.期末余额
四、账面价值
1.期末账面价值
338,959,507.03
1,905,029.10 69,729,637.40 410,594,173.53
2.期初账面价值
237,751,045.27
3,810,058.24 72,644,381.05 314,205,484.56
贵州茅台酒股份有限公司2024 年年度报告
101 / 143
19、
无形资产
(1). 无形资产情况
√适用 □不适用
单位:元 币种:人民币
项目
土地使用权
软件
合计
一、账面原值
1.期初余额
9,532,459,233.40
211,730,047.44
9,744,189,280.84
2.本期增加金额
298,273,900.00
228,834,676.51
527,108,576.51
(1)购置
298,273,900.00
7,745,080.59
306,018,980.59
(",600519.SH,贵州茅台,2024-12-31,2024,年报,贵州茅台2024年报,贵州茅台2024年年度报告.pdf,C:\Users\Administrator\Desktop\financial-poc\data\raw\pdf\贵州茅台2024年年度报告.pdf,,,,280,396,资产负债表,76,76,113,资产负债表
600519_SH_pdf_贵州茅台2024年年度报告_pdf_bf557ae6_chunk_281,pdf,pdf,"增加金额
298,273,900.00
228,834,676.51
527,108,576.51
(1)购置
298,273,900.00
7,745,080.59
306,018,980.59
(2)内部研发
221,089,595.92
221,089,595.92
(3)企业合并增加
3.本期减少金额
39,316.24
39,316.24
(1)处置
39,316.24
39,316.24
4.期末余额
9,830,733,133.40
440,525,407.71
10,271,258,541.11
二、累计摊销
1.期初余额
1,117,179,884.81
54,742,082.19
1,171,921,967.00
2.本期增加金额
194,258,528.00
54,911,531.35
249,170,059.35
(1)计提
194,258,528.00
54,911,531.35
249,170,059.35
3.本期减少金额
39,316.24
39,316.24
(1)处置
39,316.24
39,316.24
4.期末余额
1,311,438,412.",600519.SH,贵州茅台,2024-12-31,2024,年报,贵州茅台2024年报,贵州茅台2024年年度报告.pdf,C:\Users\Administrator\Desktop\financial-poc\data\raw\pdf\贵州茅台2024年年度报告.pdf,,,,281,396,资产负债表,76,76,113,资产负债表
600519_SH_pdf_贵州茅台2024年年度报告_pdf_bf557ae6_chunk_282,pdf,pdf,"1,531.35
249,170,059.35
3.本期减少金额
39,316.24
39,316.24
(1)处置
39,316.24
39,316.24
4.期末余额
1,311,438,412.81
109,614,297.30
1,421,052,710.11
三、减值准备
1.期初余额
2.本期增加金额
(1)计提
3.本期减少金额
(1)处置
4.期末余额
四、账面价值
1.期末账面价值
8,519,294,720.59
330,911,110.41
8,850,205,831.00
2.期初账面价值
8,415,279,348.59
156,987,965.25
8,572,267,313.84
本期末通过公司内部研发形成的无形资产占无形资产余额的比例是2.90%
(2). 确认为无形资产的数据资源
□适用 √不适用
(3). 未办妥产权证书的土地使用权情况
√适用 □不适用
贵州茅台酒股份有限公司2024 年年度报告
102 / 143
单位:元 币种:人民币
项目
账面价值
未办妥产权证书的原
因
中华片区一期、二期茅台酒技改工程
2,141,855,569.18 正",600519.SH,贵州茅台,2024-12-31,2024,年报,贵州茅台2024年报,贵州茅台2024年年度报告.pdf,C:\Users\Administrator\Desktop\financial-poc\data\raw\pdf\贵州茅台2024年年度报告.pdf,,,,282,396,资产负债表,76,76,113,资产负债表
600519_SH_pdf_贵州茅台2024年年度报告_pdf_bf557ae6_chunk_283,pdf,pdf,"贵州茅台酒股份有限公司2024 年年度报告
102 / 143
单位:元 币种:人民币
项目
账面价值
未办妥产权证书的原
因
中华片区一期、二期茅台酒技改工程
2,141,855,569.18 正在办理中
“十二五”万吨茅台酒工程第二期(2012 年)新
增2500 吨茅台酒技术改造项目
330,000,000.00 正在办理中
酱香型系列酒制酒技改工程及配套设施工程
352,681,578.55 正在办理中
2000 吨茅台王子酒技改工程、2800 吨茅台王子酒
技改工程
30,000,000.00 正在办理中
“十三五”中华片区茅台酒技改工程及其配套设
施项目
215,259,100.00 正在办理中
3 万吨酱香系列酒技改工程及其配套设施项目
998,256,302.95 正在办理中
20、
开发支出
单位:元 币种:人民币
项目
期初余额
本期增加金额
本期减少金额
期末余额
内部开发支出
其他
确认为无形资产
转入当期
损益
项目研发
218,015,555.49 101,596,918.85
221,089,595.92
98,522,878.42
合计
218,015",600519.SH,贵州茅台,2024-12-31,2024,年报,贵州茅台2024年报,贵州茅台2024年年度报告.pdf,C:\Users\Administrator\Desktop\financial-poc\data\raw\pdf\贵州茅台2024年年度报告.pdf,,,,283,396,资产负债表,76,76,113,资产负债表
600519_SH_pdf_贵州茅台2024年年度报告_pdf_bf557ae6_chunk_284,pdf,pdf,"内部开发支出
其他
确认为无形资产
转入当期
损益
项目研发
218,015,555.49 101,596,918.85
221,089,595.92
98,522,878.42
合计
218,015,555.49 101,596,918.85
221,089,595.92
98,522,878.42
21、
长期待摊费用
√适用 □不适用
单位:元 币种:人民币
项目
期初余额
本期增加金额
本期摊销金额
其他减少
金额
期末余额
中枢城区到茅台道路改建项目
117,500,000.33
10,000,000.08
107,500,000.25
固定资产大修费
31,676,391.19
10,862,570.50
7,657,954.25
34,881,007.44
办公楼装修款
10,882,538.62
1,375,999.55
2,533,596.01
9,724,942.16
合计
160,058,930.14
12,238,570.05
20,191,550.34
152,105,949.85
其他说明:
中枢城区到茅台道路改建项目是根据第二届董事会2013 年度第三次会",600519.SH,贵州茅台,2024-12-31,2024,年报,贵州茅台2024年报,贵州茅台2024年年度报告.pdf,C:\Users\Administrator\Desktop\financial-poc\data\raw\pdf\贵州茅台2024年年度报告.pdf,,,,284,396,资产负债表,76,76,113,资产负债表
600519_SH_pdf_贵州茅台2024年年度报告_pdf_bf557ae6_chunk_285,pdf,pdf,"合计
160,058,930.14
12,238,570.05
20,191,550.34
152,105,949.85
其他说明:
中枢城区到茅台道路改建项目是根据第二届董事会2013 年度第三次会议决议,公司与仁怀
市城市开发建设投资经营有限责任公司共同对中枢城区到茅台道路改建项目完成转入摊销。
22、
递延所得税资产/ 递延所得税负债
(1). 未经抵销的递延所得税资产
√适用 □不适用
单位:元 币种:人民币
项目
期末余额
期初余额
可抵扣暂时性差异
递延所得税
资产
可抵扣暂时性差异
递延所得税
资产
资产减值准备
52,533,019.57
13,133,254.90
30,956,286.95
7,739,071.75
内部交易未实现利润
18,608,012,816.08 4,652,003,204.02 14,956,404,209.03
3,739,101,052.26
应发未发效益工资
214,872,045.38
53,718,011.35
214,872,045.38
53,718,011.35
其他
3,204,609,594.27
801,152,398",600519.SH,贵州茅台,2024-12-31,2024,年报,贵州茅台2024年报,贵州茅台2024年年度报告.pdf,C:\Users\Administrator\Desktop\financial-poc\data\raw\pdf\贵州茅台2024年年度报告.pdf,,,,285,396,资产负债表,76,76,113,资产负债表
600519_SH_pdf_贵州茅台2024年年度报告_pdf_bf557ae6_chunk_286,pdf,pdf,"6
应发未发效益工资
214,872,045.38
53,718,011.35
214,872,045.38
53,718,011.35
其他
3,204,609,594.27
801,152,398.56
3,381,317,159.02
845,329,289.74
合计
22,080,027,475.30 5,520,006,868.83 18,583,549,700.38
4,645,887,425.10
贵州茅台酒股份有限公司2024 年年度报告
103 / 143
(2). 未经抵销的递延所得税负债
√适用 □不适用
单位:元 币种:人民币
项目
期末余额
期初余额
应纳税暂时性差
异
递延所得税
负债
应纳税暂时性差
异
递延所得税
负债
非同一控制企业合并
资产评估增值
其他债权投资公允价
值变动
其他权益工具投资公
允价值变动
其他
413,471,053.53 103,367,763.38 315,772,248.74 78,943,062.19
合计
413,471,053.53 103,367,763.38 315,772,248.74 78,943,062.1",600519.SH,贵州茅台,2024-12-31,2024,年报,贵州茅台2024年报,贵州茅台2024年年度报告.pdf,C:\Users\Administrator\Desktop\financial-poc\data\raw\pdf\贵州茅台2024年年度报告.pdf,,,,286,396,资产负债表,76,76,113,资产负债表
600519_SH_pdf_贵州茅台2024年年度报告_pdf_bf557ae6_chunk_287,pdf,pdf,"367,763.38 315,772,248.74 78,943,062.19
合计
413,471,053.53 103,367,763.38 315,772,248.74 78,943,062.19
(3). 以抵销后净额列示的递延所得税资产或负债
□适用 √不适用
(4). 未确认递延所得税资产明细
□适用 √不适用
23、
其他非流动资产
√适用 □不适用
单位:元 币种:人民币
项目
期末余额
期初余额
账面余额
减值准
备
账面价值
账面余额
减值
准备
账面价值
信息化在建
项目
121,152,444.08
121,152,444.08
68,604,129.75
68,604,129.75
预付工程款
103,243,373.38
103,243,373.38
40,959,367.48
40,959,367.48
预付土地款
8,000,000.00
8,000,000.00
合计
232,395,817.46
232,395,817.46 109,563,497.23
109,563,497.23
24、
所有权或使用权受限资产
√适用 □不适用
单位:元 币种:",600519.SH,贵州茅台,2024-12-31,2024,年报,贵州茅台2024年报,贵州茅台2024年年度报告.pdf,C:\Users\Administrator\Desktop\financial-poc\data\raw\pdf\贵州茅台2024年年度报告.pdf,,,,287,396,资产负债表,76,76,113,资产负债表
600519_SH_pdf_贵州茅台2024年年度报告_pdf_bf557ae6_chunk_288,pdf,pdf,".00
合计
232,395,817.46
232,395,817.46 109,563,497.23
109,563,497.23
24、
所有权或使用权受限资产
√适用 □不适用
单位:元 币种:人民币
项目
期末
期初
账面余额
账面价值
受限
类型
受限情况
账面余额
账面价值
受限
类型
受限情况
货币
资金
7,403,523,670.43
7,403,523,670.43
其他
存放中央银
行法定存款
准备金
5,991,813,679.87
5,991,813,679.87
其他
存放中央银
行法定存款
准备金
拆出
资金
10,000,000,000.00
10,000,000,000.00
其他
不能随时支
取的同业存
款
16,000,000,000.00
16,000,000,000.00
其他
不能随时支
取的同业存
款
合计
17,403,523,670.43
17,403,523,670.43
/
/
21,991,813,679.87
21,991,813,679.87
/
/
25、
应付账款
(1). 应付账款列示
√适用 □不适用
贵州茅台酒股份有",600519.SH,贵州茅台,2024-12-31,2024,年报,贵州茅台2024年报,贵州茅台2024年年度报告.pdf,C:\Users\Administrator\Desktop\financial-poc\data\raw\pdf\贵州茅台2024年年度报告.pdf,,,,288,396,资产负债表,76,76,113,资产负债表
600519_SH_pdf_贵州茅台2024年年度报告_pdf_bf557ae6_chunk_289,pdf,pdf,"17,403,523,670.43
/
/
21,991,813,679.87
21,991,813,679.87
/
/
25、
应付账款
(1). 应付账款列示
√适用 □不适用
贵州茅台酒股份有限公司2024 年年度报告
104 / 143
单位:元 币种:人民币
项目
期末余额
期初余额
应付货款及服务费
3,514,969,230.31
3,093,091,103.67
合计
3,514,969,230.31
3,093,091,103.67
26、
合同负债
(1). 合同负债情况
√适用 □不适用
单位:元 币种:人民币
项目
期末余额
期初余额
预收货款
9,592,453,014.66
14,125,755,802.29
合计
9,592,453,014.66
14,125,755,802.29
(2). 账龄超过1 年的重要合同负债
□适用 √不适用
(3). 报告期内账面价值发生重大变动的金额和原因
□适用 √不适用
27、 吸收存款及同业存放
单位:元 币种:人民币
项目
期末数
期初数
吸收存款
23,102,858,820.97
12,034,492,909",600519.SH,贵州茅台,2024-12-31,2024,年报,贵州茅台2024年报,贵州茅台2024年年度报告.pdf,C:\Users\Administrator\Desktop\financial-poc\data\raw\pdf\贵州茅台2024年年度报告.pdf,,,,289,396,资产负债表,76,76,113,资产负债表
600519_SH_pdf_贵州茅台2024年年度报告_pdf_bf557ae6_chunk_290,pdf,pdf,"账面价值发生重大变动的金额和原因
□适用 √不适用
27、 吸收存款及同业存放
单位:元 币种:人民币
项目
期末数
期初数
吸收存款
23,102,858,820.97
12,034,492,909.95
合计
23,102,858,820.97
12,034,492,909.95
28、
应付职工薪酬
(1). 应付职工薪酬列示
√适用 □不适用
单位:元 币种:人民币
项目
期初余额
本期增加
本期减少
期末余额
一、短期薪酬
5,399,083,289.91
13,641,637,321.09
13,218,847,451.37
5,821,873,159.63
二、离职后福利-设定提存
计划
2,837,923.86
2,068,287,765.02
2,068,721,277.46
2,404,411.42
三、辞退福利
27,682,217.45
27,588,389.43
93,828.02
四、一年内到期的其他福利
合计
5,401,921,213.77
15,737,607,303.56
15,315,157,118.26
5,824,371,399.07
(2).",600519.SH,贵州茅台,2024-12-31,2024,年报,贵州茅台2024年报,贵州茅台2024年年度报告.pdf,C:\Users\Administrator\Desktop\financial-poc\data\raw\pdf\贵州茅台2024年年度报告.pdf,,,,290,396,资产负债表,76,76,113,资产负债表
600519_SH_pdf_贵州茅台2024年年度报告_pdf_bf557ae6_chunk_291,pdf,pdf,"93,828.02
四、一年内到期的其他福利
合计
5,401,921,213.77
15,737,607,303.56
15,315,157,118.26
5,824,371,399.07
(2). 短期薪酬列示
√适用 □不适用
单位:元 币种:人民币
项目
期初余额
本期增加
本期减少
期末余额
一、工资、奖金、津贴和补贴
5,285,742,503.32
10,676,217,152.74
10,281,876,919.59
5,680,082,736.47
二、职工福利费
1,291,955.03
710,538,122.52
711,359,150.00
470,927.55
贵州茅台酒股份有限公司2024 年年度报告
105 / 143
三、社会保险费
65,078,610.52
1,090,022,823.81
1,066,438,199.81
88,663,234.52
其中:医疗保险费
65,073,188.51
1,022,856,430.03
999,269,726.09
88,659,892.45
工伤保险费
5,422.01
67,166,393.78
67",600519.SH,贵州茅台,2024-12-31,2024,年报,贵州茅台2024年报,贵州茅台2024年年度报告.pdf,C:\Users\Administrator\Desktop\financial-poc\data\raw\pdf\贵州茅台2024年年度报告.pdf,,,,291,396,资产负债表,76,76,113,资产负债表
600519_SH_pdf_贵州茅台2024年年度报告_pdf_bf557ae6_chunk_292,pdf,pdf,"其中:医疗保险费
65,073,188.51
1,022,856,430.03
999,269,726.09
88,659,892.45
工伤保险费
5,422.01
67,166,393.78
67,168,473.72
3,342.07
四、住房公积金
4,942.80
905,462,258.72
905,458,733.52
8,468.00
五、工会经费和职工教育经费
46,865,275.29
257,541,431.04
251,922,614.67
52,484,091.66
六、短期带薪缺勤
七、短期利润分享计划
八、其他
100,002.95
1,855,532.26
1,791,833.78
163,701.43
合计
5,399,083,289.91
13,641,637,321.09
13,218,847,451.37
5,821,873,159.63
(3). 设定提存计划列示
√适用 □不适用
单位:元 币种:人民币
项目
期初余额
本期增加
本期减少
期末余额
1、基本养老保险
231,702.09
1,216,450,026.60
1,216,506,",600519.SH,贵州茅台,2024-12-31,2024,年报,贵州茅台2024年报,贵州茅台2024年年度报告.pdf,C:\Users\Administrator\Desktop\financial-poc\data\raw\pdf\贵州茅台2024年年度报告.pdf,,,,292,396,资产负债表,76,76,113,资产负债表
600519_SH_pdf_贵州茅台2024年年度报告_pdf_bf557ae6_chunk_293,pdf,pdf,"设定提存计划列示
√适用 □不适用
单位:元 币种:人民币
项目
期初余额
本期增加
本期减少
期末余额
1、基本养老保险
231,702.09
1,216,450,026.60
1,216,506,488.14
175,240.55
2、失业保险费
7,536.77
53,128,459.65
53,130,883.27
5,113.15
3、企业年金缴费
2,598,685.00
798,709,278.77
799,083,906.05
2,224,057.72
合计
2,837,923.86
2,068,287,765.02
2,068,721,277.46
2,404,411.42
29、
应交税费
√适用 □不适用
单位:元 币种:人民币
项目
期末余额
期初余额
增值税
2,018,455,996.33
1,881,581,299.52
消费税
2,086,772,578.56
1,874,912,035.57
企业所得税
3,032,213,454.71
2,638,540,568.21
个人所得税
37,029,096.49
66,986,409.63
城市维护建设税",600519.SH,贵州茅台,2024-12-31,2024,年报,贵州茅台2024年报,贵州茅台2024年年度报告.pdf,C:\Users\Administrator\Desktop\financial-poc\data\raw\pdf\贵州茅台2024年年度报告.pdf,,,,293,396,资产负债表,76,76,113,资产负债表
600519_SH_pdf_贵州茅台2024年年度报告_pdf_bf557ae6_chunk_294,pdf,pdf,"6
1,874,912,035.57
企业所得税
3,032,213,454.71
2,638,540,568.21
个人所得税
37,029,096.49
66,986,409.63
城市维护建设税
297,283,574.50
274,746,590.57
城市教育费附加
115,864,998.61
106,206,290.71
地方教育费附加
78,539,029.16
72,099,890.91
印花税
39,102,549.99
33,237,230.00
房产税
868,937.02
1,097,614.29
土地使用税
10,299.09
10,856.32
环境保护税
51,263.55
15,276.52
其他
11,494,763.37
229,831.62
合计
7,717,686,541.38
6,949,663,893.87
30、
其他应付款
(1). 项目列示
√适用 □不适用
单位:元 币种:人民币
项目
期末余额
期初余额
应付利息
应付股利
其他应付款
5,429,006,700.86
5,213,133,685.87
合计
5,429,006,7",600519.SH,贵州茅台,2024-12-31,2024,年报,贵州茅台2024年报,贵州茅台2024年年度报告.pdf,C:\Users\Administrator\Desktop\financial-poc\data\raw\pdf\贵州茅台2024年年度报告.pdf,,,,294,396,资产负债表,76,76,113,资产负债表
600519_SH_pdf_贵州茅台2024年年度报告_pdf_bf557ae6_chunk_295,pdf,pdf,"示
√适用 □不适用
单位:元 币种:人民币
项目
期末余额
期初余额
应付利息
应付股利
其他应付款
5,429,006,700.86
5,213,133,685.87
合计
5,429,006,700.86
5,213,133,685.87
贵州茅台酒股份有限公司2024 年年度报告
106 / 143
(2). 其他应付款
按款项性质列示其他应付款
√适用 □不适用
单位:元 币种:人民币
项目
期末余额
期初余额
材料质量保证金
271,341,524.49
262,341,068.61
工程质量保证金
221,428,904.54
179,215,172.34
经销商保证金
1,936,229,846.20
2,147,103,416.18
往来款项
3,000,006,425.63
2,624,474,028.74
合计
5,429,006,700.86
5,213,133,685.87
账龄超过1 年或逾期的重要其他应付款
□适用 √不适用
31、
1 年内到期的非流动负债
√适用 □不适用
单位:元 币种:人民币
项目
期末余额
期初余额
1 年内到期的租赁负债
111",600519.SH,贵州茅台,2024-12-31,2024,年报,贵州茅台2024年报,贵州茅台2024年年度报告.pdf,C:\Users\Administrator\Desktop\financial-poc\data\raw\pdf\贵州茅台2024年年度报告.pdf,,,,295,396,资产负债表,76,76,113,资产负债表
600519_SH_pdf_贵州茅台2024年年度报告_pdf_bf557ae6_chunk_296,pdf,pdf,"85.87
账龄超过1 年或逾期的重要其他应付款
□适用 √不适用
31、
1 年内到期的非流动负债
√适用 □不适用
单位:元 币种:人民币
项目
期末余额
期初余额
1 年内到期的租赁负债
111,951,112.20
57,054,879.48
合计
111,951,112.20
57,054,879.48
32、
其他流动负债
其他流动负债情况
√适用 □不适用
单位:元 币种:人民币
项目
期末余额
期初余额
待转销项税额
1,222,693,799.51
1,822,498,012.30
合计
1,222,693,799.51
1,822,498,012.30
33、
租赁负债
√适用 □不适用
单位:元 币种:人民币
项目
期末余额
期初余额
长期租赁负债
313,906,415.76
266,636,234.04
合计
313,906,415.76
266,636,234.04
34、
股本
√适用 □不适用
单位:元 币种:人民币
期初余额
本次变动增减(+、-)
期末余额
发行
新股
送
股
公积金
转股
其他
小计
股份总数
1,256,197,800.00
1,",600519.SH,贵州茅台,2024-12-31,2024,年报,贵州茅台2024年报,贵州茅台2024年年度报告.pdf,C:\Users\Administrator\Desktop\financial-poc\data\raw\pdf\贵州茅台2024年年度报告.pdf,,,,296,396,资产负债表,76,76,113,资产负债表
600519_SH_pdf_贵州茅台2024年年度报告_pdf_bf557ae6_chunk_297,pdf,pdf,"04
34、
股本
√适用 □不适用
单位:元 币种:人民币
期初余额
本次变动增减(+、-)
期末余额
发行
新股
送
股
公积金
转股
其他
小计
股份总数
1,256,197,800.00
1,256,197,800.00
贵州茅台酒股份有限公司2024 年年度报告
107 / 143
35、
资本公积
√适用 □不适用
单位:元 币种:人民币
项目
期初余额
本期增加
本期减少
期末余额
资本溢价(股本
溢价)
1,374,048,653.54
1,374,048,653.54
其他资本公积
915,762.18
915,762.18
合计
1,374,964,415.72
1,374,964,415.72
36、
其他综合收益
√适用 □不适用
单位:元 币种:人民币
项目
期初
余额
本期发生金额
期末
余额
本期所得税前
发生额
减:前期
计入其他
综合收益
当期转入
损益
减:前期
计入其他
综合收益
当期转入
留存收益
减:所
得税费
用
税后归属于母
公司
税后归属
于少数股
东
一、不能重分类进损益的
其他综合收益
其中:重新计量设定受益
计划变动额
权益法下不能",600519.SH,贵州茅台,2024-12-31,2024,年报,贵州茅台2024年报,贵州茅台2024年年度报告.pdf,C:\Users\Administrator\Desktop\financial-poc\data\raw\pdf\贵州茅台2024年年度报告.pdf,,,,297,396,资产负债表,76,76,113,资产负债表
600519_SH_pdf_贵州茅台2024年年度报告_pdf_bf557ae6_chunk_298,pdf,pdf,"减:前期
计入其他
综合收益
当期转入
留存收益
减:所
得税费
用
税后归属于母
公司
税后归属
于少数股
东
一、不能重分类进损益的
其他综合收益
其中:重新计量设定受益
计划变动额
权益法下不能转损益的
其他综合收益
其他权益工具投资公允
价值变动
企业自身信用风险公允
价值变动
二、将重分类进损益的其
他综合收益
-6,061,727.51
-3,854,497.18
-3,854,497.18
-9,916,224.69
其中:权益法下可转损益
的其他综合收益
其他债权投资公允价值
变动
金融资产重分类计入其
他综合收益的金额
其他债权投资信用减值
准备
现金流量套期储备
外币财务报表折算差额
-6,061,727.51
-3,854,497.18
-3,854,497.18
-9,916,224.69
其他综合收益合计
-6,061,727.51
-3,854,497.18
-3,854,497.18
-9,916,224.69
37、
盈余公积
√适用 □不适用
单位:元 币种:人民币
项目
期初余额
本期增加
本期减少
期末余额
法定盈余公积 38,998,763,09",600519.SH,贵州茅台,2024-12-31,2024,年报,贵州茅台2024年报,贵州茅台2024年年度报告.pdf,C:\Users\Administrator\Desktop\financial-poc\data\raw\pdf\贵州茅台2024年年度报告.pdf,,,,298,396,资产负债表,76,76,113,资产负债表
600519_SH_pdf_贵州茅台2024年年度报告_pdf_bf557ae6_chunk_299,pdf,pdf,"3,854,497.18
-9,916,224.69
37、
盈余公积
√适用 □不适用
单位:元 币种:人民币
项目
期初余额
本期增加
本期减少
期末余额
法定盈余公积 38,998,763,095.13 7,637,030,384.26
46,635,793,479.39
任意盈余公积
储备基金
企业发展基金
其他
合计
38,998,763,095.13 7,637,030,384.26
46,635,793,479.39
38、
一般风险准备
单位:元 币种:人民币
项目
期初数
本期增加
本期减少
期末数
一般风险准备
1,061,529,724.00
1,061,529,724.00
贵州茅台酒股份有限公司2024 年年度报告
108 / 143
合计
1,061,529,724.00
1,061,529,724.00
注:一般风险准备是公司控股子公司贵州茅台集团财务有限公司按照财政部《金融企业准备金计
提管理办法》(财金[2012]20 号)的规定提取。
39、
未分配利润
√适用 □不适用
单位:元 币种:人民币
项目
本期
上期
调整前上期末未分配利润
172,98",600519.SH,贵州茅台,2024-12-31,2024,年报,贵州茅台2024年报,贵州茅台2024年年度报告.pdf,C:\Users\Administrator\Desktop\financial-poc\data\raw\pdf\贵州茅台2024年年度报告.pdf,,,,299,396,资产负债表,76,76,113,资产负债表
600519_SH_pdf_贵州茅台2024年年度报告_pdf_bf557ae6_chunk_300,pdf,pdf,"按照财政部《金融企业准备金计
提管理办法》(财金[2012]20 号)的规定提取。
39、
未分配利润
√适用 □不适用
单位:元 币种:人民币
项目
本期
上期
调整前上期末未分配利润
172,983,178,300.09
161,301,978,184.73
调整期初未分配利润合计数(调增
+,调减-)
-23,975,377.63
调整后期初未分配利润
172,983,178,300.09
161,278,002,807.10
加:本期归属于母公司所有者的净
利润
86,228,146,421.62
74,734,071,550.75
减:提取法定盈余公积
7,637,030,384.26
6,478,639,695.16
提取任意盈余公积
提取一般风险准备
应付普通股股利
68,786,879,132.40
56,550,256,362.60
转作股本的普通股股利
期末未分配利润
182,787,415,205.05
172,983,178,300.09
40、
营业收入和营业成本
(1). 营业收入和营业成本情况
√适用 □不适用
单位:元 币种:人民币
项目
本期发生额
上",600519.SH,贵州茅台,2024-12-31,2024,年报,贵州茅台2024年报,贵州茅台2024年年度报告.pdf,C:\Users\Administrator\Desktop\financial-poc\data\raw\pdf\贵州茅台2024年年度报告.pdf,,,,300,396,资产负债表,76,76,113,资产负债表
600519_SH_pdf_贵州茅台2024年年度报告_pdf_bf557ae6_chunk_301,pdf,pdf,"182,787,415,205.05
172,983,178,300.09
40、
营业收入和营业成本
(1). 营业收入和营业成本情况
√适用 □不适用
单位:元 币种:人民币
项目
本期发生额
上期发生额
收入
成本
收入
成本
主营业务
170,611,838,052.02
13,629,995,812.89 147,218,996,281.04
11,620,203,653.32
其他业务
287,314,224.32
159,486,555.09
474,608,713.10
247,070,198.46
合计
170,899,152,276.34
13,789,482,367.98 147,693,604,994.14
11,867,273,851.78
注:其他业务收入、成本主要是酒店业务及冰淇淋业务收入、成本。
(2). 营业收入、营业成本的分解信息
√适用 □不适用
单位:元 币种:人民币
合同分类
合计
营业收入
营业成本
商品类型
茅台酒
145,928,075,955.31
8,662,079,388.78
其他系列酒
24,683,762,096.71
4,9",600519.SH,贵州茅台,2024-12-31,2024,年报,贵州茅台2024年报,贵州茅台2024年年度报告.pdf,C:\Users\Administrator\Desktop\financial-poc\data\raw\pdf\贵州茅台2024年年度报告.pdf,,,,301,396,资产负债表,76,76,113,资产负债表
600519_SH_pdf_贵州茅台2024年年度报告_pdf_bf557ae6_chunk_302,pdf,pdf,":元 币种:人民币
合同分类
合计
营业收入
营业成本
商品类型
茅台酒
145,928,075,955.31
8,662,079,388.78
其他系列酒
24,683,762,096.71
4,967,916,424.11
其他业务
287,314,224.32
159,486,555.09
按经营地区分类
国内
165,695,304,320.02
13,377,559,491.36
国外
5,203,847,956.32
411,922,876.62
按销售渠道分类
批发代理
95,987,565,408.52
10,208,844,080.03
直销
74,911,586,867.82
3,580,638,287.95
合计
170,899,152,276.34
13,789,482,367.98
贵州茅台酒股份有限公司2024 年年度报告
109 / 143
(3). 履约义务的说明
√适用 □不适用
在客户获得合同约定中所属商品的控制权时,公司完成合同履约义务时点确认收入。
(4). 分摊至剩余履约义务的说明
√适用 □不适用
本报告期末已签订合同、但尚未履行或尚未履行完",600519.SH,贵州茅台,2024-12-31,2024,年报,贵州茅台2024年报,贵州茅台2024年年度报告.pdf,C:\Users\Administrator\Desktop\financial-poc\data\raw\pdf\贵州茅台2024年年度报告.pdf,,,,302,396,资产负债表,76,76,113,资产负债表
600519_SH_pdf_贵州茅台2024年年度报告_pdf_bf557ae6_chunk_303,pdf,pdf,"的说明
√适用 □不适用
在客户获得合同约定中所属商品的控制权时,公司完成合同履约义务时点确认收入。
(4). 分摊至剩余履约义务的说明
√适用 □不适用
本报告期末已签订合同、但尚未履行或尚未履行完毕的履约义务所对应的收入金额为
9,592,453,014.66 元,其中:
9,592,453,014.66 元预计将于2025 年度确认收入。
(5). 重大合同变更或重大交易价格调整
□适用 √不适用
41、
利息收入、利息支出、手续费及佣金收入及手续费及佣金支出
单位:元 币种:人民币
项目
本期发生额
上期发生额
利息收入
3,244,917,681.91
2,866,725,322.31
手续费及佣金收入
利息支出
105,127,802.03
113,500,129.93
手续费及佣金支出
94,078.17
68,578.57
42、
税金及附加
√适用 □不适用
单位:元 币种:人民币
项目
本期发生额
上期发生额
消费税
21,489,513,090.84
17,625,306,476.94
城市维护建设税
2,922,754,987.86
2,467,887,318.",600519.SH,贵州茅台,2024-12-31,2024,年报,贵州茅台2024年报,贵州茅台2024年年度报告.pdf,C:\Users\Administrator\Desktop\financial-poc\data\raw\pdf\贵州茅台2024年年度报告.pdf,,,,303,396,资产负债表,76,76,113,资产负债表
600519_SH_pdf_贵州茅台2024年年度报告_pdf_bf557ae6_chunk_304,pdf,pdf,"种:人民币
项目
本期发生额
上期发生额
消费税
21,489,513,090.84
17,625,306,476.94
城市维护建设税
2,922,754,987.86
2,467,887,318.97
教育费附加
1,252,609,280.52
1,057,591,004.14
地方教育费附加
835,072,853.37
705,060,669.63
房产税
194,968,729.10
181,676,451.33
土地使用税
54,579,003.23
52,832,783.40
车船使用税
442,526.87
444,846.26
印花税
170,845,116.75
140,645,106.42
环保税
245,602.04
211,744.75
其他
5,130,284.41
2,519,496.76
合计
26,926,161,474.99
22,234,175,898.60
43、
销售费用
√适用 □不适用
单位:元 币种:人民币
项目
本期发生额
上期发生额
广告宣传费
1,335,427,201.68
1,366,390,834.54
市场推广及服务费
3",600519.SH,贵州茅台,2024-12-31,2024,年报,贵州茅台2024年报,贵州茅台2024年年度报告.pdf,C:\Users\Administrator\Desktop\financial-poc\data\raw\pdf\贵州茅台2024年年度报告.pdf,,,,304,396,资产负债表,76,76,113,资产负债表
600519_SH_pdf_贵州茅台2024年年度报告_pdf_bf557ae6_chunk_305,pdf,pdf,"8.60
43、
销售费用
√适用 □不适用
单位:元 币种:人民币
项目
本期发生额
上期发生额
广告宣传费
1,335,427,201.68
1,366,390,834.54
市场推广及服务费
3,745,440,527.81
2,814,141,940.30
营销办公及差旅费
89,973,010.37
86,810,053.15
贵州茅台酒股份有限公司2024 年年度报告
110 / 143
其他
468,459,319.63
381,270,757.83
合计
5,639,300,059.49
4,648,613,585.82
44、
管理费用
√适用 □不适用
单位:元 币种:人民币
项目
本期发生额
上期发生额
职工薪酬费用
3,697,487,910.65
4,350,082,411.58
商标许可使用费
2,466,052,249.25
1,805,818,609.89
固定资产折旧费用
612,955,726.82
612,246,297.65
环境整治费
346,610,134.14
234,607,957.43
公司经费
156,359,158.77
178,1",600519.SH,贵州茅台,2024-12-31,2024,年报,贵州茅台2024年报,贵州茅台2024年年度报告.pdf,C:\Users\Administrator\Desktop\financial-poc\data\raw\pdf\贵州茅台2024年年度报告.pdf,,,,305,396,资产负债表,76,76,113,资产负债表
600519_SH_pdf_贵州茅台2024年年度报告_pdf_bf557ae6_chunk_306,pdf,pdf,"固定资产折旧费用
612,955,726.82
612,246,297.65
环境整治费
346,610,134.14
234,607,957.43
公司经费
156,359,158.77
178,180,760.41
无形资产摊销
249,168,259.35
196,656,866.73
财产保险
67,022,333.50
62,309,546.95
原料基地费
166,861,756.89
190,898,203.62
短期租赁费
6,393,100.37
1,977,303.32
业务招待费
3,837,253.54
9,045,359.07
中介机构费用
82,760,110.00
113,426,391.89
使用权资产折旧费
21,314,385.65
21,014,314.40
董事会费用
4,791,316.04
12,473,560.59
其他
1,434,036,365.41
1,940,651,668.78
合计
9,315,650,060.38
9,729,389,252.31
45、
研发费用
√适用 □不适用
单位:元 币种:人民币
项目
本期发生额
上",600519.SH,贵州茅台,2024-12-31,2024,年报,贵州茅台2024年报,贵州茅台2024年年度报告.pdf,C:\Users\Administrator\Desktop\financial-poc\data\raw\pdf\贵州茅台2024年年度报告.pdf,,,,306,396,资产负债表,76,76,113,资产负债表
600519_SH_pdf_贵州茅台2024年年度报告_pdf_bf557ae6_chunk_307,pdf,pdf,"65.41
1,940,651,668.78
合计
9,315,650,060.38
9,729,389,252.31
45、
研发费用
√适用 □不适用
单位:元 币种:人民币
项目
本期发生额
上期发生额
职工薪酬费用
117,080,276.92
73,934,535.18
耗材
17,490,295.98
5,544,817.57
研发合作费
53,551,058.15
45,969,566.96
固定资产折旧费用
6,690,302.12
18,212,579.23
公司经费
1,636,757.89
1,741,589.48
其他
21,926,781.81
11,968,784.59
合计
218,375,472.87
157,371,873.01
46、
财务费用
√适用 □不适用
单位:元 币种:人民币
项目
本期发生额
上期发生额
利息支出
14,474,584.09
12,624,628.35
其中:租赁负债
14,474,584.09
12,624,628.35
利息收入
-1,476,991,223.18
-1,942,301,920.98
其他
-7,703",600519.SH,贵州茅台,2024-12-31,2024,年报,贵州茅台2024年报,贵州茅台2024年年度报告.pdf,C:\Users\Administrator\Desktop\financial-poc\data\raw\pdf\贵州茅台2024年年度报告.pdf,,,,307,396,资产负债表,76,76,113,资产负债表
600519_SH_pdf_贵州茅台2024年年度报告_pdf_bf557ae6_chunk_308,pdf,pdf,"12,624,628.35
其中:租赁负债
14,474,584.09
12,624,628.35
利息收入
-1,476,991,223.18
-1,942,301,920.98
其他
-7,703,224.25
140,173,591.15
合计
-1,470,219,863.34
-1,789,503,701.48
贵州茅台酒股份有限公司2024 年年度报告
111 / 143
47、
其他收益
√适用 □不适用
单位:元 币种:人民币
按性质分类
本期发生额
上期发生额
代扣个人所得税手续费返还
14,294,446.89
16,791,097.40
与收益相关的政府补助
4,539,419.20
17,137,523.89
其他
2,395,600.72
716,252.57
合计
21,229,466.81
34,644,873.86
48、
投资收益
√适用 □不适用
单位:元 币种:人民币
项目
本期发生额
上期发生额
权益法核算的长期股权投资收益
处置长期股权投资产生的投资收益
交易性金融资产在持有期间的投资
收益
500,400.00
其他权益工具投资在持有期间取得",600519.SH,贵州茅台,2024-12-31,2024,年报,贵州茅台2024年报,贵州茅台2024年年度报告.pdf,C:\Users\Administrator\Desktop\financial-poc\data\raw\pdf\贵州茅台2024年年度报告.pdf,,,,308,396,资产负债表,76,76,113,资产负债表
600519_SH_pdf_贵州茅台2024年年度报告_pdf_bf557ae6_chunk_309,pdf,pdf,"元 币种:人民币
项目
本期发生额
上期发生额
权益法核算的长期股权投资收益
处置长期股权投资产生的投资收益
交易性金融资产在持有期间的投资
收益
500,400.00
其他权益工具投资在持有期间取得
的股利收入
债权投资在持有期间取得的利息收
入
其他债权投资在持有期间取得的利
息收入
处置交易性金融资产取得的投资收
益
8,629,940.37
29,947,301.15
处置其他权益工具投资取得的投资
收益
处置债权投资取得的投资收益
处置其他债权投资取得的投资收益
债务重组收益
大额存单在持有期间的利息收入
4,078,666.67
合计
9,130,340.37
34,025,967.82
49、
公允价值变动收益
√适用 □不适用
单位:元 币种:人民币
产生公允价值变动收益的来源
本期发生额
上期发生额
交易性金融资产
34,441,631.36
712,059.93
其中:衍生金融工具产生的公允
价值变动收益
交易性金融负债
按公允价值计量的投资性房地产
其他非流动金融资产
26,539,092.99
2,439,902.57
合计
60,980,724.35
3,15",600519.SH,贵州茅台,2024-12-31,2024,年报,贵州茅台2024年报,贵州茅台2024年年度报告.pdf,C:\Users\Administrator\Desktop\financial-poc\data\raw\pdf\贵州茅台2024年年度报告.pdf,,,,309,396,资产负债表,76,76,113,资产负债表
600519_SH_pdf_贵州茅台2024年年度报告_pdf_bf557ae6_chunk_310,pdf,pdf,"衍生金融工具产生的公允
价值变动收益
交易性金融负债
按公允价值计量的投资性房地产
其他非流动金融资产
26,539,092.99
2,439,902.57
合计
60,980,724.35
3,151,962.50
50、
信用减值损失
√适用 □不适用
贵州茅台酒股份有限公司2024 年年度报告
112 / 143
单位:元 币种:人民币
项目
本期发生额
上期发生额
应收票据坏账损失
应收账款坏账损失
873,442.39
其他应收款坏账损失
-851,218.73
-65,274.04
债权投资减值损失
554,461.50
-769,215.38
发放贷款和垫款减值损失
-12,339,700.79
49,731,281.04
拆出资金减值损失
-10,409,004.86
-11,795,766.65
买入返售金融资产减值损失
-202,973.15
-103,174.10
其他
合计
-23,248,436.03
37,871,293.26
51、
资产处置收益
√适用 □不适用
单位:元 币种:人民币
项目
本期发生额
上期发生额
固定资产处置利得或损失
83,259.",600519.SH,贵州茅台,2024-12-31,2024,年报,贵州茅台2024年报,贵州茅台2024年年度报告.pdf,C:\Users\Administrator\Desktop\financial-poc\data\raw\pdf\贵州茅台2024年年度报告.pdf,,,,310,396,资产负债表,76,76,113,资产负债表
600519_SH_pdf_贵州茅台2024年年度报告_pdf_bf557ae6_chunk_311,pdf,pdf,"他
合计
-23,248,436.03
37,871,293.26
51、
资产处置收益
√适用 □不适用
单位:元 币种:人民币
项目
本期发生额
上期发生额
固定资产处置利得或损失
83,259.79
2,574,728.71
使用权资产处置利得或损失
305,592.26
-3,054,465.68
合计
388,852.05
-479,736.97
52、
营业外收入
营业外收入情况
√适用 □不适用
单位:元 币种:人民币
项目
本期发生额
上期发生额
计入当期非经常性损
益的金额
非流动资产处置利
得合计
845,348.67
8,829,933.38
845,348.67
其中:固定资产处
置利得
845,348.67
8,829,933.38
845,348.67
无形资产处
置利得
非货币性资产交换
利得
接受捐赠
政府补助
罚款及赔款利得
63,971,462.96
62,293,021.89
63,971,462.96
其他
6,119,764.34
15,656,700.68
6,119,764.34
合计
70,936,575.97
86,779,655.95",600519.SH,贵州茅台,2024-12-31,2024,年报,贵州茅台2024年报,贵州茅台2024年年度报告.pdf,C:\Users\Administrator\Desktop\financial-poc\data\raw\pdf\贵州茅台2024年年度报告.pdf,,,,311,396,资产负债表,76,76,113,资产负债表
600519_SH_pdf_贵州茅台2024年年度报告_pdf_bf557ae6_chunk_312,pdf,pdf,"2,293,021.89
63,971,462.96
其他
6,119,764.34
15,656,700.68
6,119,764.34
合计
70,936,575.97
86,779,655.95
70,936,575.97
53、
营业外支出
√适用 □不适用
单位:元 币种:人民币
项目
本期发生额
上期发生额
计入当期非经常性损
益的金额
非流动资产处置损
失合计
8,132,682.54
7,197,680.24
8,132,682.54
贵州茅台酒股份有限公司2024 年年度报告
113 / 143
其中:固定资产处
置损失
8,132,682.54
7,197,680.24
8,132,682.54
无形资产处
置损失
非货币性资产交换
损失
对外捐赠
100,437,930.44
119,247,336.70
100,437,930.44
罚款支出
其他
12,367,221.76
6,436,157.58
12,367,221.76
合计
120,937,834.74
132,881,174.52
120,937,834.74
54、
所得税费用
(1). 所得税费",600519.SH,贵州茅台,2024-12-31,2024,年报,贵州茅台2024年报,贵州茅台2024年年度报告.pdf,C:\Users\Administrator\Desktop\financial-poc\data\raw\pdf\贵州茅台2024年年度报告.pdf,,,,312,396,资产负债表,76,76,113,资产负债表
600519_SH_pdf_贵州茅台2024年年度报告_pdf_bf557ae6_chunk_313,pdf,pdf,"21.76
6,436,157.58
12,367,221.76
合计
120,937,834.74
132,881,174.52
120,937,834.74
54、
所得税费用
(1). 所得税费用表
√适用 □不适用
单位:元 币种:人民币
项目
本期发生额
上期发生额
当期所得税费用
31,153,544,911.10
27,275,697,397.04
递延所得税费用
-849,694,742.54
-1,134,619,985.03
合计
30,303,850,168.56
26,141,077,412.01
(2). 会计利润与所得税费用调整过程
√适用 □不适用
单位:元 币种:人民币
项目
本期发生额
利润总额
119,638,578,194.46
按法定/适用税率计算的所得税费用
29,909,644,548.62
子公司适用不同税率的影响
-2,161,820.25
调整以前期间所得税的影响
26,696,223.99
非应税收入的影响
-6,818,462.55
不可抵扣的成本、费用和损失的影响
376,489,678.75
使用前期未确认递延所得税资产的可抵扣",600519.SH,贵州茅台,2024-12-31,2024,年报,贵州茅台2024年报,贵州茅台2024年年度报告.pdf,C:\Users\Administrator\Desktop\financial-poc\data\raw\pdf\贵州茅台2024年年度报告.pdf,,,,313,396,资产负债表,76,76,113,资产负债表
600519_SH_pdf_贵州茅台2024年年度报告_pdf_bf557ae6_chunk_314,pdf,pdf,"调整以前期间所得税的影响
26,696,223.99
非应税收入的影响
-6,818,462.55
不可抵扣的成本、费用和损失的影响
376,489,678.75
使用前期未确认递延所得税资产的可抵扣亏
损的影响
本期未确认递延所得税资产的可抵扣暂时性
差异或可抵扣亏损的影响
所得税费用
30,303,850,168.56
55、
其他综合收益
√适用 □不适用
详见附注36 其他综合收益
56、",600519.SH,贵州茅台,2024-12-31,2024,年报,贵州茅台2024年报,贵州茅台2024年年度报告.pdf,C:\Users\Administrator\Desktop\financial-poc\data\raw\pdf\贵州茅台2024年年度报告.pdf,,,,314,396,资产负债表,76,76,113,资产负债表
600519_SH_pdf_贵州茅台2024年年度报告_pdf_bf557ae6_chunk_315,pdf,pdf,"现金流量表项目
(1).与经营活动有关的现金
收到的其他与经营活动有关的现金
√适用 □不适用
贵州茅台酒股份有限公司2024 年年度报告
114 / 143
单位:元 币种:人民币
项目
本期发生额
上期发生额
自有资金利息收入
1,571,961,649.41
599,047,232.23
收到的其他收入
1,686,136,055.73
1,747,149,238.40
合计
3,258,097,705.14
2,346,196,470.63
支付的其他与经营活动有关的现金
√适用 □不适用
单位:元 币种:人民币
项目
本期发生额
上期发生额
支付的广告宣传费
1,722,797,025.52
1,747,846,108.16
支付的运输费及运输保险费用
174,121,504.36
231,907,323.70
支付的财产保险费
51,256,672.15
47,413,768.43
支付的其他费用
7,067,237,559.15
5,916,542,317.85
合计
9,015,412,761.18
7,943,709,518.14
(2).与投资活动有关的现金
收到的",600519.SH,贵州茅台,2024-12-31,2024,年报,贵州茅台2024年报,贵州茅台2024年年度报告.pdf,C:\Users\Administrator\Desktop\financial-poc\data\raw\pdf\贵州茅台2024年年度报告.pdf,,,,315,396,现金流量表,113,113,124,现金流量表
600519_SH_pdf_贵州茅台2024年年度报告_pdf_bf557ae6_chunk_316,pdf,pdf,"43
支付的其他费用
7,067,237,559.15
5,916,542,317.85
合计
9,015,412,761.18
7,943,709,518.14
(2).与投资活动有关的现金
收到的重要的投资活动有关的现金
√适用 □不适用
单位:元 币种:人民币
项目
本期发生额
上期发生额
23贵阳银行CD177(同业存单)
1,000,000,000.00
23民生银行CD462(同业存单)
1,000,000,000.00
23邮储银行CD098(同业存单)
2,000,000,000.00
大额存单
2,127,680,000.00
合计
2,000,000,000.00
4,127,680,000.00
支付的重要的投资活动有关的现金
√适用 □不适用
单位:元 币种:人民币
项目
本期发生额
上期发生额
3万吨酱香系列酒技改工程及其配
套设施项目
1,219,546,770.83
634,899,976.94
茅台酒“十四五”技改建设项目
561,435,415.92
456,567,050.94
“十四五”酱香酒习水同民坝一
期建设项目
833,252,777.65",600519.SH,贵州茅台,2024-12-31,2024,年报,贵州茅台2024年报,贵州茅台2024年年度报告.pdf,C:\Users\Administrator\Desktop\financial-poc\data\raw\pdf\贵州茅台2024年年度报告.pdf,,,,316,396,现金流量表,113,113,124,现金流量表
600519_SH_pdf_贵州茅台2024年年度报告_pdf_bf557ae6_chunk_317,pdf,pdf,".83
634,899,976.94
茅台酒“十四五”技改建设项目
561,435,415.92
456,567,050.94
“十四五”酱香酒习水同民坝一
期建设项目
833,252,777.65
307,440,011.31
中华片区30栋酒库建设项目
482,848,280.00
184,195,788.00
包装物流园项目一期工程
365,594,345.04
74,327,720.47
“十三五”中华片区茅台酒技改
工程及其配套设施项目
236,887,598.73
32,088,126.54
酱香型系列酒制酒技改工程及配
套设施项目(6400吨)
78,170,939.28
茅台招华(贵州)产业发展基金
合伙企业(有限合伙)
2,000,000,000.00
茅台金石(贵州)产业发展基金
合伙企业(有限合 伙)
2,000,000,000.00
23邮储银行CD098(同业存单)
1,996,364,000.00
合计
3,777,736,127.45
7,685,882,674.20
贵州茅台酒股份有限公司2024 年年度报告
115 / 143
收到的其他与投资活动有关",600519.SH,贵州茅台,2024-12-31,2024,年报,贵州茅台2024年报,贵州茅台2024年年度报告.pdf,C:\Users\Administrator\Desktop\financial-poc\data\raw\pdf\贵州茅台2024年年度报告.pdf,,,,317,396,现金流量表,113,113,124,现金流量表
600519_SH_pdf_贵州茅台2024年年度报告_pdf_bf557ae6_chunk_318,pdf,pdf,")
1,996,364,000.00
合计
3,777,736,127.45
7,685,882,674.20
贵州茅台酒股份有限公司2024 年年度报告
115 / 143
收到的其他与投资活动有关的现金
√适用 □不适用
单位:元 币种:人民币
项目
本期发生额
上期发生额
收到基本建设工程履约保证金
5,532,536.42
4,605,886.63
合计
5,532,536.42
4,605,886.63
支付的其他与投资活动有关的现金
√适用 □不适用
单位:元 币种:人民币
项目
本期发生额
上期发生额
退还的基本建设工程履约保证金
9,984,973.67
7,021,867.10
合计
9,984,973.67
7,021,867.10
(3).与筹资活动有关的现金
收到的其他与筹资活动有关的现金
□适用 √不适用
支付的其他与筹资活动有关的现金
√适用 □不适用
单位:元 币种:人民币
项目
本期发生额
上期发生额
偿还租赁负债支付的金额
110,478,781.87
122,315,261.93
处置二级子公司股权
6,000,000.00
其他
6,000,000",600519.SH,贵州茅台,2024-12-31,2024,年报,贵州茅台2024年报,贵州茅台2024年年度报告.pdf,C:\Users\Administrator\Desktop\financial-poc\data\raw\pdf\贵州茅台2024年年度报告.pdf,,,,318,396,现金流量表,113,113,124,现金流量表
600519_SH_pdf_贵州茅台2024年年度报告_pdf_bf557ae6_chunk_319,pdf,pdf,"币种:人民币
项目
本期发生额
上期发生额
偿还租赁负债支付的金额
110,478,781.87
122,315,261.93
处置二级子公司股权
6,000,000.00
其他
6,000,000.00
6,000,000.00
合计
116,478,781.87
134,315,261.93
筹资活动产生的各项负债变动情况
√适用 □不适用
单位:元 币种:人民币
项目
期初余额
本期增加
本期减少
期末余额
现金
变动
非现金变动
现金变动
非现金变动
租赁负债(包含
一年内到期部
分)
323,691,113.52
233,621,275.11
104,365,721.31
27,089,139.36
425,857,527.96
合计
323,691,113.52
233,621,275.11
104,365,721.31
27,089,139.36
425,857,527.96
(4).以净额列报现金流量的说明
□适用 √不适用
(5).不涉及当期现金收支、但影响企业财务状况或在未来可能影响企业现金流量的重大活动及财
务影响
□适用 √不适用
贵州茅台酒股份有限公司202",600519.SH,贵州茅台,2024-12-31,2024,年报,贵州茅台2024年报,贵州茅台2024年年度报告.pdf,C:\Users\Administrator\Desktop\financial-poc\data\raw\pdf\贵州茅台2024年年度报告.pdf,,,,319,396,现金流量表,113,113,124,现金流量表
600519_SH_pdf_贵州茅台2024年年度报告_pdf_bf557ae6_chunk_320,pdf,pdf,"6
(4).以净额列报现金流量的说明
□适用 √不适用
(5).不涉及当期现金收支、但影响企业财务状况或在未来可能影响企业现金流量的重大活动及财
务影响
□适用 √不适用
贵州茅台酒股份有限公司2024 年年度报告
116 / 143
57、
金流量表补充资料
(1). 现金流量表补充资料
√适用 □不适用
单位:元 币种:人民币
补充资料
本期金额
上期金额
1.将净利润调节为经营活动现金流量:
净利润
89,334,728,025.90
77,521,476,277.80
加:资产减值准备
信用减值损失
23,248,436.03
-37,871,293.26
固定资产折旧、油气资产折耗、生
产性生物资产折旧
1,721,165,327.14
1,651,428,992.20
使用权资产摊销
94,492,678.29
72,443,839.21
无形资产摊销
249,170,059.35
196,656,866.73
长期待摊费用摊销
20,191,550.34
16,886,608.86
处置固定资产、无形资产和其他长
期资产的损失(收益以“-”号填
列)
-388,852.0",600519.SH,贵州茅台,2024-12-31,2024,年报,贵州茅台2024年报,贵州茅台2024年年度报告.pdf,C:\Users\Administrator\Desktop\financial-poc\data\raw\pdf\贵州茅台2024年年度报告.pdf,,,,320,396,现金流量表,113,113,124,现金流量表
600519_SH_pdf_贵州茅台2024年年度报告_pdf_bf557ae6_chunk_321,pdf,pdf,"35
196,656,866.73
长期待摊费用摊销
20,191,550.34
16,886,608.86
处置固定资产、无形资产和其他长
期资产的损失(收益以“-”号填
列)
-388,852.05
479,736.97
固定资产报废损失(收益以“-”
号填列)
7,287,333.87
-1,632,253.14
公允价值变动损失(收益以“-”
号填列)
-60,980,724.35
-3,151,962.50
财务费用(收益以“-”号填列)
14,474,584.09
12,624,628.35
投资损失(收益以“-”号填列)
-9,130,340.37
-34,025,967.82
递延所得税资产减少(增加以
“-”号填列)
-874,119,443.73
-1,050,934,956.22
递延所得税负债增加(减少以
“-”号填列)
24,424,701.19
-83,685,028.80
存货的减少(增加以“-”号填
列)
-7,908,100,095.94
-7,610,810,825.29
经营性应收项目的减少(增加以
“-”号填列)
1,761,268,977.59",600519.SH,贵州茅台,2024-12-31,2024,年报,贵州茅台2024年报,贵州茅台2024年年度报告.pdf,C:\Users\Administrator\Desktop\financial-poc\data\raw\pdf\贵州茅台2024年年度报告.pdf,,,,321,396,现金流量表,113,113,124,现金流量表
600519_SH_pdf_贵州茅台2024年年度报告_pdf_bf557ae6_chunk_322,pdf,pdf,"028.80
存货的减少(增加以“-”号填
列)
-7,908,100,095.94
-7,610,810,825.29
经营性应收项目的减少(增加以
“-”号填列)
1,761,268,977.59
-3,465,130,974.53
经营性应付项目的增加(减少以
“-”号填列)
8,065,959,951.08
-591,505,967.47
其他
经营活动产生的现金流量净额
92,463,692,168.43
66,593,247,721.09
2.不涉及现金收支的重大投资和筹资活动:
债务转为资本
一年内到期的可转换公司债券
融资租入固定资产
3.现金及现金等价物净变动情况:
现金的期末余额
164,297,949,257.83
147,360,188,952.47
减:现金的期初余额
147,360,188,952.47
152,378,738,982.83
加:现金等价物的期末余额
5,672,140,000.00
3,000,000,000.00
减:现金等价物的期初余额
3,000,000,000.00
现金及现金等价物净增加额
19,609,900,305.36
-2",600519.SH,贵州茅台,2024-12-31,2024,年报,贵州茅台2024年报,贵州茅台2024年年度报告.pdf,C:\Users\Administrator\Desktop\financial-poc\data\raw\pdf\贵州茅台2024年年度报告.pdf,,,,322,396,现金流量表,113,113,124,现金流量表
600519_SH_pdf_贵州茅台2024年年度报告_pdf_bf557ae6_chunk_323,pdf,pdf,"余额
5,672,140,000.00
3,000,000,000.00
减:现金等价物的期初余额
3,000,000,000.00
现金及现金等价物净增加额
19,609,900,305.36
-2,018,550,030.36
贵州茅台酒股份有限公司2024 年年度报告
117 / 143
(2). 本期支付的取得子公司的现金净额
□适用 √不适用
(3). 本期收到的处置子公司的现金净额
□适用 √不适用
(4). 现金和现金等价物的构成
√适用 □不适用
单位:元 币种:人民币
项目
期末余额
期初余额
一、现金
164,297,949,257.83
147,360,188,952.47
其中:库存现金
9,733.00
162,802.00
可随时用于支付的银行存款
48,688,028,187.56
59,924,161,952.72
可随时用于支付的其他货币
资金
62,315.80
可用于支付的存放中央银行
款项
743,321,006.34
601,237,204.81
存放同业款项
114,866,528,015.13
86,834,626,992.94
拆放同业款",600519.SH,贵州茅台,2024-12-31,2024,年报,贵州茅台2024年报,贵州茅台2024年年度报告.pdf,C:\Users\Administrator\Desktop\financial-poc\data\raw\pdf\贵州茅台2024年年度报告.pdf,,,,323,396,现金流量表,113,113,124,现金流量表
600519_SH_pdf_贵州茅台2024年年度报告_pdf_bf557ae6_chunk_324,pdf,pdf,"5.80
可用于支付的存放中央银行
款项
743,321,006.34
601,237,204.81
存放同业款项
114,866,528,015.13
86,834,626,992.94
拆放同业款项
二、现金等价物
5,672,140,000.00
3,000,000,000.00
其中:三个月内到期的债券投资
买入返售金融资产
5,672,140,000.00
3,000,000,000.00
三、期末现金及现金等价物余额
169,970,089,257.83
150,360,188,952.47
其中:母公司或集团内子公司使
用受限制的现金和现金等价物
(5). 使用范围受限但仍作为现金和现金等价物列示的情况
□适用 √不适用
(6). 不属于现金及现金等价物的货币资金
√适用 □不适用
单位:元 币种:人民币
项目
本期金额
上期金额
理由
法定存款准备金
7,403,523,670.43
5,991,813,679.87 使用受限
合计
7,403,523,670.43
5,991,813,679.87
/
58、
所有者权益变动表项目注释
说明对上年期末余额进行调整的“其",600519.SH,贵州茅台,2024-12-31,2024,年报,贵州茅台2024年报,贵州茅台2024年年度报告.pdf,C:\Users\Administrator\Desktop\financial-poc\data\raw\pdf\贵州茅台2024年年度报告.pdf,,,,324,396,现金流量表,113,113,124,现金流量表
600519_SH_pdf_贵州茅台2024年年度报告_pdf_bf557ae6_chunk_325,pdf,pdf,"70.43
5,991,813,679.87 使用受限
合计
7,403,523,670.43
5,991,813,679.87
/
58、
所有者权益变动表项目注释
说明对上年期末余额进行调整的“其他”项目名称及调整金额等事项:
□适用 √不适用
59、
外币货币性项目
(1).外币货币性项目
√适用 □不适用
贵州茅台酒股份有限公司2024 年年度报告
118 / 143
单位:元
项目
期末外币余额
折算汇率
期末折算人民币
余额
货币资金
-
-
其中:美元
欧元
3,245,295.25
7.5257
24,423,118.46
港币
应收账款
-
-
其中:美元
欧元
129,830.80
7.5257
977,067.65
港币
(2).境外经营实体说明,包括对于重要的境外经营实体,应披露其境外主要经营地、记账本位币
及选择依据,记账本位币发生变化的还应披露原因
√适用 □不适用
公司全资子公司贵州茅台酒巴黎贸易有限公司注册地位于法国巴黎,记账本位币为欧元。
60、 租赁
(1) 作为承租人
√适用 □不适用
简化处理的短期租赁或低价值资产的租赁费用
√适用 □不适用
2",600519.SH,贵州茅台,2024-12-31,2024,年报,贵州茅台2024年报,贵州茅台2024年年度报告.pdf,C:\Users\Administrator\Desktop\financial-poc\data\raw\pdf\贵州茅台2024年年度报告.pdf,,,,325,396,现金流量表,113,113,124,现金流量表
600519_SH_pdf_贵州茅台2024年年度报告_pdf_bf557ae6_chunk_326,pdf,pdf,"适用
公司全资子公司贵州茅台酒巴黎贸易有限公司注册地位于法国巴黎,记账本位币为欧元。
60、 租赁
(1) 作为承租人
√适用 □不适用
简化处理的短期租赁或低价值资产的租赁费用
√适用 □不适用
22,027,091.31(单位:元 币种:人民币)
售后租回交易及判断依据
□适用 √不适用
与租赁相关的现金流出总额132,761,412.21(单位:元 币种:人民币)
(2) 作为出租人
作为出租人的经营租赁
√适用 □不适用
单位:元 币种:人民币
项目
租赁收入
其中:未计入租赁收
款额的可变租赁付
款额相关的收入
贵阳钻石广场商品房
55,045.88
北京市海淀区四季青路8 号3 层307、308 室
201,834.86
天津河东区新开路310 号房产
51,192.66
茅台国际大酒店一号楼一楼正门左边第四间门面
124,558.72
茅台国际大酒店一号楼一楼正门左边第六间门面
299,009.18
茅台商务中心AB 栋(A)1 单元23 层2、3、4、13、
20、21 号
328,389.91
合计
1,060,031.21
贵州茅台酒股份有限公司2024 年年度报告",600519.SH,贵州茅台,2024-12-31,2024,年报,贵州茅台2024年报,贵州茅台2024年年度报告.pdf,C:\Users\Administrator\Desktop\financial-poc\data\raw\pdf\贵州茅台2024年年度报告.pdf,,,,326,396,现金流量表,113,113,124,现金流量表
600519_SH_pdf_贵州茅台2024年年度报告_pdf_bf557ae6_chunk_327,pdf,pdf,"面
299,009.18
茅台商务中心AB 栋(A)1 单元23 层2、3、4、13、
20、21 号
328,389.91
合计
1,060,031.21
贵州茅台酒股份有限公司2024 年年度报告
119 / 143
作为出租人的融资租赁
□适用 √不适用
未折现租赁收款额与租赁投资净额的调节表
□适用 √不适用
未来五年未折现租赁收款额
□适用 √不适用
(3) 作为生产商或经销商确认融资租赁销售损益
□适用 √不适用
61、
数据资源
□适用 √不适用
八、 研发支出
1、 按费用性质列示
√适用 □不适用
单位:元 币种:人民币
项目
本期发生额
上期发生额
人员人工费用
192,974,752.78
175,587,021.98
直接投入费用
242,432,515.97
171,763,316.33
折旧费用与长期待摊费用
82,748,274.72
84,708,560.59
委托外部研究开发费用
139,811,712.56
151,719,367.21
其他费用
37,409,479.78
37,729,269.76
合计
695,376,735.81
621,50",600519.SH,贵州茅台,2024-12-31,2024,年报,贵州茅台2024年报,贵州茅台2024年年度报告.pdf,C:\Users\Administrator\Desktop\financial-poc\data\raw\pdf\贵州茅台2024年年度报告.pdf,,,,327,396,现金流量表,113,113,124,现金流量表
600519_SH_pdf_贵州茅台2024年年度报告_pdf_bf557ae6_chunk_328,pdf,pdf,"9
委托外部研究开发费用
139,811,712.56
151,719,367.21
其他费用
37,409,479.78
37,729,269.76
合计
695,376,735.81
621,507,535.87
其中:费用化研发支出
593,779,816.96
477,957,725.95
资本化研发支出
101,596,918.85
143,549,809.92
2、 符合资本化条件的研发项目开发支出
√适用 □不适用
单位:元 币种:人民币
项目
期初
余额
本期增加金额
本期减少金额
期末
余额
内部开发支出
其
他
确认为无形资产
转入
当期
损益
采供协同数字化技术体系的研究
19,060,279.08
4,481,914.60
23,542,193.68
茅台制酒酿造技艺机器学习技术体系研究
36,140,071.92
9,217,874.51
45,357,946.43
晾堂专用“三合土”理化性质分析及其组分
功能特性研究
297,737.87
297,737.87
基于5G、物联网的酒库安消一体化技术体
系研究
21,395,344.83
21,395,344.",600519.SH,贵州茅台,2024-12-31,2024,年报,贵州茅台2024年报,贵州茅台2024年年度报告.pdf,C:\Users\Administrator\Desktop\financial-poc\data\raw\pdf\贵州茅台2024年年度报告.pdf,,,,328,396,现金流量表,113,113,124,现金流量表
600519_SH_pdf_贵州茅台2024年年度报告_pdf_bf557ae6_chunk_329,pdf,pdf,"3
晾堂专用“三合土”理化性质分析及其组分
功能特性研究
297,737.87
297,737.87
基于5G、物联网的酒库安消一体化技术体
系研究
21,395,344.83
21,395,344.83
基于区块链、移动互联网、Saas 布局模型
的数字营销体系研发
82,822,777.43
38,827,904.57
121,650,682.00
基于工业互联网的仓储物流技术体系研发
866,192.46
866,192.46
茅台大数据技术体系研究
22,473,364.82
22,473,364.82
基于工业互联网、区块链的全产业链流通溯
源技术体系研发
36,123,717.41
41,053,659.22
77,177,376.63
基于中台技术的业财系统融合应用研究
1,267,244.10
1,267,244.10
供应链管理系统(包装生产)研发与应用
941,387.07
941,387.07
产品包装设计与开发管理系统研发与应用项
目
1,310,924.85
1,310,924.85
贵州茅台酒股份有限公司2024 年年度报告
120 / 143
全面质量管理",600519.SH,贵州茅台,2024-12-31,2024,年报,贵州茅台2024年报,贵州茅台2024年年度报告.pdf,C:\Users\Administrator\Desktop\financial-poc\data\raw\pdf\贵州茅台2024年年度报告.pdf,,,,329,396,现金流量表,113,113,124,现金流量表
600519_SH_pdf_贵州茅台2024年年度报告_pdf_bf557ae6_chunk_330,pdf,pdf,"07
941,387.07
产品包装设计与开发管理系统研发与应用项
目
1,310,924.85
1,310,924.85
贵州茅台酒股份有限公司2024 年年度报告
120 / 143
全面质量管理系统研发与应用
1,100,084.18
1,100,084.18
i 茅台用户运营体系研发与应用
933,294.73
933,294.73
工业互联网防伪溯源数字化运营管理平台研
发与应用
1,298,700.69
1,298,700.69
合计
218,015,555.49
101,596,918.85
221,089,595.92
98,522,878.42
重要的资本化研发项目
√适用 □不适用
项目
研发
进度
完成时间
预计经济利益产生方式
开始资本化的时
点
具体依据
基于区块链、移动
互联网、Saas 布局
模型的数字营销体
系研发
100%
2024 年12 月
i 茅台作为茅台的数字化营销平台,通过向
入驻商家提供交易平台,供其销售产品等
产生经济利益。
2022 年3 月
2022 年3 月i
茅台启动试运
行,2024 年12
月完成项目结
题。
基于工业互联网、",600519.SH,贵州茅台,2024-12-31,2024,年报,贵州茅台2024年报,贵州茅台2024年年度报告.pdf,C:\Users\Administrator\Desktop\financial-poc\data\raw\pdf\贵州茅台2024年年度报告.pdf,,,,330,396,现金流量表,113,113,124,现金流量表
600519_SH_pdf_贵州茅台2024年年度报告_pdf_bf557ae6_chunk_331,pdf,pdf,"为茅台的数字化营销平台,通过向
入驻商家提供交易平台,供其销售产品等
产生经济利益。
2022 年3 月
2022 年3 月i
茅台启动试运
行,2024 年12
月完成项目结
题。
基于工业互联网、
区块链的全产业链
流通溯源技术体系
研发
100%
2024 年12 月
统筹茅台酒从生产到消费端的流通业务服
务能力,通过数字化流通溯源系统及配套
体系建设,提供流通全渠道、全连通、高效
率、高智能的数字化流通溯源系统,提升管
理效率,降低管理成本。通过管理、业务、
技术的深度融合,构建起茅台酒业务流程
化、管理精细化、服务智能化、管控一体化
的流通溯源体系,支撑茅台酒流通环节的
溯源信息追溯,为消费者提供便捷可靠的
溯源信息查验服务,通过提升服务能力、提
高服务质量,增加经济效益。
2022 年3 月
2022 年3 月溯
源系统试运
行,2024 年12
月完成项目结
题。
开发支出减值准备
□适用 √不适用
3、 重要的外购在研项目
□适用 √不适用
九、 合并范围的变更
1、 非同一控制下企业合并
□适用 √不适用
2、 同一控制下企业合并
□适用 √不适用
3、 反向购买
□",600519.SH,贵州茅台,2024-12-31,2024,年报,贵州茅台2024年报,贵州茅台2024年年度报告.pdf,C:\Users\Administrator\Desktop\financial-poc\data\raw\pdf\贵州茅台2024年年度报告.pdf,,,,331,396,现金流量表,113,113,124,现金流量表
600519_SH_pdf_贵州茅台2024年年度报告_pdf_bf557ae6_chunk_332,pdf,pdf,"值准备
□适用 √不适用
3、 重要的外购在研项目
□适用 √不适用
九、 合并范围的变更
1、 非同一控制下企业合并
□适用 √不适用
2、 同一控制下企业合并
□适用 √不适用
3、 反向购买
□适用 √不适用
4、 处置子公司
本期是否存在丧失子公司控制权的交易或事项
□适用 √不适用
是否存在通过多次交易分步处置对子公司投资且在本期丧失控制权的情形
□适用 √不适用
贵州茅台酒股份有限公司2024 年年度报告
121 / 143
5、 其他原因的合并范围变动
说明其他原因导致的合并范围变动(如,新设子公司、清算子公司等)及其相关情况:
□适用 √不适用
十、 在其他主体中的权益
1、 在子公司中的权益
(1). 企业集团的构成
√适用 □不适用
单位:元 币种:人民币
子公司
名称
主要经
营地
注册资本
注册地
业
务
性
质
持股比例
(%)
取得
方式
直
接
间
接
贵州茅台酒进出口有限责任公司
8,000,000.00
贵州贵阳
70
投资设立
贵州茅台酒销售有限公司
10,000,000.00
贵州仁怀
95
投资设立
贵州茅台集团财务有限公司
2,500,000,",600519.SH,贵州茅台,2024-12-31,2024,年报,贵州茅台2024年报,贵州茅台2024年年度报告.pdf,C:\Users\Administrator\Desktop\financial-poc\data\raw\pdf\贵州茅台2024年年度报告.pdf,,,,332,396,现金流量表,113,113,124,现金流量表
600519_SH_pdf_贵州茅台2024年年度报告_pdf_bf557ae6_chunk_333,pdf,pdf,"台酒进出口有限责任公司
8,000,000.00
贵州贵阳
70
投资设立
贵州茅台酒销售有限公司
10,000,000.00
贵州仁怀
95
投资设立
贵州茅台集团财务有限公司
2,500,000,000.00
贵州仁怀
51
投资设立
贵州茅台酱香酒营销有限公司
200,000,000.00
贵州仁怀
100
投资设立
北京友谊使者商贸有限公司
30,000,000.00
北京
70
投资设立
贵州茅台酒巴黎贸易有限公司
80,728,429.80
法国巴黎
100
投资设立
贵州赖茅酒业有限公司
40,000,000.00
贵州贵阳
43
投资设立
持有半数或以下表决权但仍控制被投资单位、以及持有半数以上表决权但不控制被投资单位的依
据:
公司持有贵州赖茅酒业有限公司43%的股权比例,但实质能够控制该公司,其原因在于公司
在贵州赖茅酒业有限公司董事会成员超过半数。
(2). 重要的非全资子公司
√适用 □不适用
单位:元 币种:人民币
子公司名称
少数股东持股
比例
本期归属于少数股东的
损益
本期向少数股东宣
告分派的股利
期末少数股东权益余额
贵州茅台酒销售
有限公司
5%",600519.SH,贵州茅台,2024-12-31,2024,年报,贵州茅台2024年报,贵州茅台2024年年度报告.pdf,C:\Users\Administrator\Desktop\financial-poc\data\raw\pdf\贵州茅台2024年年度报告.pdf,,,,333,396,现金流量表,113,113,124,现金流量表
600519_SH_pdf_贵州茅台2024年年度报告_pdf_bf557ae6_chunk_334,pdf,pdf,"全资子公司
√适用 □不适用
单位:元 币种:人民币
子公司名称
少数股东持股
比例
本期归属于少数股东的
损益
本期向少数股东宣
告分派的股利
期末少数股东权益余额
贵州茅台酒销售
有限公司
5%
2,426,087,299.55 1,976,050,000.00
3,178,624,026.55
子公司少数股东的持股比例不同于表决权比例的说明:
□适用 √不适用
(3). 重要非全资子公司的主要财务信息
√适用 □不适用
单位:万元 币种:人民币
子公司名称
期末余额
期初余额
流动资产
非流动资产
资产合计
流动负债
非流动负债
负债合计
流动资产
非流动资产
资产合计
流动负债
非流动负债
负债合计
贵州茅台酒销
售有限公司
8,619,829.59
91,993.62
8,711,823.21
2,333,411.51
21,163.65
2,354,575.16
8,695,706.31
78,493.84
8,774,200.15
3,303,086.46
13,940.23
3,317,026.69
子公司名称
本期发生额
上期发生额
营业收入
净利润
综合收益总额
经",600519.SH,贵州茅台,2024-12-31,2024,年报,贵州茅台2024年报,贵州茅台2024年年度报告.pdf,C:\Users\Administrator\Desktop\financial-poc\data\raw\pdf\贵州茅台2024年年度报告.pdf,,,,334,396,现金流量表,113,113,124,现金流量表
600519_SH_pdf_贵州茅台2024年年度报告_pdf_bf557ae6_chunk_335,pdf,pdf,"06.31
78,493.84
8,774,200.15
3,303,086.46
13,940.23
3,317,026.69
子公司名称
本期发生额
上期发生额
营业收入
净利润
综合收益总额
经营活动现金流
量
营业收入
净利润
综合收益总额
经营活动现金流
量
贵州茅台酒销售有限公司
14,082,317.30
4,852,174.60
4,852,174.60
3,534,895.03
12,225,461.71
4,259,628.69
4,259,628.69
3,340,397.96
贵州茅台酒股份有限公司2024 年年度报告
122 / 143
十一、 政府补助
1、 报告期末按应收金额确认的政府补助
□适用 √不适用
未能在预计时点收到预计金额的政府补助的原因
□适用 √不适用
2、 涉及政府补助的负债项目
□适用 √不适用
3、 计入当期损益的政府补助
√适用 □不适用
单位:元 币种:人民币
类型
本期发生额
上期发生额
与收益相关
4,539,419.20
17,137,523.89
合计
4,539,419.20
17,137,523.89
十二、 与金融工",600519.SH,贵州茅台,2024-12-31,2024,年报,贵州茅台2024年报,贵州茅台2024年年度报告.pdf,C:\Users\Administrator\Desktop\financial-poc\data\raw\pdf\贵州茅台2024年年度报告.pdf,,,,335,396,现金流量表,113,113,124,现金流量表
600519_SH_pdf_贵州茅台2024年年度报告_pdf_bf557ae6_chunk_336,pdf,pdf,"用
单位:元 币种:人民币
类型
本期发生额
上期发生额
与收益相关
4,539,419.20
17,137,523.89
合计
4,539,419.20
17,137,523.89
十二、 与金融工具相关的风险
1、 金融工具的风险
√适用 □不适用
公司的主要金融工具,包括其他非流动金融资产、货币资金等。这些金融工具的主要目的在
于为本公司的运营融资。本公司具有多种因经营而直接产生的其他金融资产和负债,如应收账款、
其他应收款、应付账款、其他应付款等。
公司的金融工具导致的主要风险是信用风险、流动风险、汇率风险及利率风险。
(1)信用风险
公司金融资产包括货币资金、应收账款、其他应收款等,这些金融资产的信用风险源自交易
对手违约,最大风险敞口等于这些工具的账面金额。
由于公司仅与经认可的且信誉良好的第三方进行交易,所以无需担保物。信用风险集中按照
客户进行管理。本公司销售以预收款项方式进行,交易的信用风险小。
(2)流动性风险
流动风险,是指企业在履行以交付现金或其他金融资产的方式结算的义务时发生资金短缺的
风险。
公司的政策是确保拥有充足的现金以偿还到期债务。各子公司负责监控自身",600519.SH,贵州茅台,2024-12-31,2024,年报,贵州茅台2024年报,贵州茅台2024年年度报告.pdf,C:\Users\Administrator\Desktop\financial-poc\data\raw\pdf\贵州茅台2024年年度报告.pdf,,,,336,396,现金流量表,113,113,124,现金流量表
600519_SH_pdf_贵州茅台2024年年度报告_pdf_bf557ae6_chunk_337,pdf,pdf,"进行,交易的信用风险小。
(2)流动性风险
流动风险,是指企业在履行以交付现金或其他金融资产的方式结算的义务时发生资金短缺的
风险。
公司的政策是确保拥有充足的现金以偿还到期债务。各子公司负责监控自身的现金流量预测,
公司财务部门在汇总各子公司现金流量预测的基础上,在集团层面持续监控短期和长期的资金需
求,以确保维持现金需求。
(3)汇率风险
公司面临的外汇变动风险主要与公司的经营活动(当收支以不同于本公司记账本位币的外币
结算时)及其于境外子公司的净投资有关。公司承受的汇率风险主要与美元、欧元有关,除公司以
美元和欧元进行产品销售结算外,公司的其他主要业务活动以人民币计价结算。外币货币性项目
折算成人民币的金额列示详见第十节财务报告七、合并财务报表项目注释59、外币货币性项目。
(4)利率风险
利率风险,是指金融工具的公允价值或未来现金流量因市场利率变动而发生波动的风险。公
司面临的市场利率变动的风险主要与以浮动利率计息的负债有关。截至2024 年12 月31 日,公司
无以浮动利率计息的负债。
贵州茅台酒股份有限公司2024 年年度报告
123 / 143
2、 套期
(1) 公司",600519.SH,贵州茅台,2024-12-31,2024,年报,贵州茅台2024年报,贵州茅台2024年年度报告.pdf,C:\Users\Administrator\Desktop\financial-poc\data\raw\pdf\贵州茅台2024年年度报告.pdf,,,,337,396,现金流量表,113,113,124,现金流量表
600519_SH_pdf_贵州茅台2024年年度报告_pdf_bf557ae6_chunk_338,pdf,pdf,"利率变动的风险主要与以浮动利率计息的负债有关。截至2024 年12 月31 日,公司
无以浮动利率计息的负债。
贵州茅台酒股份有限公司2024 年年度报告
123 / 143
2、 套期
(1) 公司开展套期业务进行风险管理
□适用 √不适用
其他说明:
□适用 √不适用
(2) 公司开展符合条件套期业务并应用套期会计
□适用 √不适用
其他说明:
□适用 √不适用
(3) 公司开展套期业务进行风险管理、预期能实现风险管理目标但未应用套期会计
□适用 √不适用
其他说明:
□适用 √不适用
3、 金融资产转移
(1) 转移方式分类
√适用 □不适用
单位:元 币种:人民币
转移方式
已转移金融资产
性质
已转移金融资产
金额
终止确认情况
终止确认情况的
判断依据
票据背书
应收票据
25,000,000.00 终止确认
已经转移其所有
的风险和报酬
合计
/
25,000,000.00
/
/
(2) 因转移而终止确认的金融资产
√适用 □不适用
单位:元 币种:人民币
项目
金融资产转移的方式
终止确认的金融资产
金额
与终止确认相关的利
得或损失
应收票据
背书
25,000,0",600519.SH,贵州茅台,2024-12-31,2024,年报,贵州茅台2024年报,贵州茅台2024年年度报告.pdf,C:\Users\Administrator\Desktop\financial-poc\data\raw\pdf\贵州茅台2024年年度报告.pdf,,,,338,396,现金流量表,113,113,124,现金流量表
600519_SH_pdf_贵州茅台2024年年度报告_pdf_bf557ae6_chunk_339,pdf,pdf,"/
/
(2) 因转移而终止确认的金融资产
√适用 □不适用
单位:元 币种:人民币
项目
金融资产转移的方式
终止确认的金融资产
金额
与终止确认相关的利
得或损失
应收票据
背书
25,000,000.00
合计
/
25,000,000.00
(3) 继续涉入的转移金融资产
□适用 √不适用
十三、 公允价值的披露
1、 以公允价值计量的资产和负债的期末公允价值
√适用 □不适用
贵州茅台酒股份有限公司2024 年年度报告
124 / 143
单位:元 币种:人民币
项目
期末公允价值
第一层次公允价
值计量
第二层
次公允
价值计
量
第三层次公允价值计
量
合计
一、持续的公
允价值计量
(一)交易性金
融资产和其他非
流动金融资产
248,513,280.00
4,028,978,995.56
4,277,492,275.56
1.以公允价值计
量且变动计入当
期损益的金融资
产
248,513,280.00
4,028,978,995.56
4,277,492,275.56
(1)债务工具
投资
248,513,280.00
248,513,280.00
(2)权益工具",600519.SH,贵州茅台,2024-12-31,2024,年报,贵州茅台2024年报,贵州茅台2024年年度报告.pdf,C:\Users\Administrator\Desktop\financial-poc\data\raw\pdf\贵州茅台2024年年度报告.pdf,,,,339,396,现金流量表,113,113,124,现金流量表
600519_SH_pdf_贵州茅台2024年年度报告_pdf_bf557ae6_chunk_340,pdf,pdf,"产
248,513,280.00
4,028,978,995.56
4,277,492,275.56
(1)债务工具
投资
248,513,280.00
248,513,280.00
(2)权益工具
投资
4,028,978,995.56
4,028,978,995.56
(3)衍生金融
资产
持续以公允价
值计量的资产
总额
248,513,280.00
4,028,978,995.56
4,277,492,275.56
2、 持续和非持续第一层次公允价值计量项目市价的确定依据
√适用 □不适用
投资标的为债券基金,在计量日能够取得该基金在活跃市场上未经调整的报价。
3、 持续和非持续第二层次公允价值计量项目,采用的估值技术和重要参数的定性及定量信息
□适用 √不适用
4、 持续和非持续第三层次公允价值计量项目,采用的估值技术和重要参数的定性及定量信息
√适用 □不适用
本公司持有第三层次公允价值计量的权益工具投资为持有的私募股权投资基金的份额,以净",600519.SH,贵州茅台,2024-12-31,2024,年报,贵州茅台2024年报,贵州茅台2024年年度报告.pdf,C:\Users\Administrator\Desktop\financial-poc\data\raw\pdf\贵州茅台2024年年度报告.pdf,,,,340,396,现金流量表,113,113,124,现金流量表
600519_SH_pdf_贵州茅台2024年年度报告_pdf_bf557ae6_chunk_341,pdf,pdf,"资产法计算截至资产负债表日的公允价值。
5、 持续的第三层次公允价值计量项目,期初与期末账面价值间的调节信息及不可观察参数敏感
性分析
□适用 √不适用
6、 持续的公允价值计量项目,本期内发生各层级之间转换的,转换的原因及确定转换时点的政
策
□适用 √不适用
贵州茅台酒股份有限公司2024 年年度报告
125 / 143
7、 本期内发生的估值技术变更及变更原因
□适用 √不适用
8、 不以公允价值计量的金融资产和金融负债的公允价值情况
√适用 □不适用
本公司不以公允价值计量的金融资产和金融负债主要包括:货币资金、拆出资金、应收票
据、应收账款、其他应收款、买入返售金融资产、发放贷款和垫款、债权投资、应付账款、吸收
存款及同业存放、其他应付款、租赁负债等,其账面价值与公允价值差异较小。
9、 其他
□适用 √不适用
十四、 关联方及关联交易
1、 本企业的母公司情况
√适用 □不适用
单位:万元 币种:人民币
母公司名称
注册地
业务性质
注册资本
母公司对本企
业的持股比例
(%)
母公司对本企业
的表决权比例
(%)
中国贵州茅
台酒厂(集
团)有限责
任公司
贵州贵阳
1,",600519.SH,贵州茅台,2024-12-31,2024,年报,贵州茅台2024年报,贵州茅台2024年年度报告.pdf,C:\Users\Administrator\Desktop\financial-poc\data\raw\pdf\贵州茅台2024年年度报告.pdf,,,,341,396,资产负债表,124,124,143,资产负债表
600519_SH_pdf_贵州茅台2024年年度报告_pdf_bf557ae6_chunk_342,pdf,pdf,"单位:万元 币种:人民币
母公司名称
注册地
业务性质
注册资本
母公司对本企
业的持股比例
(%)
母公司对本企业
的表决权比例
(%)
中国贵州茅
台酒厂(集
团)有限责
任公司
贵州贵阳
1,000,000
54.07
54.07
本企业最终控制方是贵州省人民政府国有资产监督管理委员会
2、 本企业的子公司情况
本企业子公司的情况详见附注
√适用 □不适用
本企业子公司的情况详见本节十、在其他主体中的权益
3、 其他关联方情况
√适用 □不适用
其他关联方名称
其他关联方与本企业关系
北京茅台贸易有限责任公司
母公司的全资子公司
昌黎茅台葡萄酒经贸有限公司
其他
上海茅台贸易有限公司
其他
贵州富明行包装有限公司
其他
贵州恒道丹林农业科技开发有限公司
其他
贵州久远物业有限公司
其他
贵州茅台(集团)国际旅行社有限公司
其他
贵州茅台(集团)生态农业产业发展有限公司
母公司的全资子公司
贵州茅台醇营销公司
其他
贵州茅台集团健康产业有限公司
其他
贵州茅台酒厂(集团)保健酒业销售有限公司
其他
贵州茅台酒股份有限公司2024 年年度报告
126 / 143
贵州茅台酒厂(集团",600519.SH,贵州茅台,2024-12-31,2024,年报,贵州茅台2024年报,贵州茅台2024年年度报告.pdf,C:\Users\Administrator\Desktop\financial-poc\data\raw\pdf\贵州茅台2024年年度报告.pdf,,,,342,396,资产负债表,124,124,143,资产负债表
600519_SH_pdf_贵州茅台2024年年度报告_pdf_bf557ae6_chunk_343,pdf,pdf,"子公司
贵州茅台醇营销公司
其他
贵州茅台集团健康产业有限公司
其他
贵州茅台酒厂(集团)保健酒业销售有限公司
其他
贵州茅台酒股份有限公司2024 年年度报告
126 / 143
贵州茅台酒厂(集团)保健酒业有限公司
母公司的全资子公司
贵州茅台酒厂(集团)昌黎葡萄酒业有限公司
母公司的控股子公司
贵州茅台酒厂(集团)贵阳高新置业投资发展有限公司
其他
贵州茅台酒厂(集团)贵阳商务有限责任公司
母公司的全资子公司
贵州茅台酒厂(集团)三亚投资实业有限公司
其他
贵州茅台酒厂(集团)物流有限责任公司
母公司的控股子公司
贵州茅台酒厂(集团)循环经济产业投资开发有限公司
母公司的全资子公司
贵州茅台酒厂(集团)置业投资发展有限公司
母公司的全资子公司
贵州茅台酒厂(集团)技术开发有限公司
母公司的全资子公司
贵州茅台生态农业销售有限责任公司
其他
贵州茅台物流园区粮食收储有限公司
其他
贵州遵义茅台机场有限责任公司
母公司的控股子公司
贵州省仁怀市申仁包装印务有限责任公司
其他
贵州新华羲玻璃有限责任公司
其他
茅台(贵州)投资基金合伙企业(有限合伙)
母公司的控股子公司
茅台(贵州)私",600519.SH,贵州茅台,2024-12-31,2024,年报,贵州茅台2024年报,贵州茅台2024年年度报告.pdf,C:\Users\Administrator\Desktop\financial-poc\data\raw\pdf\贵州茅台2024年年度报告.pdf,,,,343,396,资产负债表,124,124,143,资产负债表
600519_SH_pdf_贵州茅台2024年年度报告_pdf_bf557ae6_chunk_344,pdf,pdf,"遵义茅台机场有限责任公司
母公司的控股子公司
贵州省仁怀市申仁包装印务有限责任公司
其他
贵州新华羲玻璃有限责任公司
其他
茅台(贵州)投资基金合伙企业(有限合伙)
母公司的控股子公司
茅台(贵州)私募基金管理有限公司
母公司的控股子公司
上海贵州茅台实业有限公司
母公司的全资子公司
上海仁彩印务有限公司
其他
贵州茅台酒厂(集团)酒店经营管理有限公司
母公司的全资子公司
贵州遵义茅台机场空港生态园区投资开发有限责任公司
其他
中国贵州茅台酒厂(集团)文化旅游有限责任公司
母公司的全资子公司
珠海经济特区龙狮瓶盖有限公司
其他
茅台(上海)融资租赁有限公司
母公司的全资子公司
贵州茅台集团营销有限公司
母公司的全资子公司
华贵人寿保险股份有限公司
母公司的控股子公司
贵阳贵银金融租赁有限责任公司
其他
贵州银行股份有限公司
其他
贵州尊朋酒业有限公司
其他
贵州茅台酒厂(集团)贵定晶琪玻璃制品有限公司
其他
贵州茅台酒厂(集团)绿生有机肥有限责任公司
其他
贵州省仁怀市仁帅酒业有限公司
其他
贵州茅台酒厂(集团)红缨子农业科技发展有限公司
母公司的控股子公司
巽风科技(贵州)有限公司",600519.SH,贵州茅台,2024-12-31,2024,年报,贵州茅台2024年报,贵州茅台2024年年度报告.pdf,C:\Users\Administrator\Desktop\financial-poc\data\raw\pdf\贵州茅台2024年年度报告.pdf,,,,344,396,资产负债表,124,124,143,资产负债表
600519_SH_pdf_贵州茅台2024年年度报告_pdf_bf557ae6_chunk_345,pdf,pdf,"制品有限公司
其他
贵州茅台酒厂(集团)绿生有机肥有限责任公司
其他
贵州省仁怀市仁帅酒业有限公司
其他
贵州茅台酒厂(集团)红缨子农业科技发展有限公司
母公司的控股子公司
巽风科技(贵州)有限公司
其他
中国贵州茅台酒厂贸易(香港)有限公司
母公司的全资子公司
茅台招华(贵州)产业发展基金合伙企业(有限合伙)
母公司的控股子公司
茅台金石(贵州)产业发展基金合伙企业(有限合伙)
母公司的控股子公司
贵州茅台医院
其他
茅台学院
其他
贵州双龙飞天供应链管理有限公司
其他
贵州仁怀龙狮瓶盖有限公司
其他
贵州尊朋酒业销售有限公司
其他
贵州茅台集团健康产业销售有限公司
其他
其他说明:
(1)昌黎茅台葡萄酒经贸有限公司系贵州茅台酒厂(集团)昌黎葡萄酒业有限公司的全资子公司;
(2)上海茅台贸易有限公司系上海贵州茅台实业有限公司的全资子公司;
(3)贵州富明行包装有限公司系贵州茅台酒厂(集团)技术开发有限公司的控股子公司;
(4)贵州恒道丹林农业科技开发有限公司系贵州茅台(集团)生态农业产业发展有限公司控股子
公司;
贵州茅台酒股份有限公司2024 年年度报告
127 / 143
(5)",600519.SH,贵州茅台,2024-12-31,2024,年报,贵州茅台2024年报,贵州茅台2024年年度报告.pdf,C:\Users\Administrator\Desktop\financial-poc\data\raw\pdf\贵州茅台2024年年度报告.pdf,,,,345,396,资产负债表,124,124,143,资产负债表
600519_SH_pdf_贵州茅台2024年年度报告_pdf_bf557ae6_chunk_346,pdf,pdf,")技术开发有限公司的控股子公司;
(4)贵州恒道丹林农业科技开发有限公司系贵州茅台(集团)生态农业产业发展有限公司控股子
公司;
贵州茅台酒股份有限公司2024 年年度报告
127 / 143
(5)贵州久远物业有限公司系中国贵州茅台酒厂(集团)文化旅游有限责任公司的控股子公司;
(6)贵州茅台(集团)国际旅行社有限公司系中国贵州茅台酒厂(集团)文化旅游有限责任公司
的全资子公司;
(7)贵州茅台醇营销公司系贵州茅台酒厂(集团)技术开发有限公司的全资子公司;
(8)贵州茅台集团健康产业有限公司系贵州茅台酒厂(集团)保健酒业有限责任公司的控股子公
司;
(9)贵州茅台酒厂(集团)保健酒业销售有限公司系贵州茅台酒厂(集团)保健酒业有限公司的
全资子公司;
(10)贵州茅台酒厂(集团)贵阳高新置业投资发展有限公司系贵州茅台酒厂(集团)置业投资发
展有限公司的全资子公司;
(11)贵州茅台酒厂(集团)三亚投资实业有限公司系贵州茅台酒厂(集团)置业投资发展有限公
司全资子公司;
(12)贵州茅台生态农业销售有限责任公司系贵州茅台(集团)生态农业产业发展有限公司全资子
公司;
(13)贵州茅台物流",600519.SH,贵州茅台,2024-12-31,2024,年报,贵州茅台2024年报,贵州茅台2024年年度报告.pdf,C:\Users\Administrator\Desktop\financial-poc\data\raw\pdf\贵州茅台2024年年度报告.pdf,,,,346,396,资产负债表,124,124,143,资产负债表
600519_SH_pdf_贵州茅台2024年年度报告_pdf_bf557ae6_chunk_347,pdf,pdf,"团)三亚投资实业有限公司系贵州茅台酒厂(集团)置业投资发展有限公
司全资子公司;
(12)贵州茅台生态农业销售有限责任公司系贵州茅台(集团)生态农业产业发展有限公司全资子
公司;
(13)贵州茅台物流园区粮食收储有限公司系贵州茅台酒厂(集团)物流有限责任公司的控股子公
司;
(14)贵州省仁怀市申仁包装印务有限责任公司系贵州茅台酒厂(集团)技术开发有限公司的控股
子公司;
(15)贵州新华羲玻璃有限责任公司系贵州茅台酒厂(集团)技术开发有限公司的控股子公司;
(16)上海仁彩印务有限公司系贵州茅台酒厂(集团)技术开发有限公司的联营企业;
(17)贵州遵义茅台机场空港生态园区投资开发有限责任公司系贵州遵义茅台机场有限责任公司的
全资子公司;
(18)珠海经济特区龙狮瓶盖有限公司系贵州茅台酒厂(集团)技术开发有限公司的控股子公司;
(19)贵阳贵银金融租赁有限责任公司系母公司的联营企业;
(20)贵州银行股份有限公司系母公司的联营企业;
(21)贵州尊朋酒业有限公司系贵州茅台酒厂(集团)循环经济产业投资开发有限公司的控股子公
司;
(22)贵州茅台酒厂(集团)贵定晶琪玻璃制品有限公司系贵州",600519.SH,贵州茅台,2024-12-31,2024,年报,贵州茅台2024年报,贵州茅台2024年年度报告.pdf,C:\Users\Administrator\Desktop\financial-poc\data\raw\pdf\贵州茅台2024年年度报告.pdf,,,,347,396,资产负债表,124,124,143,资产负债表
600519_SH_pdf_贵州茅台2024年年度报告_pdf_bf557ae6_chunk_348,pdf,pdf,"0)贵州银行股份有限公司系母公司的联营企业;
(21)贵州尊朋酒业有限公司系贵州茅台酒厂(集团)循环经济产业投资开发有限公司的控股子公
司;
(22)贵州茅台酒厂(集团)贵定晶琪玻璃制品有限公司系贵州茅台酒厂(集团)技术开发有限公
司全资子公司;
(23)贵州茅台酒厂(集团)绿生有机肥有限责任公司系贵州茅台酒厂(集团)循环经济产业投资
开发有限公司控股子公司;
(24)贵州省仁怀市仁帅酒业有限公司系贵州茅台酒厂(集团)保健酒业有限公司全资子公司;
(25)巽风科技(贵州)有限公司系中国贵州茅台酒厂(集团)文化旅游有限责任公司的控股子公
司;
(26)贵州茅台医院系母公司全资设立的事业单位;
(27)茅台学院系母公司全资设立的事业单位;
(28)贵州双龙飞天供应链管理有限公司系贵州茅台酒厂(集团)物流有限责任公司的全资子公
司;
(29)贵州仁怀龙狮瓶盖有限公司系珠海经济特区龙狮瓶盖有限公司的全资子公司;
(30)贵州尊朋酒业销售有限公司系贵州尊朋酒业有限公司的全资子公司;
(31)贵州茅台集团健康产业销售有限公司系贵州茅台集团健康产业有限公司的全资子公司。
4、 关联交易情况
(1).",600519.SH,贵州茅台,2024-12-31,2024,年报,贵州茅台2024年报,贵州茅台2024年年度报告.pdf,C:\Users\Administrator\Desktop\financial-poc\data\raw\pdf\贵州茅台2024年年度报告.pdf,,,,348,396,资产负债表,124,124,143,资产负债表
600519_SH_pdf_贵州茅台2024年年度报告_pdf_bf557ae6_chunk_349,pdf,pdf,"的全资子公司;
(30)贵州尊朋酒业销售有限公司系贵州尊朋酒业有限公司的全资子公司;
(31)贵州茅台集团健康产业销售有限公司系贵州茅台集团健康产业有限公司的全资子公司。
4、 关联交易情况
(1). 购销商品、提供和接受劳务的关联交易
采购商品/接受劳务情况表
√适用 □不适用
单位:元 币种:人民币
贵州茅台酒股份有限公司2024 年年度报告
128 / 143
关联方
关联交易内容
本期发生额
获批的交
易额度
(如适
用)
是否超过
交易额度
(如适
用)
上期发生额
中国贵州茅台酒厂(集团)有限责任公司
商标使用权
2,466,052,249.25
1,805,818,609.89
贵州茅台酒厂(集团)物流有限责任公司
货物运输服务
242,909,426.03
216,497,975.59
珠海经济特区龙狮瓶盖有限公司
购买商品
392,724,190.99
353,391,541.98
贵州省仁怀市申仁包装印务有限责任公司
购买商品
311,692,891.52
259,369,377.21
贵州茅台酒厂(集团)贵定晶琪玻璃制品有限
公司
购买商品
131,577,569",600519.SH,贵州茅台,2024-12-31,2024,年报,贵州茅台2024年报,贵州茅台2024年年度报告.pdf,C:\Users\Administrator\Desktop\financial-poc\data\raw\pdf\贵州茅台2024年年度报告.pdf,,,,349,396,资产负债表,124,124,143,资产负债表
600519_SH_pdf_贵州茅台2024年年度报告_pdf_bf557ae6_chunk_350,pdf,pdf,"41.98
贵州省仁怀市申仁包装印务有限责任公司
购买商品
311,692,891.52
259,369,377.21
贵州茅台酒厂(集团)贵定晶琪玻璃制品有限
公司
购买商品
131,577,569.97
贵州茅台酒厂(集团)循环经济产业投资开发有
限公司
购买商品
131,280,975.00
141,561,000.00
贵州茅台物流园区粮食收储有限公司
购买商品
159,164,224.07
125,734,378.80
贵州茅台酒厂(集团)红缨子农业科技发展有
限公司
购买商品
91,571,319.20
50,223,736.00
贵州新华羲玻璃有限责任公司
购买商品
50,723,017.23
74,837,333.43
贵州富明行包装有限公司
购买商品
38,389,121.95
79,633,744.86
中国贵州茅台酒厂(集团)文化旅游有限责任
公司
购买商品
25,126,546.60
26,270,887.61
贵州茅台酒厂(集团)保健酒业销售有限公司
购买商品
10,733,800.07
2,656,847.80
昌黎茅台葡萄酒经贸有限公司
购买商品
2,65",600519.SH,贵州茅台,2024-12-31,2024,年报,贵州茅台2024年报,贵州茅台2024年年度报告.pdf,C:\Users\Administrator\Desktop\financial-poc\data\raw\pdf\贵州茅台2024年年度报告.pdf,,,,350,396,资产负债表,124,124,143,资产负债表
600519_SH_pdf_贵州茅台2024年年度报告_pdf_bf557ae6_chunk_351,pdf,pdf,"26,546.60
26,270,887.61
贵州茅台酒厂(集团)保健酒业销售有限公司
购买商品
10,733,800.07
2,656,847.80
昌黎茅台葡萄酒经贸有限公司
购买商品
2,656,035.40
2,656,035.41
贵州茅台生态农业销售有限责任公司
购买商品
885,111.50
951,669.03
贵州茅台医院
购买商品
506,056.46
29,504,681.72
中国贵州茅台酒厂(集团)有限责任公司
购买商品
21,875.33
上海仁彩印务有限公司
购买商品
106,725.23
华贵人寿保险股份有限公司
购买保险
29,250,803.45
512,911.13
贵州茅台酒厂(集团)保健酒业有限公司
劳务费
364,282,785.91
284,953,843.63
贵州茅台医院
劳务费
109,786,470.85
62,578,627.93
中国贵州茅台酒厂(集团)文化旅游有限责任
公司
劳务费
109,560,813.31
51,569,712.68
贵州茅台酒厂(集团)酒店经营管理有限公司
劳务费
99,918,709.05
74,3",600519.SH,贵州茅台,2024-12-31,2024,年报,贵州茅台2024年报,贵州茅台2024年年度报告.pdf,C:\Users\Administrator\Desktop\financial-poc\data\raw\pdf\贵州茅台2024年年度报告.pdf,,,,351,396,资产负债表,124,124,143,资产负债表
600519_SH_pdf_贵州茅台2024年年度报告_pdf_bf557ae6_chunk_352,pdf,pdf,"中国贵州茅台酒厂(集团)文化旅游有限责任
公司
劳务费
109,560,813.31
51,569,712.68
贵州茅台酒厂(集团)酒店经营管理有限公司
劳务费
99,918,709.05
74,332,293.77
贵州茅台(集团)国际旅行社有限公司
劳务费
81,664,884.30
40,540,182.49
巽风科技(贵州)有限公司
劳务费
54,026,057.50
108,936,867.84
贵州茅台酒厂(集团)物流有限责任公司
劳务费
10,904,482.09
贵州茅台酒厂(集团)循环经济产业投资开发有
限公司
劳务费
5,905,719.20
4,485,361.28
贵州遵义茅台机场有限责任公司
劳务费
1,525,726.08
610,344.02
贵州茅台酒厂(集团)技术开发有限公司
劳务费
1,509,433.96
25,429.03
贵州双龙飞天供应链管理有限公司
劳务费
479,838.72
茅台学院
劳务费
344,528.30
2,065,849.07
北京茅台贸易有限责任公司
劳务费
207,547.17
贵州茅台酒厂(集团)贵阳高新置业投资发展",600519.SH,贵州茅台,2024-12-31,2024,年报,贵州茅台2024年报,贵州茅台2024年年度报告.pdf,C:\Users\Administrator\Desktop\financial-poc\data\raw\pdf\贵州茅台2024年年度报告.pdf,,,,352,396,资产负债表,124,124,143,资产负债表
600519_SH_pdf_贵州茅台2024年年度报告_pdf_bf557ae6_chunk_353,pdf,pdf,"限公司
劳务费
479,838.72
茅台学院
劳务费
344,528.30
2,065,849.07
北京茅台贸易有限责任公司
劳务费
207,547.17
贵州茅台酒厂(集团)贵阳高新置业投资发展
有限公司
劳务费
125,946.26
116,120.77
贵州茅台酒厂(集团)置业投资发展有限公司
劳务费
54,622.64
贵州茅台酒厂(集团)三亚投资实业有限公司
劳务费
23,369.81
贵州茅台酒厂(集团)红缨子农业科技发展有
限公司
劳务费
10,000.00
中国贵州茅台酒厂(集团)有限责任公司
劳务费
136,649.00
贵州茅台物流园区粮食收储有限公司
管理费
63,756,467.40
60,334,658.08
贵州茅台酒厂(集团)酒店经营管理有限公司
管理费
4,188,647.80
贵州茅台酒厂(集团)贵阳高新置业投资发展
有限公司
水电汽等其他
公用事业费用
(购买)
55,500.83
43,442.45
出售商品/提供劳务情况表
√适用 □不适用
单位:元 币种:人民币
关联方
关联交易内容
本期发生额
上期发生额
贵州茅台集团营销有限公司
销售商",600519.SH,贵州茅台,2024-12-31,2024,年报,贵州茅台2024年报,贵州茅台2024年年度报告.pdf,C:\Users\Administrator\Desktop\financial-poc\data\raw\pdf\贵州茅台2024年年度报告.pdf,,,,353,396,资产负债表,124,124,143,资产负债表
600519_SH_pdf_贵州茅台2024年年度报告_pdf_bf557ae6_chunk_354,pdf,pdf,"用
(购买)
55,500.83
43,442.45
出售商品/提供劳务情况表
√适用 □不适用
单位:元 币种:人民币
关联方
关联交易内容
本期发生额
上期发生额
贵州茅台集团营销有限公司
销售商品
6,339,486,387.61
5,384,603,095.58
中国贵州茅台酒厂(集团)文化旅游有限责任公司
销售商品
138,837,804.65
15,409,493.26
巽风科技(贵州)有限公司
销售商品
32,304,424.78
4,969,911.50
贵州茅台酒厂(集团)酒店经营管理有限公司
销售商品
26,785,138.02
38,081,330.95
上海贵州茅台实业有限公司
销售商品
16,675,614.12
13,524,966.35
贵州茅台酒厂(集团)三亚投资实业有限公司
销售商品
16,249,417.82
12,807,170.94
北京茅台贸易有限责任公司
销售商品
13,557,408.83
6,364,991.14
中国贵州茅台酒厂贸易(香港)有限公司
销售商品
6,114,000.00
23,478,824.28
贵州茅台酒股份有限公司2",600519.SH,贵州茅台,2024-12-31,2024,年报,贵州茅台2024年报,贵州茅台2024年年度报告.pdf,C:\Users\Administrator\Desktop\financial-poc\data\raw\pdf\贵州茅台2024年年度报告.pdf,,,,354,396,资产负债表,124,124,143,资产负债表
600519_SH_pdf_贵州茅台2024年年度报告_pdf_bf557ae6_chunk_355,pdf,pdf,"责任公司
销售商品
13,557,408.83
6,364,991.14
中国贵州茅台酒厂贸易(香港)有限公司
销售商品
6,114,000.00
23,478,824.28
贵州茅台酒股份有限公司2024 年年度报告
129 / 143
贵州遵义茅台机场有限责任公司
销售商品
2,999,915.04
8,999,745.12
贵州茅台(集团)生态农业产业发展有限公司
销售商品
804,488.49
中国贵州茅台酒厂(集团)有限责任公司
销售商品
781,492.04
686,773.73
贵州茅台酒厂(集团)保健酒业有限公司
销售商品
94,088.50
贵州茅台酒厂(集团)物流有限责任公司
销售商品
16,717.70
昌黎茅台葡萄酒经贸有限公司
劳务费
1,098,530.85
2,353.47
贵州茅台酒厂(集团)保健酒业销售有限公司
劳务费
251,747.96
258,066.00
贵州茅台生态农业销售有限责任公司
劳务费
189,869.81
中国贵州茅台酒厂(集团)文化旅游有限责任公司
劳务费
95,566.04
84,696.23
贵州茅台酒厂(集团)昌黎葡萄酒业有",600519.SH,贵州茅台,2024-12-31,2024,年报,贵州茅台2024年报,贵州茅台2024年年度报告.pdf,C:\Users\Administrator\Desktop\financial-poc\data\raw\pdf\贵州茅台2024年年度报告.pdf,,,,355,396,资产负债表,124,124,143,资产负债表
600519_SH_pdf_贵州茅台2024年年度报告_pdf_bf557ae6_chunk_356,pdf,pdf,".00
贵州茅台生态农业销售有限责任公司
劳务费
189,869.81
中国贵州茅台酒厂(集团)文化旅游有限责任公司
劳务费
95,566.04
84,696.23
贵州茅台酒厂(集团)昌黎葡萄酒业有限公司
劳务费
5,366.04
贵州茅台酒厂(集团)保健酒业有限公司
劳务费
432,178.18
中国贵州茅台酒厂(集团)有限责任公司
劳务费
89,391.24
贵州茅台(集团)国际旅行社有限公司
劳务费
38,254.72
贵州茅台集团营销有限公司
劳务费
28,516.98
巽风科技(贵州)有限公司
劳务费
13,913.21
中国贵州茅台酒厂(集团)有限责任公司
其他流入
13,925,889.91
(2). 关联受托管理/承包及委托管理/出包情况
本公司受托管理/承包情况表:
□适用 √不适用
关联托管/承包情况说明
□适用 √不适用
本公司委托管理/出包情况表
√适用 □不适用
单位:万元 币种:人民币
委托方/出包
方名称
受托方/出包
方名称
委托/出包资
产类型
委托/出包
起始日
委托/出包
终止日
托管费/出包
费定价依据
本期确认的托
管费/出包费
贵州茅台酒",600519.SH,贵州茅台,2024-12-31,2024,年报,贵州茅台2024年报,贵州茅台2024年年度报告.pdf,C:\Users\Administrator\Desktop\financial-poc\data\raw\pdf\贵州茅台2024年年度报告.pdf,,,,356,396,资产负债表,124,124,143,资产负债表
600519_SH_pdf_贵州茅台2024年年度报告_pdf_bf557ae6_chunk_357,pdf,pdf,"单位:万元 币种:人民币
委托方/出包
方名称
受托方/出包
方名称
委托/出包资
产类型
委托/出包
起始日
委托/出包
终止日
托管费/出包
费定价依据
本期确认的托
管费/出包费
贵州茅台酒
股份有限公
司
贵州茅台酒
厂(集团)
酒店经营管
理有限公司
其他资产托
管
2024 年1
月1 日
2024 年12
月31 日
协议价
418.86
贵州茅台酒
股份有限公
司
贵州茅台物
流园区粮食
收储有限公
司
其他资产托
管
2024 年1
月1 日
2024 年12
月31 日
协议价
6,375.65
关联管理/出包情况说明
□适用 √不适用
(3). 关联租赁情况
本公司作为出租方:
√适用 □不适用
单位:元 币种:人民币
承租方名称
租赁资产种类
本期确认的租
赁收入
上期确认的
租赁收入
中国贵州茅台酒厂(集团)有限责任公司
房屋及建筑物
328,389.91
234,564.22
贵州茅台酒厂(集团)酒店经营管理有限公司
房屋及建筑物
299,009.18
昌黎茅台葡萄酒经贸有限公司
房屋及建筑物
201,834.86
201,834.86
贵州茅台酒厂(集团",600519.SH,贵州茅台,2024-12-31,2024,年报,贵州茅台2024年报,贵州茅台2024年年度报告.pdf,C:\Users\Administrator\Desktop\financial-poc\data\raw\pdf\贵州茅台2024年年度报告.pdf,,,,357,396,资产负债表,124,124,143,资产负债表
600519_SH_pdf_贵州茅台2024年年度报告_pdf_bf557ae6_chunk_358,pdf,pdf,"4,564.22
贵州茅台酒厂(集团)酒店经营管理有限公司
房屋及建筑物
299,009.18
昌黎茅台葡萄酒经贸有限公司
房屋及建筑物
201,834.86
201,834.86
贵州茅台酒厂(集团)保健酒业销售有限公司
房屋及建筑物
51,192.66
贵州茅台集团营销有限公司
房屋及建筑物
371,359.82
贵州茅台酒股份有限公司2024 年年度报告
130 / 143
本公司作为承租方:
√适用 □不适用
单位:元 币种:人民币
出租方名称
租赁资产种类
简化处理的短期租赁和低价值资
产租赁的租金费用(如适用)
未纳入租赁负债
计量的可变租赁
付款额(如适
用)
支付的租金
承担的租赁负债利息支出
增加的使用权资产
本期发生额
上期发生额
本期
发生
额
上期
发生
额
本期发生额
上期发生额
本期发生额
上期发生额
本期发生额
上期发生额
中国贵州茅台酒厂(集团)有限责任公司
房屋及建筑物
91,428.56
946,786.94
14,665,144.36
54,160,209.39
2,913,008.90
3,119,974.65
中国贵州茅台酒厂(集团)有限责任公",600519.SH,贵州茅台,2024-12-31,2024,年报,贵州茅台2024年报,贵州茅台2024年年度报告.pdf,C:\Users\Administrator\Desktop\financial-poc\data\raw\pdf\贵州茅台2024年年度报告.pdf,,,,358,396,资产负债表,124,124,143,资产负债表
600519_SH_pdf_贵州茅台2024年年度报告_pdf_bf557ae6_chunk_359,pdf,pdf,"房屋及建筑物
91,428.56
946,786.94
14,665,144.36
54,160,209.39
2,913,008.90
3,119,974.65
中国贵州茅台酒厂(集团)有限责任公司
土地使用权
4,531,910.86
9,046,180.00
2,854,418.81
2,621,418.97
中国贵州茅台酒厂(集团)有限责任公司
运输工具
5,628,528.72
21,976,024.64
5,628,528.72
21,976,024.64
贵州茅台酒厂(集团)贵阳高新置业投资发展有限公司
房屋及建筑物
4,203,745.20
4,036,110.60
471,391.41
538,973.93
648,671.60
贵州茅台酒厂(集团)三亚投资实业有限公司
房屋及建筑物
1,501,740.00
1,458,000.00
151,941.65
192,522.22
5,258,928.89
贵州茅台酒厂(集团)循环经济产业投资开发有限公
司
房屋及建筑物
2,123,159.54
2,310,168.42
3,905,093.74
贵州茅台酒厂(集团)",600519.SH,贵州茅台,2024-12-31,2024,年报,贵州茅台2024年报,贵州茅台2024年年度报告.pdf,C:\Users\Administrator\Desktop\financial-poc\data\raw\pdf\贵州茅台2024年年度报告.pdf,,,,359,396,资产负债表,124,124,143,资产负债表
600519_SH_pdf_贵州茅台2024年年度报告_pdf_bf557ae6_chunk_360,pdf,pdf,"2.22
5,258,928.89
贵州茅台酒厂(集团)循环经济产业投资开发有限公
司
房屋及建筑物
2,123,159.54
2,310,168.42
3,905,093.74
贵州茅台酒厂(集团)物流有限责任公司
房屋及建筑物
34,596,676.74
6,944,496.90
173,922,802.64
上海贵州茅台实业有限公司
房屋及建筑物
144,000.00
144,000.00
贵州双龙飞天供应链管理有限公司
房屋及建筑物
1,599,805.94
221,489.32
7,436,768.84
关联租赁情况说明
□适用 √不适用
贵州茅台酒股份有限公司2024 年年度报告
131 / 143
(4). 关联担保情况
本公司作为担保方
□适用 √不适用
本公司作为被担保方
□适用 √不适用
关联担保情况说明
□适用 √不适用
(5). 关联方资金拆借
□适用 √不适用
(6). 关联方资产转让、债务重组情况
□适用 √不适用
(7). 关键管理人员报酬
□适用 √不适用
(8). 其他关联交易
√适用 □不适用
A. 公司控股子公司贵州茅台集团财务有限公司与关联方开展",600519.SH,贵州茅台,2024-12-31,2024,年报,贵州茅台2024年报,贵州茅台2024年年度报告.pdf,C:\Users\Administrator\Desktop\financial-poc\data\raw\pdf\贵州茅台2024年年度报告.pdf,,,,360,396,资产负债表,124,124,143,资产负债表
600519_SH_pdf_贵州茅台2024年年度报告_pdf_bf557ae6_chunk_361,pdf,pdf,"6). 关联方资产转让、债务重组情况
□适用 √不适用
(7). 关键管理人员报酬
□适用 √不适用
(8). 其他关联交易
√适用 □不适用
A. 公司控股子公司贵州茅台集团财务有限公司与关联方开展存款、贷款、贴现及保函业务
“吸收存款及同业存放”为各关联方在贵州茅台集团财务有限公司的存款余额及应计利息;
“利息支出”为贵州茅台集团财务有限公司向关联方应付的存款利息;“利息收入”为贵州茅台
集团财务有限公司向关联方提供贷款业务按照规定收取的利息;“发放贷款及垫款”为贵州茅台
集团财务有限公司向关联方提供贷款余额。(单位:元 币种:人民币)
a.吸收存款及同业存放
关联方
2024 年12 月31 日
中国贵州茅台酒厂(集团)有限责任公司
14,480,114,773.71
贵州茅台酒厂(集团)技术开发有限公司
3,149,789,826.88
贵州茅台集团营销有限公司
1,700,346,680.32
贵州茅台酒厂(集团)置业投资发展有限公司
534,835,153.42
贵州茅台酒厂(集团)循环经济产业投资开发有限公司
322,434,399.37
巽风科技(贵州)有限公司
319",600519.SH,贵州茅台,2024-12-31,2024,年报,贵州茅台2024年报,贵州茅台2024年年度报告.pdf,C:\Users\Administrator\Desktop\financial-poc\data\raw\pdf\贵州茅台2024年年度报告.pdf,,,,361,396,资产负债表,124,124,143,资产负债表
600519_SH_pdf_贵州茅台2024年年度报告_pdf_bf557ae6_chunk_362,pdf,pdf,",680.32
贵州茅台酒厂(集团)置业投资发展有限公司
534,835,153.42
贵州茅台酒厂(集团)循环经济产业投资开发有限公司
322,434,399.37
巽风科技(贵州)有限公司
319,766,645.67
昌黎茅台葡萄酒经贸有限公司
251,643,404.90
中国贵州茅台酒厂(集团)文化旅游有限责任公司
234,616,341.25
贵州茅台醇营销公司
195,246,133.45
贵州茅台生态农业销售有限责任公司
189,361,773.59
贵州遵义茅台机场有限责任公司
189,020,605.50
北京茅台贸易有限责任公司
163,432,983.56
上海茅台贸易有限公司
151,145,259.98
上海贵州茅台实业有限公司
127,798,101.59
贵州尊朋酒业有限公司
122,897,585.74
贵州茅台酒厂(集团)保健酒业销售有限公司
105,375,725.80
贵州茅台酒厂(集团)红缨子农业科技发展有限公司
88,045,026.78
贵州茅台酒股份有限公司2024 年年度报告
132 / 143
贵州茅台酒厂(集团)保健酒业有限公司
8",600519.SH,贵州茅台,2024-12-31,2024,年报,贵州茅台2024年报,贵州茅台2024年年度报告.pdf,C:\Users\Administrator\Desktop\financial-poc\data\raw\pdf\贵州茅台2024年年度报告.pdf,,,,362,396,资产负债表,124,124,143,资产负债表
600519_SH_pdf_贵州茅台2024年年度报告_pdf_bf557ae6_chunk_363,pdf,pdf,"75,725.80
贵州茅台酒厂(集团)红缨子农业科技发展有限公司
88,045,026.78
贵州茅台酒股份有限公司2024 年年度报告
132 / 143
贵州茅台酒厂(集团)保健酒业有限公司
87,067,488.51
贵州省仁怀市申仁包装印务有限责任公司
68,824,958.06
贵州茅台酒厂(集团)贵阳高新置业投资发展有限公司
67,016,729.82
茅台学院
65,534,720.98
珠海经济特区龙狮瓶盖有限公司
63,649,938.55
贵州尊朋酒业销售有限公司
60,752,267.67
贵州茅台酒厂(集团)物流有限责任公司
58,851,183.23
贵州茅台酒厂(集团)酒店经营管理有限公司
55,330,716.56
贵州富明行包装有限公司
51,334,629.23
贵州茅台(集团)生态农业产业发展有限公司
35,480,401.86
贵州茅台物流园区粮食收储有限公司
29,661,065.27
贵州新华羲玻璃有限责任公司
27,893,489.55
贵州久远物业有限公司
26,216,059.35
贵州茅台(集团)国际旅行社有限公司
24,632,01",600519.SH,贵州茅台,2024-12-31,2024,年报,贵州茅台2024年报,贵州茅台2024年年度报告.pdf,C:\Users\Administrator\Desktop\financial-poc\data\raw\pdf\贵州茅台2024年年度报告.pdf,,,,363,396,资产负债表,124,124,143,资产负债表
600519_SH_pdf_贵州茅台2024年年度报告_pdf_bf557ae6_chunk_364,pdf,pdf,"储有限公司
29,661,065.27
贵州新华羲玻璃有限责任公司
27,893,489.55
贵州久远物业有限公司
26,216,059.35
贵州茅台(集团)国际旅行社有限公司
24,632,010.35
贵州茅台酒厂(集团)昌黎葡萄酒业有限公司
22,850,568.19
贵州茅台酒厂(集团)贵定晶琪玻璃制品有限公司
11,042,843.10
贵州仁怀龙狮瓶盖有限公司
8,283,575.67
贵州双龙飞天供应链管理有限公司
5,044,121.66
贵州茅台酒厂(集团)三亚投资实业有限公司
2,559,816.69
贵州茅台集团健康产业有限公司
2,479,493.01
贵州茅台医院
2,062,035.41
贵州茅台酒厂(集团)贵阳商务有限责任公司
371,248.41
贵州茅台酒厂(集团)绿生有机肥有限责任公司
38,690.45
茅台(上海)融资租赁有限公司
5,430.19
茅台(贵州)私募基金管理有限公司
4,064.64
茅台(贵州)投资基金合伙企业(有限合伙)
853.05
合计
23,102,858,820.97
b.利息支出
关联方
本报告期
贵州茅台酒厂(",600519.SH,贵州茅台,2024-12-31,2024,年报,贵州茅台2024年报,贵州茅台2024年年度报告.pdf,C:\Users\Administrator\Desktop\financial-poc\data\raw\pdf\贵州茅台2024年年度报告.pdf,,,,364,396,资产负债表,124,124,143,资产负债表
600519_SH_pdf_贵州茅台2024年年度报告_pdf_bf557ae6_chunk_365,pdf,pdf,"9
茅台(贵州)私募基金管理有限公司
4,064.64
茅台(贵州)投资基金合伙企业(有限合伙)
853.05
合计
23,102,858,820.97
b.利息支出
关联方
本报告期
贵州茅台酒厂(集团)技术开发有限公司
32,635,728.66
贵州茅台集团营销有限公司
19,249,255.02
中国贵州茅台酒厂(集团)有限责任公司
18,790,858.64
巽风科技(贵州)有限公司
4,205,955.24
昌黎茅台葡萄酒经贸有限公司
3,844,405.83
贵州茅台酒厂(集团)置业投资发展有限公司
3,759,635.41
贵州茅台酒厂(集团)循环经济产业投资开发有限公司
3,019,443.51
贵州尊朋酒业有限公司
2,466,064.15
中国贵州茅台酒厂(集团)文化旅游有限责任公司
2,277,586.38
贵州茅台醇营销公司
2,204,093.54
贵州茅台生态农业销售有限责任公司
2,189,126.24
贵州遵义茅台机场有限责任公司
1,595,448.47
茅台学院
990,748.54
上海贵州茅台实业有限公司
904,585.92
贵州省仁怀市申仁",600519.SH,贵州茅台,2024-12-31,2024,年报,贵州茅台2024年报,贵州茅台2024年年度报告.pdf,C:\Users\Administrator\Desktop\financial-poc\data\raw\pdf\贵州茅台2024年年度报告.pdf,,,,365,396,资产负债表,124,124,143,资产负债表
600519_SH_pdf_贵州茅台2024年年度报告_pdf_bf557ae6_chunk_366,pdf,pdf,"农业销售有限责任公司
2,189,126.24
贵州遵义茅台机场有限责任公司
1,595,448.47
茅台学院
990,748.54
上海贵州茅台实业有限公司
904,585.92
贵州省仁怀市申仁包装印务有限责任公司
834,526.05
贵州尊朋酒业销售有限公司
796,486.17
贵州茅台酒厂(集团)昌黎葡萄酒业有限公司
767,415.85
北京茅台贸易有限责任公司
667,701.30
贵州茅台酒股份有限公司2024 年年度报告
133 / 143
上海茅台贸易有限公司
596,097.55
贵州茅台酒厂(集团)物流有限责任公司
588,985.29
贵州茅台酒厂(集团)贵阳高新置业投资发展有限公司
435,439.68
贵州久远物业有限公司
435,120.27
贵州茅台酒厂(集团)保健酒业销售有限公司
289,236.84
贵州茅台酒厂(集团)贵定晶琪玻璃制品有限公司
278,935.28
贵州茅台酒厂(集团)保健酒业有限公司
162,913.51
贵州茅台酒厂(集团)红缨子农业科技发展有限公司
147,094.16
贵州茅台酒厂(集团)酒店经营管理有限公司
130,",600519.SH,贵州茅台,2024-12-31,2024,年报,贵州茅台2024年报,贵州茅台2024年年度报告.pdf,C:\Users\Administrator\Desktop\financial-poc\data\raw\pdf\贵州茅台2024年年度报告.pdf,,,,366,396,资产负债表,124,124,143,资产负债表
600519_SH_pdf_贵州茅台2024年年度报告_pdf_bf557ae6_chunk_367,pdf,pdf,"78,935.28
贵州茅台酒厂(集团)保健酒业有限公司
162,913.51
贵州茅台酒厂(集团)红缨子农业科技发展有限公司
147,094.16
贵州茅台酒厂(集团)酒店经营管理有限公司
130,166.79
贵州茅台物流园区粮食收储有限公司
121,243.53
贵州茅台(集团)国际旅行社有限公司
118,352.61
贵州富明行包装有限公司
114,406.92
贵州双龙飞天供应链管理有限公司
114,208.81
贵州茅台(集团)生态农业产业发展有限公司
90,839.09
贵州新华羲玻璃有限责任公司
66,616.63
贵州省仁怀市仁帅酒业有限公司
62,621.36
珠海经济特区龙狮瓶盖有限公司
57,637.62
贵州仁怀龙狮瓶盖有限公司
52,474.67
贵州茅台医院
31,014.47
贵州茅台酒厂(集团)三亚投资实业有限公司
20,043.08
贵州茅台集团健康产业有限公司
9,195.74
贵州茅台酒厂(集团)贵阳商务有限责任公司
5,664.26
贵州茅台酒厂(集团)绿生有机肥有限责任公司
127.74
贵州茅台集团健康产业销售有限公司
24.05
茅台(上",600519.SH,贵州茅台,2024-12-31,2024,年报,贵州茅台2024年报,贵州茅台2024年年度报告.pdf,C:\Users\Administrator\Desktop\financial-poc\data\raw\pdf\贵州茅台2024年年度报告.pdf,,,,367,396,资产负债表,124,124,143,资产负债表
600519_SH_pdf_贵州茅台2024年年度报告_pdf_bf557ae6_chunk_368,pdf,pdf,"有限公司
9,195.74
贵州茅台酒厂(集团)贵阳商务有限责任公司
5,664.26
贵州茅台酒厂(集团)绿生有机肥有限责任公司
127.74
贵州茅台集团健康产业销售有限公司
24.05
茅台(上海)融资租赁有限公司
19.28
茅台(贵州)私募基金管理有限公司
14.43
茅台(贵州)投资基金合伙企业(有限合伙)
3.02
贵州恒道丹林农业科技开发有限公司
0.07
合计
105,127,561.67
c.发放贷款及垫款
项目
关联方
2024 年12 月31 日
抵押贷款
贵州茅台物流园区粮食收储有限公司
42,760,000.00
合计
42,760,000.00
减:贷款减值准备
981,258.03
发放贷款及垫款账面价值
41,778,741.97
d.利息收入
项目
关联方
本报告期
贷款利息收入
贵州茅台酒厂(集团)保健酒业有限公司
8,242,260.70
贷款利息收入
贵州茅台物流园区粮食收储有限公司
1,815,184.37
贷款利息收入
贵州茅台酒厂(集团)红缨子农业科技发展有限公司
1,089,658.00
合计
11,147,103.07
B.公司在贵州",600519.SH,贵州茅台,2024-12-31,2024,年报,贵州茅台2024年报,贵州茅台2024年年度报告.pdf,C:\Users\Administrator\Desktop\financial-poc\data\raw\pdf\贵州茅台2024年年度报告.pdf,,,,368,396,资产负债表,124,124,143,资产负债表
600519_SH_pdf_贵州茅台2024年年度报告_pdf_bf557ae6_chunk_369,pdf,pdf,"入
贵州茅台物流园区粮食收储有限公司
1,815,184.37
贷款利息收入
贵州茅台酒厂(集团)红缨子农业科技发展有限公司
1,089,658.00
合计
11,147,103.07
B.公司在贵州银行的期末存款余额为1,673,482.12 万元,本期利息收入为59,998.03 万元。公司
控股子公司贵州茅台集团财务有限公司本期到期赎回从公开市场申购贵州银行有限公司发行的债
券本金10,000.00 万元,本期确认利息收入1,678.85 万元。截止期末,该债权投资本金余额
40,000.00 万元,债券投资减值准备余额10.21 万元,应计利息余额614.05 万元,账面价值
贵州茅台酒股份有限公司2024 年年度报告
134 / 143
40,603.84 万元;公司委托贵州银行代收代付“i 茅台”数字营销平台的第三方支付渠道交易手
续费9,882.05 万元。
5、 应收、应付关联方等未结算项目情况
(1). 应收项目
√适用 □不适用
单位:元 币种:人民币
项目名称
关联方
期末余额
期初余额
账面余额
坏账准备
账面余额
坏账准
备
应收账款
巽风科技(贵州)有限公司",600519.SH,贵州茅台,2024-12-31,2024,年报,贵州茅台2024年报,贵州茅台2024年年度报告.pdf,C:\Users\Administrator\Desktop\financial-poc\data\raw\pdf\贵州茅台2024年年度报告.pdf,,,,369,396,资产负债表,124,124,143,资产负债表
600519_SH_pdf_贵州茅台2024年年度报告_pdf_bf557ae6_chunk_370,pdf,pdf,"关联方等未结算项目情况
(1). 应收项目
√适用 □不适用
单位:元 币种:人民币
项目名称
关联方
期末余额
期初余额
账面余额
坏账准备
账面余额
坏账准
备
应收账款
巽风科技(贵州)有限公司
17,823,889.10
60,373,410.41
其他应收款
贵州茅台酒厂(集团)贵阳高新置业投资发展有限公司
334,328.84
304,766.00
其他应收款
贵州茅台酒厂(集团)保健酒业销售有限公司
300,000.00
145,591.66
其他应收款
昌黎茅台葡萄酒经贸有限公司
100,000.00
100,000.00
其他应收款
贵州茅台生态农业销售有限责任公司
50,000.00
50,000.00
其他应收款
中国贵州茅台酒厂(集团)有限责任公司
27,330.00
其他应收款
贵州茅台集团营销有限公司
30,228.00
其他应收款
巽风科技(贵州)有限公司
14,748.00
预付账款
贵州茅台酒厂(集团)保健酒业销售有限公司
8,600,893.80
预付账款
中国贵州茅台酒厂(集团)文化旅游有限责任公司
10,495,000.00
说明:
A.巽风科技",600519.SH,贵州茅台,2024-12-31,2024,年报,贵州茅台2024年报,贵州茅台2024年年度报告.pdf,C:\Users\Administrator\Desktop\financial-poc\data\raw\pdf\贵州茅台2024年年度报告.pdf,,,,370,396,资产负债表,124,124,143,资产负债表
600519_SH_pdf_贵州茅台2024年年度报告_pdf_bf557ae6_chunk_371,pdf,pdf,"4,748.00
预付账款
贵州茅台酒厂(集团)保健酒业销售有限公司
8,600,893.80
预付账款
中国贵州茅台酒厂(集团)文化旅游有限责任公司
10,495,000.00
说明:
A.巽风科技(贵州)有限公司应收账款是由于贵州茅台酒销售有限公司通过巽风平台销售,平台
系统采用T+7 模式进行货款结算形成的;
B.贵州茅台酒厂(集团)贵阳高新置业投资发展有限公司其他应收款是贵州茅台酒销售有限公司和
贵州茅台酒进出口有限责任公司支付的租房保证金;
C.贵州茅台酒厂(集团)保健酒业销售有限公司的其他应收款为公司控股子公司北京友谊使者商贸
有限公司的合同履约保证金;
D.昌黎茅台葡萄酒经贸有限公司的其他应收款为公司控股子公司北京友谊使者商贸有限公司的合
同履约保证金;
E.贵州茅台生态农业销售有限责任公司的其他应收款为公司控股子公司北京友谊使者商贸有限公
司的合同履约保证金;
F.中国贵州茅台酒厂(集团)有限责任公司其他应收款是贵州茅台酒股份有限公司和义兴酒业分
公司的餐饮应收款;
G.贵州茅台酒厂(集团)保健酒业销售有限公司的预付账款为公司控股子公司北京友谊使者商贸有
限公司的预付货",600519.SH,贵州茅台,2024-12-31,2024,年报,贵州茅台2024年报,贵州茅台2024年年度报告.pdf,C:\Users\Administrator\Desktop\financial-poc\data\raw\pdf\贵州茅台2024年年度报告.pdf,,,,371,396,资产负债表,124,124,143,资产负债表
600519_SH_pdf_贵州茅台2024年年度报告_pdf_bf557ae6_chunk_372,pdf,pdf,"茅台酒厂(集团)有限责任公司其他应收款是贵州茅台酒股份有限公司和义兴酒业分
公司的餐饮应收款;
G.贵州茅台酒厂(集团)保健酒业销售有限公司的预付账款为公司控股子公司北京友谊使者商贸有
限公司的预付货款。
(2). 应付项目
√适用 □不适用
单位:元 币种:人民币
项目名称
关联方
期末账面余额
期初账面余额
应付账款
贵州省仁怀市申仁包装印务有限责任公司
133,042,126.89
14,356,089.19
应付账款
贵州茅台物流园区粮食收储有限公司
114,821,275.40
93,477,338.38
应付账款
珠海经济特区龙狮瓶盖有限公司
105,222,807.17
32,135,809.02
应付账款
贵州茅台酒厂(集团)红缨子农业科技发展有限公司
57,370,465.00
36,158,486.00
应付账款
贵州茅台酒厂(集团)物流有限责任公司
48,845,300.00
12,461,943.12
应付账款
贵州茅台酒厂(集团)保健酒业有限公司
46,356,934.31
38,537,957.75
应付账款
贵州茅台酒厂(集团)贵定晶琪玻璃制品有限公司
3",600519.SH,贵州茅台,2024-12-31,2024,年报,贵州茅台2024年报,贵州茅台2024年年度报告.pdf,C:\Users\Administrator\Desktop\financial-poc\data\raw\pdf\贵州茅台2024年年度报告.pdf,,,,372,396,资产负债表,124,124,143,资产负债表
600519_SH_pdf_贵州茅台2024年年度报告_pdf_bf557ae6_chunk_373,pdf,pdf,"0.00
12,461,943.12
应付账款
贵州茅台酒厂(集团)保健酒业有限公司
46,356,934.31
38,537,957.75
应付账款
贵州茅台酒厂(集团)贵定晶琪玻璃制品有限公司
36,104,470.78
应付账款
贵州茅台医院
19,770,000.00
22,000,000.00
应付账款
贵州茅台酒厂(集团)酒店经营管理有限公司
15,263,363.55
12,600,759.42
应付账款
贵州新华羲玻璃有限责任公司
7,969,559.68
249,928.56
应付账款
中国贵州茅台酒厂(集团)文化旅游有限责任公司
5,254,007.09
970,000.00
应付账款
贵州富明行包装有限公司
1,820,068.83
应付账款
巽风科技(贵州)有限公司
1,762,653.20
16,891,424.43
应付账款
贵州茅台酒厂(集团)循环经济产业投资开发有限公司
1,015,100.00
应付账款
华贵人寿保险股份有限公司
702,700.00
应付账款
贵州茅台(集团)国际旅行社有限公司
162,000.00
162,000.00
应付账款
贵",600519.SH,贵州茅台,2024-12-31,2024,年报,贵州茅台2024年报,贵州茅台2024年年度报告.pdf,C:\Users\Administrator\Desktop\financial-poc\data\raw\pdf\贵州茅台2024年年度报告.pdf,,,,373,396,资产负债表,124,124,143,资产负债表
600519_SH_pdf_贵州茅台2024年年度报告_pdf_bf557ae6_chunk_374,pdf,pdf,"开发有限公司
1,015,100.00
应付账款
华贵人寿保险股份有限公司
702,700.00
应付账款
贵州茅台(集团)国际旅行社有限公司
162,000.00
162,000.00
应付账款
贵州茅台酒厂(集团)昌黎葡萄酒业有限公司
80,661.48
贵州茅台酒股份有限公司2024 年年度报告
135 / 143
其他应付款
中国贵州茅台酒厂(集团)有限责任公司
1,366,254,359.70
1,039,244,283.75
其他应付款
贵州茅台酒厂(集团)物流有限责任公司
43,482,049.62
68,320,120.45
其他应付款
中国贵州茅台酒厂(集团)文化旅游有限责任公司
17,596,619.66
11,202,943.84
其他应付款
贵州茅台(集团)国际旅行社有限公司
10,692,225.50
79,997.00
其他应付款
贵州茅台物流园区粮食收储有限公司
4,761,782.19
1,586,000.00
其他应付款
贵州茅台酒厂(集团)红缨子农业科技发展有限公司
3,501,887.50
3,090,812.50
其他应付款
贵州省仁怀市申仁包装",600519.SH,贵州茅台,2024-12-31,2024,年报,贵州茅台2024年报,贵州茅台2024年年度报告.pdf,C:\Users\Administrator\Desktop\financial-poc\data\raw\pdf\贵州茅台2024年年度报告.pdf,,,,374,396,资产负债表,124,124,143,资产负债表
600519_SH_pdf_贵州茅台2024年年度报告_pdf_bf557ae6_chunk_375,pdf,pdf,"司
4,761,782.19
1,586,000.00
其他应付款
贵州茅台酒厂(集团)红缨子农业科技发展有限公司
3,501,887.50
3,090,812.50
其他应付款
贵州省仁怀市申仁包装印务有限责任公司
3,015,643.50
1,015,643.50
其他应付款
珠海经济特区龙狮瓶盖有限公司
3,000,000.00
1,000,000.00
其他应付款
华贵人寿保险股份有限公司
2,541,000.00
-
其他应付款
贵州茅台酒厂(集团)保健酒业有限公司
2,441,695.06
1,892,512.00
其他应付款
贵州茅台酒厂(集团)循环经济产业投资开发有限公司
2,272,000.00
14,356,100.00
其他应付款
贵州茅台酒厂(集团)贵定晶琪玻璃制品有限公司
2,000,000.00
1,000,000.00
其他应付款
贵州茅台酒厂(集团)技术开发有限公司
1,514,290.43
587,875.33
其他应付款
贵州新华羲玻璃有限责任公司
1,500,000.00
1,000,000.00
其他应付款
贵州富明行包装有限公司
1,500,0",600519.SH,贵州茅台,2024-12-31,2024,年报,贵州茅台2024年报,贵州茅台2024年年度报告.pdf,C:\Users\Administrator\Desktop\financial-poc\data\raw\pdf\贵州茅台2024年年度报告.pdf,,,,375,396,资产负债表,124,124,143,资产负债表
600519_SH_pdf_贵州茅台2024年年度报告_pdf_bf557ae6_chunk_376,pdf,pdf,"有限公司
1,514,290.43
587,875.33
其他应付款
贵州新华羲玻璃有限责任公司
1,500,000.00
1,000,000.00
其他应付款
贵州富明行包装有限公司
1,500,000.00
1,000,000.00
其他应付款
巽风科技(贵州)有限公司
1,294,775.00
1,094,170.00
其他应付款
贵州茅台酒厂(集团)酒店经营管理有限公司
748,955.93
4,971,354.70
其他应付款
北京茅台贸易有限责任公司
500,000.00
其他应付款
贵州茅台集团营销有限公司
260,000.00
260,000.00
其他应付款
贵州茅台医院
245,500.32
266,719.36
其他应付款
贵州茅台酒厂(集团)三亚投资实业有限公司
223,369.81
200,000.00
其他应付款
上海贵州茅台实业有限公司
194,000.00
50,000.00
其他应付款
昌黎茅台葡萄酒经贸有限公司
18,165.14
其他应付款
贵州茅台酒厂(集团)贵阳高新置业投资发展有限公司
9,692.93
8,500.00
其他应付款
茅台学院",600519.SH,贵州茅台,2024-12-31,2024,年报,贵州茅台2024年报,贵州茅台2024年年度报告.pdf,C:\Users\Administrator\Desktop\financial-poc\data\raw\pdf\贵州茅台2024年年度报告.pdf,,,,376,396,资产负债表,124,124,143,资产负债表
600519_SH_pdf_贵州茅台2024年年度报告_pdf_bf557ae6_chunk_377,pdf,pdf,"50,000.00
其他应付款
昌黎茅台葡萄酒经贸有限公司
18,165.14
其他应付款
贵州茅台酒厂(集团)贵阳高新置业投资发展有限公司
9,692.93
8,500.00
其他应付款
茅台学院
2,189,800.00
合同负债
中国贵州茅台酒厂(集团)文化旅游有限责任公司
55,580,026.55
674,318.87
合同负债
贵州茅台集团营销有限公司
10,247,940.71
319,645,832.74
合同负债
北京茅台贸易有限责任公司
1,003,730.97
合同负债
贵州茅台酒厂(集团)物流有限责任公司
5,306.19
5,306.19
合同负债
贵州遵义茅台机场有限责任公司
3,389,904.00
合同负债
贵州茅台酒厂(集团)三亚投资实业有限公司
263,546.34
租赁负债(包含一年内
到期部分)
中国贵州茅台酒厂(集团)有限责任公司
153,195,047.25
165,504,814.99
租赁负债(包含一年内
到期部分)
贵州茅台酒厂(集团)物流有限责任公司
140,617,174.55
租赁负债(包含一年内
到期部分)
贵州茅台酒厂(集团)",600519.SH,贵州茅台,2024-12-31,2024,年报,贵州茅台2024年报,贵州茅台2024年年度报告.pdf,C:\Users\Administrator\Desktop\financial-poc\data\raw\pdf\贵州茅台2024年年度报告.pdf,,,,377,396,资产负债表,124,124,143,资产负债表
600519_SH_pdf_贵州茅台2024年年度报告_pdf_bf557ae6_chunk_378,pdf,pdf,"047.25
165,504,814.99
租赁负债(包含一年内
到期部分)
贵州茅台酒厂(集团)物流有限责任公司
140,617,174.55
租赁负债(包含一年内
到期部分)
贵州茅台酒厂(集团)贵阳高新置业投资发展有限公司
11,074,311.54
4,652,262.12
租赁负债(包含一年内
到期部分)
贵州双龙飞天供应链管理有限公司
6,149,007.28
租赁负债(包含一年内
到期部分)
贵州茅台酒厂(集团)三亚投资实业有限公司
4,202,767.17
(3). 其他项目
□适用 √不适用
6、 关联方承诺
√适用 □不适用
详见十五、承诺及或有事项1、重要承诺事项
7、 其他
□适用 √不适用
十五、 承诺及或有事项
1、 重要承诺事项
√适用 □不适用
资产负债表日存在的对外重要承诺、性质、金额
2023 年5 月6 日,公司第三届董事会第四次会议,审议通过了《关于出资参与设立产业发展
基金的议案》,为了提升资金收益率,为全体股东创造价值,公司决定出资参与设立两只产业发
展基金,分别是茅台招华(贵州)产业发展基金合伙企业(有限合伙)(以下简称茅台招华基金)
和茅",600519.SH,贵州茅台,2024-12-31,2024,年报,贵州茅台2024年报,贵州茅台2024年年度报告.pdf,C:\Users\Administrator\Desktop\financial-poc\data\raw\pdf\贵州茅台2024年年度报告.pdf,,,,378,396,资产负债表,124,124,143,资产负债表
600519_SH_pdf_贵州茅台2024年年度报告_pdf_bf557ae6_chunk_379,pdf,pdf,"出资参与设立产业发展
基金的议案》,为了提升资金收益率,为全体股东创造价值,公司决定出资参与设立两只产业发
展基金,分别是茅台招华(贵州)产业发展基金合伙企业(有限合伙)(以下简称茅台招华基金)
和茅台金石(贵州)产业发展基金合伙企业(有限合伙)(以下简称茅台金石基金)。
贵州茅台酒股份有限公司2024 年年度报告
136 / 143
公司以自有资金参与设立茅台招华基金和茅台金石基金,认缴出资额各为人民币50 亿元。根
据基金设立协议约定,茅台招华基金和茅台金石基金采用认缴资本制,投资期限为五年,公司将
在投资期内分三期履行实缴出资义务。
2023 年度,公司已按投资进度对茅台招华基金及茅台金石基金分别完成首期实缴出资人民币
20 亿元。
截至资产负债表日,公司对茅台招华基金和茅台金石基金尚未履行的认缴出资余额均为人民
币30 亿元。
2、 或有事项
(1). 资产负债表日存在的重要或有事项
□适用 √不适用
(2). 公司没有需要披露的重要或有事项,也应予以说明:
□适用 √不适用
3、 其他
□适用 √不适用
十六、 资产负债表日后事项
1、 重要的非调整事项
□适用 √不适用
2",600519.SH,贵州茅台,2024-12-31,2024,年报,贵州茅台2024年报,贵州茅台2024年年度报告.pdf,C:\Users\Administrator\Desktop\financial-poc\data\raw\pdf\贵州茅台2024年年度报告.pdf,,,,379,396,资产负债表,124,124,143,资产负债表
600519_SH_pdf_贵州茅台2024年年度报告_pdf_bf557ae6_chunk_380,pdf,pdf,"项
□适用 √不适用
(2). 公司没有需要披露的重要或有事项,也应予以说明:
□适用 √不适用
3、 其他
□适用 √不适用
十六、 资产负债表日后事项
1、 重要的非调整事项
□适用 √不适用
2、 利润分配情况
√适用 □不适用
单位:元 币种:人民币
拟分配的利润或股利
34,671,299,522.40
3、 销售退回
□适用 √不适用
4、 其他资产负债表日后事项说明
□适用 √不适用
十七、 其他重要事项
1、 其他对投资者决策有影响的重要交易和事项
√适用 □不适用
回购公司股份事项
公司于2024 年11 月27 日召开2024 年第一次临时股东大会,审议通过了《关于以集中竞价
交易方式回购公司股份的方案》,并于2024 年12 月28 日披露了《关于以集中竞价交易方式回购
公司股份的回购报告书》,公司将以自有资金通过集中竞价交易方式回购股份,用于注销并减少
注册资本,回购价格不超过1,771.90 元/股(含),回购金额不低于人民币30 亿元(含)且不超
过人民币60 亿元(含),实施期限为自公司股东大会审议通过回购方案之日起12 个月内。
贵州茅台酒股份有限公司2",600519.SH,贵州茅台,2024-12-31,2024,年报,贵州茅台2024年报,贵州茅台2024年年度报告.pdf,C:\Users\Administrator\Desktop\financial-poc\data\raw\pdf\贵州茅台2024年年度报告.pdf,,,,380,396,资产负债表,124,124,143,资产负债表
600519_SH_pdf_贵州茅台2024年年度报告_pdf_bf557ae6_chunk_381,pdf,pdf,"购价格不超过1,771.90 元/股(含),回购金额不低于人民币30 亿元(含)且不超
过人民币60 亿元(含),实施期限为自公司股东大会审议通过回购方案之日起12 个月内。
贵州茅台酒股份有限公司2024 年年度报告
137 / 143
截至本财务报告批准报出日,公司已累计回购股份1,082,700 股,占公司总股本的比例为
0.086%,购买的最高价为1,584.06 元/股、最低价为1,417.01 元/股,已支付的总金额为
1,598,768,542.16 元(不含交易费用)。
2、 其他
□适用 √不适用
十八、 母公司财务报表主要项目注释
1、 应收账款
(1). 按账龄披露
√适用 □不适用
单位:元 币种:人民币
账龄
期末账面余额
期初账面余额
1 年以内
11,800,123,743.35
17,178,545,925.65
1 年以内小计
11,800,123,743.35
17,178,545,925.65
1 至2 年
2 至3 年
3 至4 年
4 至5 年
5 年以上
合计
11,800,123,743.35
17,178,545,925.65
(2).",600519.SH,贵州茅台,2024-12-31,2024,年报,贵州茅台2024年报,贵州茅台2024年年度报告.pdf,C:\Users\Administrator\Desktop\financial-poc\data\raw\pdf\贵州茅台2024年年度报告.pdf,,,,381,396,资产负债表,124,124,143,资产负债表
600519_SH_pdf_贵州茅台2024年年度报告_pdf_bf557ae6_chunk_382,pdf,pdf,".35
17,178,545,925.65
1 至2 年
2 至3 年
3 至4 年
4 至5 年
5 年以上
合计
11,800,123,743.35
17,178,545,925.65
(2). 按坏账计提方法分类披露
√适用 □不适用
单位:元 币种:人民币
类别
期末余额
期初余额
账面余额
坏账准备
账面
价值
账面余额
坏账准备
账面
价值
金额
比例
(%)
金额
计提
比例
(%)
金额
比例
(%)
金额
计提
比例
(%)
按单项计提坏账
准备
其中:
按组合计提坏账
准备
11,800,123,743.35
100
11,800,123,743.35
17,178,545,925.65
100
17,178,545,925.65
其中:
合并范围内关联
方组合
11,800,123,743.35
100
11,800,123,743.35
17,178,545,925.65
100
17,178,545,925.65
合计
11,800,123,743.35
/
/
11,800,123,743.35
17,178,545,925.65
/
/
17,178,54",600519.SH,贵州茅台,2024-12-31,2024,年报,贵州茅台2024年报,贵州茅台2024年年度报告.pdf,C:\Users\Administrator\Desktop\financial-poc\data\raw\pdf\贵州茅台2024年年度报告.pdf,,,,382,396,资产负债表,124,124,143,资产负债表
600519_SH_pdf_贵州茅台2024年年度报告_pdf_bf557ae6_chunk_383,pdf,pdf,".65
100
17,178,545,925.65
合计
11,800,123,743.35
/
/
11,800,123,743.35
17,178,545,925.65
/
/
17,178,545,925.65
按组合计提坏账准备:
√适用 □不适用
组合计提项目:合并范围内关联方组合
单位:元 币种:人民币
名称
期末余额
应收账款
坏账准备
计提比例(%)
合并范围内关联方组合
11,800,123,743.35
合计
11,800,123,743.35
按组合计提坏账准备的说明:
□适用 √不适用
贵州茅台酒股份有限公司2024 年年度报告
138 / 143
(3). 按欠款方归集的期末余额前五名的应收账款和合同资产情况
√适用 □不适用
单位:元 币种:人民币
单位名称
应收账款期末余额
合同资
产期末
余额
应收账款和合同资
产期末余额
占应收账款和
合同资产期末
余额合计数的
比例(%)
坏账准
备期末
余额
贵州茅台酒销售有限公司
8,862,819,962.22
8,862,819,962.22
75.11
贵州茅台酒进出口有限责
任公司
1,691,150,0",600519.SH,贵州茅台,2024-12-31,2024,年报,贵州茅台2024年报,贵州茅台2024年年度报告.pdf,C:\Users\Administrator\Desktop\financial-poc\data\raw\pdf\贵州茅台2024年年度报告.pdf,,,,383,396,资产负债表,124,124,143,资产负债表
600519_SH_pdf_贵州茅台2024年年度报告_pdf_bf557ae6_chunk_384,pdf,pdf,"计数的
比例(%)
坏账准
备期末
余额
贵州茅台酒销售有限公司
8,862,819,962.22
8,862,819,962.22
75.11
贵州茅台酒进出口有限责
任公司
1,691,150,016.48
1,691,150,016.48
14.33
贵州茅台酱香酒营销有限
公司
1,246,153,764.65
1,246,153,764.65
10.56
合计
11,800,123,743.35
11,800,123,743.35
100.00
2、 其他应收款
项目列示
√适用 □不适用
单位:元 币种:人民币
项目
期末余额
期初余额
应收利息
应收股利
其他应收款
14,610,394.65
15,880,057.16
合计
14,610,394.65
15,880,057.16
其他应收款
(1).按账龄披露
√适用 □不适用
单位:元 币种:人民币
账龄
期末账面余额
期初账面余额
1 年以内
14,083,444.65
15,507,393.04
1 年以内小计
14,083,444.65
15,507,393.04
1 至2 年
697,195.00
2 至3",600519.SH,贵州茅台,2024-12-31,2024,年报,贵州茅台2024年报,贵州茅台2024年年度报告.pdf,C:\Users\Administrator\Desktop\financial-poc\data\raw\pdf\贵州茅台2024年年度报告.pdf,,,,384,396,资产负债表,124,124,143,资产负债表
600519_SH_pdf_贵州茅台2024年年度报告_pdf_bf557ae6_chunk_385,pdf,pdf,"期初账面余额
1 年以内
14,083,444.65
15,507,393.04
1 年以内小计
14,083,444.65
15,507,393.04
1 至2 年
697,195.00
2 至3 年
492,822.00
3 至4 年
4 至5 年
7,313.00
5 年以上
37,951.22
合计
14,780,639.65
16,045,479.26
(2).按款项性质分类情况
√适用 □不适用
单位:元 币种:人民币
款项性质
期末账面余额
期初账面余额
备用金
4,177,473.75
3,647,152.00
往来款项
10,603,165.90
12,398,327.26
合计
14,780,639.65
16,045,479.26
贵州茅台酒股份有限公司2024 年年度报告
139 / 143
(3).坏账准备计提情况
√适用 □不适用
单位:元 币种:人民币
坏账准备
第一阶段
第二阶段
第三阶段
合计
未来12个月预
期信用损失
整个存续期预期信
用损失(未发生信
用减值)
整个存续期预期信
用损失(已发生信
用减值)
2024年1月1日余
额
8,017.0",600519.SH,贵州茅台,2024-12-31,2024,年报,贵州茅台2024年报,贵州茅台2024年年度报告.pdf,C:\Users\Administrator\Desktop\financial-poc\data\raw\pdf\贵州茅台2024年年度报告.pdf,,,,385,396,资产负债表,124,124,143,资产负债表
600519_SH_pdf_贵州茅台2024年年度报告_pdf_bf557ae6_chunk_386,pdf,pdf,"备
第一阶段
第二阶段
第三阶段
合计
未来12个月预
期信用损失
整个存续期预期信
用损失(未发生信
用减值)
整个存续期预期信
用损失(已发生信
用减值)
2024年1月1日余
额
8,017.08
157,405.02
165,422.10
2024年1月1日余
额在本期
--转入第二阶段
--转入第三阶段
-37,951.22
37,951.22
--转回第二阶段
--转回第一阶段
本期计提
56,224.30
520,899.49
577,123.79
本期转回
8,017.08
5,433.10
13,450.18
本期转销
本期核销
558,850.71
558,850.71
其他变动
2024年12月31日
余额
170,245.00
170,245.00
对本期发生损失准备变动的其他应收款账面余额显著变动的情况说明:
□适用 √不适用
本期坏账准备计提金额以及评估金融工具的信用风险是否显著增加的采用依据:
□适用 √不适用
(4).坏账准备的情况
√适用 □不适用
单位:元 币种:人民币
类别
期初余额
本期变动金额
期末余额
计提
收回或转
回
转销或核销 其他变动",600519.SH,贵州茅台,2024-12-31,2024,年报,贵州茅台2024年报,贵州茅台2024年年度报告.pdf,C:\Users\Administrator\Desktop\financial-poc\data\raw\pdf\贵州茅台2024年年度报告.pdf,,,,386,396,资产负债表,124,124,143,资产负债表
600519_SH_pdf_贵州茅台2024年年度报告_pdf_bf557ae6_chunk_387,pdf,pdf,"的信用风险是否显著增加的采用依据:
□适用 √不适用
(4).坏账准备的情况
√适用 □不适用
单位:元 币种:人民币
类别
期初余额
本期变动金额
期末余额
计提
收回或转
回
转销或核销 其他变动
按组合计提
坏账准备
165,422.10 577,123.79 13,450.18 558,850.71
170,245.00
合计
165,422.10 577,123.79 13,450.18 558,850.71
170,245.00
其中本期坏账准备转回或收回金额重要的:
□适用 √不适用
(5).本期实际核销的其他应收款情况
√适用 □不适用
单位:元 币种:人民币
项目
核销金额
实际核销的其他应收款
558,850.71
贵州茅台酒股份有限公司2024 年年度报告
140 / 143
其中重要的其他应收款核销情况:
□适用 √不适用
其他应收款核销说明:
□适用 √不适用
(6).按欠款方归集的期末余额前五名的其他应收款情况
√适用 □不适用
单位:元 币种:人民币
单位名称
期末余额
占其他应收款
期末余额合计
数的比例(%)
款项的性
质
账龄
坏账准备
期末余额
中",600519.SH,贵州茅台,2024-12-31,2024,年报,贵州茅台2024年报,贵州茅台2024年年度报告.pdf,C:\Users\Administrator\Desktop\financial-poc\data\raw\pdf\贵州茅台2024年年度报告.pdf,,,,387,396,资产负债表,124,124,143,资产负债表
600519_SH_pdf_贵州茅台2024年年度报告_pdf_bf557ae6_chunk_388,pdf,pdf,"6).按欠款方归集的期末余额前五名的其他应收款情况
√适用 □不适用
单位:元 币种:人民币
单位名称
期末余额
占其他应收款
期末余额合计
数的比例(%)
款项的性
质
账龄
坏账准备
期末余额
中铁二十二局集
团有限公司
2,285,990.16
15.47
往来款项
1 年以内
罗盟
680,314.90
4.60
备用金
1 年以内
焦元全
526,793.99
3.56
备用金
1 年以内
吴兰兰
499,620.00
3.38
备用金
1 至2 年
钟方园
292,901.00
1.98
备用金
1 年以内
合计
4,285,620.05
28.99
/
/
A.中铁二十二局集团有限公司应收款为贵州茅台酒股份有限公司和义兴酒业分公司垫付新寨、大
地生产区水电费。
B.罗盟为公司职员,款项为办理诉讼及市场维权借款。
C.焦元全为公司职员,款项为办理诉讼及市场维权借款。
D.吴兰兰为公司职员,款项为办理公司车辆上户业务借款。
E.钟方园为公司职员,款项为办理诉讼及市场维权借款。
(7).因资金集中管理而列报于其他应收款
□适用 √不适用
3、 长期股权投资
√适用 □不适用
单",600519.SH,贵州茅台,2024-12-31,2024,年报,贵州茅台2024年报,贵州茅台2024年年度报告.pdf,C:\Users\Administrator\Desktop\financial-poc\data\raw\pdf\贵州茅台2024年年度报告.pdf,,,,388,396,资产负债表,124,124,143,资产负债表
600519_SH_pdf_贵州茅台2024年年度报告_pdf_bf557ae6_chunk_389,pdf,pdf,"为公司职员,款项为办理公司车辆上户业务借款。
E.钟方园为公司职员,款项为办理诉讼及市场维权借款。
(7).因资金集中管理而列报于其他应收款
□适用 √不适用
3、 长期股权投资
√适用 □不适用
单位:元 币种:人民币
项目
期末余额
期初余额
账面余额
减值准
备
账面价值
账面余额
减值
准备
账面价值
对子公司投资
1,610,535,587.55
1,610,535,587.55
1,610,535,587.55
1,610,535,587.55
合计
1,610,535,587.55
1,610,535,587.55
1,610,535,587.55
1,610,535,587.55
(1). 对子公司投资
√适用 □不适用
单位:元 币种:人民币
被投资单位
期初余额(账面价
值)
减值准备
期初余额
本期增减变动
期末余额(账面价
值)
减值准备
期末余额
追加
投资
减少
投资
计提减
值准备
其
他
贵州茅台酒进出口有限责任公司
5,600,000.00
5,600,000.00
贵州茅台酒销售有限公司
9,500,000.00
9,500,000.00
贵州茅台集",600519.SH,贵州茅台,2024-12-31,2024,年报,贵州茅台2024年报,贵州茅台2024年年度报告.pdf,C:\Users\Administrator\Desktop\financial-poc\data\raw\pdf\贵州茅台2024年年度报告.pdf,,,,389,396,资产负债表,124,124,143,资产负债表
600519_SH_pdf_贵州茅台2024年年度报告_pdf_bf557ae6_chunk_390,pdf,pdf,"投资
计提减
值准备
其
他
贵州茅台酒进出口有限责任公司
5,600,000.00
5,600,000.00
贵州茅台酒销售有限公司
9,500,000.00
9,500,000.00
贵州茅台集团财务有限公司
1,275,000,000.00
1,275,000,000.00
贵州茅台酱香酒营销有限公司
200,000,000.00
200,000,000.00
北京友谊使者商贸有限公司
22,507,157.75
22,507,157.75
贵州茅台酒股份有限公司2024 年年度报告
141 / 143
贵州茅台酒巴黎贸易有限公司
80,728,429.80
80,728,429.80
贵州赖茅酒业有限公司
17,200,000.00
17,200,000.00
合计
1,610,535,587.55
1,610,535,587.55
4、 营业收入和营业成本
(1). 营业收入和营业成本情况
√适用 □不适用
单位:元 币种:人民币
项目
本期发生额
上期发生额
收入
成本
收入
成本
主营业务
94,221,119,876.28 14,103,100,502.84 80,9",600519.SH,贵州茅台,2024-12-31,2024,年报,贵州茅台2024年报,贵州茅台2024年年度报告.pdf,C:\Users\Administrator\Desktop\financial-poc\data\raw\pdf\贵州茅台2024年年度报告.pdf,,,,390,396,资产负债表,124,124,143,资产负债表
600519_SH_pdf_贵州茅台2024年年度报告_pdf_bf557ae6_chunk_391,pdf,pdf,"营业成本情况
√适用 □不适用
单位:元 币种:人民币
项目
本期发生额
上期发生额
收入
成本
收入
成本
主营业务
94,221,119,876.28 14,103,100,502.84 80,921,734,260.74 11,826,851,903.19
其他业务
305,616,960.13
195,335,742.88
493,836,527.85
245,307,010.86
合计
94,526,736,836.41 14,298,436,245.72 81,415,570,788.59 12,072,158,914.05
注:其他业务主要是酒店业务及茅台冰淇淋业务。
(2). 营业收入、营业成本的分解信息
√适用 □不适用
单位:元 币种:人民币
合同分类
合计
营业收入
营业成本
商品类型
茅台酒
82,501,807,934.18
8,958,539,425.79
系列酒
11,719,311,942.10
5,144,561,077.05
其他业务
305,616,960.13
195,335,742.88
按经营地区分类
国内
89,342,020,526.06",600519.SH,贵州茅台,2024-12-31,2024,年报,贵州茅台2024年报,贵州茅台2024年年度报告.pdf,C:\Users\Administrator\Desktop\financial-poc\data\raw\pdf\贵州茅台2024年年度报告.pdf,,,,391,396,资产负债表,124,124,143,资产负债表
600519_SH_pdf_贵州茅台2024年年度报告_pdf_bf557ae6_chunk_392,pdf,pdf,"酒
11,719,311,942.10
5,144,561,077.05
其他业务
305,616,960.13
195,335,742.88
按经营地区分类
国内
89,342,020,526.06
13,895,165,969.29
国外
5,184,716,310.35
403,270,276.43
按销售渠道分类
批发代理
94,434,006,866.02
14,201,386,296.14
直销
92,729,970.39
97,049,949.58
合计
94,526,736,836.41
14,298,436,245.72
(3). 履约义务的说明
√适用 □不适用
在客户获得合同约定中所属商品的控制权时,公司完成合同履约义务时点确认收入。
(4). 分摊至剩余履约义务的说明
√适用 □不适用
本报告期末已签订合同、但尚未履行或尚未履行完毕的履约义务所对应的收入金额为
2,594,416.19 元,其中:
2,594,416.19 元预计将于2025 年度确认收入
5、 投资收益
√适用 □不适用
单位:元 币种:人民币
项目
本期发生额
上期发生额
成本法核算的长期股",600519.SH,贵州茅台,2024-12-31,2024,年报,贵州茅台2024年报,贵州茅台2024年年度报告.pdf,C:\Users\Administrator\Desktop\financial-poc\data\raw\pdf\贵州茅台2024年年度报告.pdf,,,,392,396,资产负债表,124,124,143,资产负债表
600519_SH_pdf_贵州茅台2024年年度报告_pdf_bf557ae6_chunk_393,pdf,pdf,"594,416.19 元,其中:
2,594,416.19 元预计将于2025 年度确认收入
5、 投资收益
√适用 □不适用
单位:元 币种:人民币
项目
本期发生额
上期发生额
成本法核算的长期股权投资收益
42,023,527,068.33
35,237,204,827.62
权益法核算的长期股权投资收益
贵州茅台酒股份有限公司2024 年年度报告
142 / 143
处置长期股权投资产生的投资收益
123,031,169.16
交易性金融资产在持有期间的投资收益
其他权益工具投资在持有期间取得的股利收入
债权投资在持有期间取得的利息收入
其他债权投资在持有期间取得的利息收入
处置交易性金融资产取得的投资收益
处置其他权益工具投资取得的投资收益
处置债权投资取得的投资收益
处置其他债权投资取得的投资收益
债务重组收益
大额存单在持有期间的利息收入
4,078,666.67
合计
42,023,527,068.33
35,364,314,663.45
十九、 补充资料
1、 当期非经常性损益明细表
√适用 □不适用
单位:元 币种:人民币
项目
金额
说明
非流动性资产处置损益,包",600519.SH,贵州茅台,2024-12-31,2024,年报,贵州茅台2024年报,贵州茅台2024年年度报告.pdf,C:\Users\Administrator\Desktop\financial-poc\data\raw\pdf\贵州茅台2024年年度报告.pdf,,,,393,396,资产负债表,124,124,143,资产负债表
600519_SH_pdf_贵州茅台2024年年度报告_pdf_bf557ae6_chunk_394,pdf,pdf,",023,527,068.33
35,364,314,663.45
十九、 补充资料
1、 当期非经常性损益明细表
√适用 □不适用
单位:元 币种:人民币
项目
金额
说明
非流动性资产处置损益,包括已计提资产减
值准备的冲销部分
-6,898,481.82
计入当期损益的政府补助,但与公司正常经
营业务密切相关、符合国家政策规定、按照
确定的标准享有、对公司损益产生持续影响
的政府补助除外
4,539,419.20
除同公司正常经营业务相关的有效套期保值
业务外,非金融企业持有金融资产和金融负
债产生的公允价值变动损益以及处置金融资
产和金融负债产生的损益
26,539,092.99
除上述各项之外的其他营业外收入和支出
-42,713,924.90
其他符合非经常性损益定义的损益项目
2,395,600.72
减:所得税影响额
-4,034,573.45
少数股东权益影响额(税后)
655,835.44
合计
-12,759,555.80
对公司将《公开发行证券的公司信息披露解释性公告第1 号——非经常性损益》未列举的项目认
定为非经常性损益项目且金额重大的,以及将《公开发行证券",600519.SH,贵州茅台,2024-12-31,2024,年报,贵州茅台2024年报,贵州茅台2024年年度报告.pdf,C:\Users\Administrator\Desktop\financial-poc\data\raw\pdf\贵州茅台2024年年度报告.pdf,,,,394,396,资产负债表,124,124,143,资产负债表
600519_SH_pdf_贵州茅台2024年年度报告_pdf_bf557ae6_chunk_395,pdf,pdf,"655,835.44
合计
-12,759,555.80
对公司将《公开发行证券的公司信息披露解释性公告第1 号——非经常性损益》未列举的项目认
定为非经常性损益项目且金额重大的,以及将《公开发行证券的公司信息披露解释性公告第1 号
——非经常性损益》中列举的非经常性损益项目界定为经常性损益的项目,应说明原因。
□适用 √不适用
2、 净资产收益率及每股收益
√适用 □不适用
报告期利润
加权平均净资产
收益率(%)
每股收益
基本每股收益
稀释每股收益
归属于公司普通股股东的净
利润
36.02
68.64
68.64
扣除非经常性损益后归属于
公司普通股股东的净利润
36.03
68.65
68.65
贵州茅台酒股份有限公司2024 年年度报告
143 / 143
3、 境内外会计准则下会计数据差异
□适用 √不适用
董事长:张德芹
董事会批准报送日期:2025 年4 月1 日
修订信息
□适用 √不适用",600519.SH,贵州茅台,2024-12-31,2024,年报,贵州茅台2024年报,贵州茅台2024年年度报告.pdf,C:\Users\Administrator\Desktop\financial-poc\data\raw\pdf\贵州茅台2024年年度报告.pdf,,,,395,396,资产负债表,124,124,143,资产负债表
